[2026-03-11 16:22:36][PID=6100][TID=6176] get_shm enter: targetPid=33012 create=1
[2026-03-11 16:22:36][PID=6100][TID=6176] names: local=Local\{385FC524-96E3-4839-9909-1F2135D4F928} | global=Global\{385FC524-96E3-4839-9909-1F2135D4F928}
[2026-03-11 16:22:36][PID=6100][TID=6176] OpenFileMapping(local) => handle=00000000 err=2
[2026-03-11 16:22:36][PID=6100][TID=6176] OpenFileMapping(global) => handle=00000000 err=2
[2026-03-11 16:22:36][PID=6100][TID=6176] CreateFileMapping(local) => handle=00000990 err=0
[2026-03-11 16:22:36][PID=6100][TID=6176] MapViewOfFile => ptr=070A0000 err=183
[2026-03-11 16:22:36][PID=6100][TID=6176] get_shm success: shm_pid=33012
[2026-03-11 16:22:36][PID=6100][TID=6176] get_shm enter: targetPid=6100 create=0
[2026-03-11 16:22:36][PID=6100][TID=6176] names: local=Local\{385FC524-96E3-4839-9909-1F2135D4F928} | global=Global\{385FC524-96E3-4839-9909-1F2135D4F928}
[2026-03-11 16:22:36][PID=6100][TID=6176] OpenFileMapping(local) => handle=00000B08 err=183
[2026-03-11 16:22:36][PID=6100][TID=6176] MapViewOfFile => ptr=07200000 err=183
[2026-03-11 16:22:36][PID=6100][TID=6176] get_shm success: shm_pid=6100
[2026-03-11 16:22:36][PID=6100][TID=6176] free_shm enter: ptr=07200000 handle=00000B08 shm_pid=6100
[2026-03-11 16:22:36][PID=6100][TID=6176] UnmapViewOfFile done
[2026-03-11 16:22:36][PID=6100][TID=6176] CloseHandle done
[2026-03-11 16:22:36][PID=6100][TID=6176] free_shm leave
[2026-03-11 16:22:36][PID=33012][TID=34332] get_shm enter: targetPid=33012 create=0
[2026-03-11 16:22:36][PID=33012][TID=34332] names: local=Local\{385FC524-96E3-4839-9909-1F2135D4F928} | global=Global\{385FC524-96E3-4839-9909-1F2135D4F928}
[2026-03-11 16:22:36][PID=33012][TID=34332] OpenFileMapping(local) => handle=000000C8 err=183
[2026-03-11 16:22:36][PID=33012][TID=34332] MapViewOfFile => ptr=015A0000 err=183
[2026-03-11 16:22:36][PID=33012][TID=34332] get_shm success: shm_pid=33012
[2026-03-11 16:22:36][PID=33012][TID=34332] free_shm enter: ptr=015A0000 handle=000000C8 shm_pid=33012
[2026-03-11 16:22:36][PID=33012][TID=34332] UnmapViewOfFile done
[2026-03-11 16:22:36][PID=33012][TID=34332] CloseHandle done
[2026-03-11 16:22:36][PID=33012][TID=34332] free_shm leave
[2026-03-11 16:22:36][PID=6100][TID=6176] free_shm enter: ptr=070A0000 handle=00000990 shm_pid=33012
[2026-03-11 16:22:36][PID=6100][TID=6176] UnmapViewOfFile done
[2026-03-11 16:22:36][PID=6100][TID=6176] CloseHandle done
[2026-03-11 16:22:36][PID=6100][TID=6176] free_shm leave
[2026-03-11 21:18:17][PID=30208][TID=14760] get_shm enter: targetPid=15940 create=1
[2026-03-11 21:18:18][PID=30208][TID=14760] names: local=Local\{385FC524-96E3-4839-9909-1F2135D4F928} | global=Global\{385FC524-96E3-4839-9909-1F2135D4F928}
[2026-03-11 21:18:18][PID=30208][TID=14760] OpenFileMapping(local) => handle=00000000 err=2
[2026-03-11 21:18:18][PID=30208][TID=14760] OpenFileMapping(global) => handle=00000000 err=2
[2026-03-11 21:18:18][PID=30208][TID=14760] CreateFileMapping(local) => handle=00000AEC err=0
[2026-03-11 21:18:18][PID=30208][TID=14760] MapViewOfFile => ptr=100F0000 err=183
[2026-03-11 21:18:18][PID=30208][TID=14760] get_shm success: shm_pid=15940
[2026-03-11 21:18:18][PID=30208][TID=14760] get_shm enter: targetPid=30208 create=0
[2026-03-11 21:18:18][PID=30208][TID=14760] names: local=Local\{385FC524-96E3-4839-9909-1F2135D4F928} | global=Global\{385FC524-96E3-4839-9909-1F2135D4F928}
[2026-03-11 21:18:18][PID=30208][TID=14760] OpenFileMapping(local) => handle=00000B00 err=183
[2026-03-11 21:18:18][PID=30208][TID=14760] MapViewOfFile => ptr=10300000 err=183
[2026-03-11 21:18:18][PID=30208][TID=14760] get_shm success: shm_pid=30208
[2026-03-11 21:18:18][PID=30208][TID=14760] free_shm enter: ptr=10300000 handle=00000B00 shm_pid=30208
[2026-03-11 21:18:18][PID=30208][TID=14760] UnmapViewOfFile done
[2026-03-11 21:18:18][PID=30208][TID=14760] CloseHandle done
[2026-03-11 21:18:18][PID=30208][TID=14760] free_shm leave
[2026-03-11 21:18:18][PID=15940][TID=30948] get_shm enter: targetPid=15940 create=0
[2026-03-11 21:18:18][PID=15940][TID=30948] names: local=Local\{385FC524-96E3-4839-9909-1F2135D4F928} | global=Global\{385FC524-96E3-4839-9909-1F2135D4F928}
[2026-03-11 21:18:18][PID=15940][TID=30948] OpenFileMapping(local) => handle=00000338 err=183
[2026-03-11 21:18:18][PID=15940][TID=30948] MapViewOfFile => ptr=03370000 err=183
[2026-03-11 21:18:18][PID=15940][TID=30948] get_shm success: shm_pid=15940
[2026-03-11 21:18:18][PID=15940][TID=30948] free_shm enter: ptr=03370000 handle=00000338 shm_pid=15940
[2026-03-11 21:18:18][PID=15940][TID=30948] UnmapViewOfFile done
[2026-03-11 21:18:18][PID=15940][TID=30948] CloseHandle done
[2026-03-11 21:18:18][PID=15940][TID=30948] free_shm leave
[2026-03-11 21:18:18][PID=30208][TID=14760] free_shm enter: ptr=100F0000 handle=00000AEC shm_pid=15940
[2026-03-11 21:18:18][PID=30208][TID=14760] UnmapViewOfFile done
[2026-03-11 21:18:18][PID=30208][TID=14760] CloseHandle done
[2026-03-11 21:18:18][PID=30208][TID=14760] free_shm leave
[2026-03-11 21:19:23][PID=27940][TID=27208] get_shm enter: targetPid=2812 create=1
[2026-03-11 21:19:23][PID=27940][TID=27208] names: local=Local\{385FC524-96E3-4839-9909-1F2135D4F928} | global=Global\{385FC524-96E3-4839-9909-1F2135D4F928}
[2026-03-11 21:19:23][PID=27940][TID=27208] OpenFileMapping(local) => handle=00000000 err=2
[2026-03-11 21:19:23][PID=27940][TID=27208] OpenFileMapping(global) => handle=00000000 err=2
[2026-03-11 21:19:23][PID=27940][TID=27208] CreateFileMapping(local) => handle=00000B14 err=0
[2026-03-11 21:19:23][PID=27940][TID=27208] MapViewOfFile => ptr=05980000 err=183
[2026-03-11 21:19:23][PID=27940][TID=27208] get_shm success: shm_pid=2812
[2026-03-11 21:19:23][PID=27940][TID=27208] get_shm enter: targetPid=27940 create=0
[2026-03-11 21:19:23][PID=27940][TID=27208] names: local=Local\{385FC524-96E3-4839-9909-1F2135D4F928} | global=Global\{385FC524-96E3-4839-9909-1F2135D4F928}
[2026-03-11 21:19:23][PID=27940][TID=27208] OpenFileMapping(local) => handle=00000AFC err=183
[2026-03-11 21:19:23][PID=27940][TID=27208] MapViewOfFile => ptr=05AE0000 err=183
[2026-03-11 21:19:23][PID=27940][TID=27208] get_shm success: shm_pid=27940
[2026-03-11 21:19:24][PID=27940][TID=27208] free_shm enter: ptr=05AE0000 handle=00000AFC shm_pid=27940
[2026-03-11 21:19:24][PID=27940][TID=27208] UnmapViewOfFile done
[2026-03-11 21:19:24][PID=27940][TID=27208] CloseHandle done
[2026-03-11 21:19:24][PID=27940][TID=27208] free_shm leave
[2026-03-11 21:19:24][PID=2812][TID=23072] get_shm enter: targetPid=2812 create=0
[2026-03-11 21:19:24][PID=2812][TID=23072] names: local=Local\{385FC524-96E3-4839-9909-1F2135D4F928} | global=Global\{385FC524-96E3-4839-9909-1F2135D4F928}
[2026-03-11 21:19:24][PID=2812][TID=23072] OpenFileMapping(local) => handle=00000318 err=183
[2026-03-11 21:19:24][PID=2812][TID=23072] MapViewOfFile => ptr=03370000 err=183
[2026-03-11 21:19:24][PID=2812][TID=23072] get_shm success: shm_pid=2812
[2026-03-11 21:19:24][PID=2812][TID=23072] free_shm enter: ptr=03370000 handle=00000318 shm_pid=2812
[2026-03-11 21:19:24][PID=2812][TID=23072] UnmapViewOfFile done
[2026-03-11 21:19:24][PID=2812][TID=23072] CloseHandle done
[2026-03-11 21:19:24][PID=2812][TID=23072] free_shm leave
[2026-03-11 21:19:24][PID=27940][TID=27208] free_shm enter: ptr=05980000 handle=00000B14 shm_pid=2812
[2026-03-11 21:19:24][PID=27940][TID=27208] UnmapViewOfFile done
[2026-03-11 21:19:24][PID=27940][TID=27208] CloseHandle done
[2026-03-11 21:19:24][PID=27940][TID=27208] free_shm leave
[2026-03-11 21:30:41][PID=26336][TID=29116] get_shm enter: targetPid=8892 create=1
[2026-03-11 21:30:41][PID=26336][TID=29116] names: local=Local\{385FC524-96E3-4839-9909-1F2135D4F928} | global=Global\{385FC524-96E3-4839-9909-1F2135D4F928}
[2026-03-11 21:30:41][PID=26336][TID=29116] OpenFileMapping(local) => handle=00000000 err=2
[2026-03-11 21:30:41][PID=26336][TID=29116] OpenFileMapping(global) => handle=00000000 err=2
[2026-03-11 21:30:41][PID=26336][TID=29116] CreateFileMapping(local) => handle=00000B5C err=0
[2026-03-11 21:30:41][PID=26336][TID=29116] MapViewOfFile => ptr=06160000 err=183
[2026-03-11 21:30:41][PID=26336][TID=29116] get_shm success: shm_pid=8892
[2026-03-11 21:30:41][PID=26336][TID=29116] get_shm enter: targetPid=26336 create=0
[2026-03-11 21:30:41][PID=26336][TID=29116] names: local=Local\{385FC524-96E3-4839-9909-1F2135D4F928} | global=Global\{385FC524-96E3-4839-9909-1F2135D4F928}
[2026-03-11 21:30:41][PID=26336][TID=29116] OpenFileMapping(local) => handle=00000B60 err=183
[2026-03-11 21:30:41][PID=26336][TID=29116] MapViewOfFile => ptr=062C0000 err=183
[2026-03-11 21:30:41][PID=26336][TID=29116] get_shm success: shm_pid=26336
[2026-03-11 21:30:41][PID=26336][TID=29116] free_shm enter: ptr=062C0000 handle=00000B60 shm_pid=26336
[2026-03-11 21:30:41][PID=26336][TID=29116] UnmapViewOfFile done
[2026-03-11 21:30:41][PID=26336][TID=29116] CloseHandle done
[2026-03-11 21:30:41][PID=26336][TID=29116] free_shm leave
[2026-03-11 21:30:41][PID=8892][TID=28848] get_shm enter: targetPid=8892 create=0
[2026-03-11 21:30:41][PID=8892][TID=28848] names: local=Local\{385FC524-96E3-4839-9909-1F2135D4F928} | global=Global\{385FC524-96E3-4839-9909-1F2135D4F928}
[2026-03-11 21:30:41][PID=8892][TID=28848] OpenFileMapping(local) => handle=000000F8 err=183
[2026-03-11 21:30:41][PID=8892][TID=28848] MapViewOfFile => ptr=03370000 err=183
[2026-03-11 21:30:41][PID=8892][TID=28848] get_shm success: shm_pid=8892
[2026-03-11 21:30:41][PID=8892][TID=28848] free_shm enter: ptr=03370000 handle=000000F8 shm_pid=8892
[2026-03-11 21:30:41][PID=8892][TID=28848] UnmapViewOfFile done
[2026-03-11 21:30:41][PID=8892][TID=28848] CloseHandle done
[2026-03-11 21:30:41][PID=8892][TID=28848] free_shm leave
[2026-03-11 21:30:41][PID=26336][TID=29116] free_shm enter: ptr=06160000 handle=00000B5C shm_pid=8892
[2026-03-11 21:30:41][PID=26336][TID=29116] UnmapViewOfFile done
[2026-03-11 21:30:41][PID=26336][TID=29116] CloseHandle done
[2026-03-11 21:30:41][PID=26336][TID=29116] free_shm leave
[2026-03-11 21:33:18][PID=29976][TID=29704] get_shm enter: targetPid=22344 create=1
[2026-03-11 21:33:18][PID=29976][TID=29704] names: local=Local\{385FC524-96E3-4839-9909-1F2135D4F928} | global=Global\{385FC524-96E3-4839-9909-1F2135D4F928}
[2026-03-11 21:33:18][PID=29976][TID=29704] OpenFileMapping(local) => handle=00000000 err=2
[2026-03-11 21:33:18][PID=29976][TID=29704] OpenFileMapping(global) => handle=00000000 err=2
[2026-03-11 21:33:18][PID=29976][TID=29704] CreateFileMapping(local) => handle=00000B80 err=0
[2026-03-11 21:33:18][PID=29976][TID=29704] MapViewOfFile => ptr=10440000 err=183
[2026-03-11 21:33:18][PID=29976][TID=29704] get_shm success: shm_pid=22344
[2026-03-11 21:33:18][PID=29976][TID=29704] get_shm enter: targetPid=29976 create=0
[2026-03-11 21:33:18][PID=29976][TID=29704] names: local=Local\{385FC524-96E3-4839-9909-1F2135D4F928} | global=Global\{385FC524-96E3-4839-9909-1F2135D4F928}
[2026-03-11 21:33:18][PID=29976][TID=29704] OpenFileMapping(local) => handle=00000AFC err=183
[2026-03-11 21:33:18][PID=29976][TID=29704] MapViewOfFile => ptr=10850000 err=183
[2026-03-11 21:33:18][PID=29976][TID=29704] get_shm success: shm_pid=29976
[2026-03-11 21:33:18][PID=29976][TID=29704] free_shm enter: ptr=10850000 handle=00000AFC shm_pid=29976
[2026-03-11 21:33:18][PID=29976][TID=29704] UnmapViewOfFile done
[2026-03-11 21:33:18][PID=29976][TID=29704] CloseHandle done
[2026-03-11 21:33:18][PID=29976][TID=29704] free_shm leave
[2026-03-11 21:33:18][PID=22344][TID=31608] get_shm enter: targetPid=22344 create=0
[2026-03-11 21:33:18][PID=22344][TID=31608] names: local=Local\{385FC524-96E3-4839-9909-1F2135D4F928} | global=Global\{385FC524-96E3-4839-9909-1F2135D4F928}
[2026-03-11 21:33:18][PID=22344][TID=31608] OpenFileMapping(local) => handle=000000E0 err=183
[2026-03-11 21:33:18][PID=22344][TID=31608] MapViewOfFile => ptr=01560000 err=183
[2026-03-11 21:33:18][PID=22344][TID=31608] get_shm success: shm_pid=22344
[2026-03-11 21:33:18][PID=22344][TID=31608] free_shm enter: ptr=01560000 handle=000000E0 shm_pid=22344
[2026-03-11 21:33:18][PID=22344][TID=31608] UnmapViewOfFile done
[2026-03-11 21:33:18][PID=22344][TID=31608] CloseHandle done
[2026-03-11 21:33:18][PID=22344][TID=31608] free_shm leave
[2026-03-11 21:33:18][PID=29976][TID=29704] free_shm enter: ptr=10440000 handle=00000B80 shm_pid=22344
[2026-03-11 21:33:18][PID=29976][TID=29704] UnmapViewOfFile done
[2026-03-11 21:33:18][PID=29976][TID=29704] CloseHandle done
[2026-03-11 21:33:18][PID=29976][TID=29704] free_shm leave
[2026-03-11 21:35:48][PID=30692][TID=30520] get_shm enter: targetPid=27592 create=1
[2026-03-11 21:35:48][PID=30692][TID=30520] names: local=Local\{385FC524-96E3-4839-9909-1F2135D4F928} | global=Global\{385FC524-96E3-4839-9909-1F2135D4F928}
[2026-03-11 21:35:48][PID=30692][TID=30520] OpenFileMapping(local) => handle=00000000 err=2
[2026-03-11 21:35:48][PID=30692][TID=30520] OpenFileMapping(global) => handle=00000000 err=2
[2026-03-11 21:35:48][PID=30692][TID=30520] CreateFileMapping(local) => handle=00000B54 err=0
[2026-03-11 21:35:48][PID=30692][TID=30520] MapViewOfFile => ptr=10960000 err=183
[2026-03-11 21:35:48][PID=30692][TID=30520] get_shm success: shm_pid=27592
[2026-03-11 21:35:48][PID=30692][TID=30520] get_shm enter: targetPid=30692 create=0
[2026-03-11 21:35:48][PID=30692][TID=30520] names: local=Local\{385FC524-96E3-4839-9909-1F2135D4F928} | global=Global\{385FC524-96E3-4839-9909-1F2135D4F928}
[2026-03-11 21:35:48][PID=30692][TID=30520] OpenFileMapping(local) => handle=00000904 err=183
[2026-03-11 21:35:48][PID=30692][TID=30520] MapViewOfFile => ptr=109F0000 err=183
[2026-03-11 21:35:48][PID=30692][TID=30520] get_shm success: shm_pid=30692
[2026-03-11 21:35:48][PID=30692][TID=30520] free_shm enter: ptr=109F0000 handle=00000904 shm_pid=30692
[2026-03-11 21:35:48][PID=30692][TID=30520] UnmapViewOfFile done
[2026-03-11 21:35:48][PID=30692][TID=30520] CloseHandle done
[2026-03-11 21:35:48][PID=30692][TID=30520] free_shm leave
[2026-03-11 21:35:48][PID=27592][TID=28404] get_shm enter: targetPid=27592 create=0
[2026-03-11 21:35:48][PID=27592][TID=28404] names: local=Local\{385FC524-96E3-4839-9909-1F2135D4F928} | global=Global\{385FC524-96E3-4839-9909-1F2135D4F928}
[2026-03-11 21:35:48][PID=27592][TID=28404] OpenFileMapping(local) => handle=00000338 err=183
[2026-03-11 21:35:48][PID=27592][TID=28404] MapViewOfFile => ptr=01560000 err=183
[2026-03-11 21:35:48][PID=27592][TID=28404] get_shm success: shm_pid=27592
[2026-03-11 21:35:48][PID=27592][TID=28404] free_shm enter: ptr=01560000 handle=00000338 shm_pid=27592
[2026-03-11 21:35:48][PID=27592][TID=28404] UnmapViewOfFile done
[2026-03-11 21:35:48][PID=27592][TID=28404] CloseHandle done
[2026-03-11 21:35:48][PID=27592][TID=28404] free_shm leave
[2026-03-11 21:35:48][PID=30692][TID=30520] free_shm enter: ptr=10960000 handle=00000B54 shm_pid=27592
[2026-03-11 21:35:48][PID=30692][TID=30520] UnmapViewOfFile done
[2026-03-11 21:35:48][PID=30692][TID=30520] CloseHandle done
[2026-03-11 21:35:48][PID=30692][TID=30520] free_shm leave
[2026-03-11 21:36:27][PID=28856][TID=23456] get_shm enter: targetPid=3528 create=1
[2026-03-11 21:36:27][PID=28856][TID=23456] names: local=Local\{385FC524-96E3-4839-9909-1F2135D4F928} | global=Global\{385FC524-96E3-4839-9909-1F2135D4F928}
[2026-03-11 21:36:27][PID=28856][TID=23456] OpenFileMapping(local) => handle=00000000 err=2
[2026-03-11 21:36:27][PID=28856][TID=23456] OpenFileMapping(global) => handle=00000000 err=2
[2026-03-11 21:36:27][PID=28856][TID=23456] CreateFileMapping(local) => handle=00000B44 err=0
[2026-03-11 21:36:27][PID=28856][TID=23456] MapViewOfFile => ptr=10AF0000 err=183
[2026-03-11 21:36:27][PID=28856][TID=23456] get_shm success: shm_pid=3528
[2026-03-11 21:36:27][PID=28856][TID=23456] get_shm enter: targetPid=28856 create=0
[2026-03-11 21:36:27][PID=28856][TID=23456] names: local=Local\{385FC524-96E3-4839-9909-1F2135D4F928} | global=Global\{385FC524-96E3-4839-9909-1F2135D4F928}
[2026-03-11 21:36:27][PID=28856][TID=23456] OpenFileMapping(local) => handle=00000B54 err=183
[2026-03-11 21:36:27][PID=28856][TID=23456] MapViewOfFile => ptr=10B20000 err=183
[2026-03-11 21:36:27][PID=28856][TID=23456] get_shm success: shm_pid=28856
[2026-03-11 21:36:27][PID=28856][TID=23456] free_shm enter: ptr=10B20000 handle=00000B54 shm_pid=28856
[2026-03-11 21:36:27][PID=28856][TID=23456] UnmapViewOfFile done
[2026-03-11 21:36:27][PID=28856][TID=23456] CloseHandle done
[2026-03-11 21:36:27][PID=28856][TID=23456] free_shm leave
[2026-03-11 21:36:27][PID=3528][TID=22872] get_shm enter: targetPid=3528 create=0
[2026-03-11 21:36:27][PID=3528][TID=22872] names: local=Local\{385FC524-96E3-4839-9909-1F2135D4F928} | global=Global\{385FC524-96E3-4839-9909-1F2135D4F928}
[2026-03-11 21:36:27][PID=3528][TID=22872] OpenFileMapping(local) => handle=000002F4 err=183
[2026-03-11 21:36:27][PID=3528][TID=22872] MapViewOfFile => ptr=03220000 err=183
[2026-03-11 21:36:27][PID=3528][TID=22872] get_shm success: shm_pid=3528
[2026-03-11 21:36:27][PID=3528][TID=22872] free_shm enter: ptr=03220000 handle=000002F4 shm_pid=3528
[2026-03-11 21:36:27][PID=3528][TID=22872] UnmapViewOfFile done
[2026-03-11 21:36:27][PID=3528][TID=22872] CloseHandle done
[2026-03-11 21:36:27][PID=3528][TID=22872] free_shm leave
[2026-03-11 21:36:28][PID=28856][TID=23456] free_shm enter: ptr=10AF0000 handle=00000B44 shm_pid=3528
[2026-03-11 21:36:28][PID=28856][TID=23456] UnmapViewOfFile done
[2026-03-11 21:36:28][PID=28856][TID=23456] CloseHandle done
[2026-03-11 21:36:28][PID=28856][TID=23456] free_shm leave
[2026-03-11 21:37:59][PID=31056][TID=23128] get_shm enter: targetPid=28368 create=1
[2026-03-11 21:37:59][PID=31056][TID=23128] names: local=Local\{385FC524-96E3-4839-9909-1F2135D4F928} | global=Global\{385FC524-96E3-4839-9909-1F2135D4F928}
[2026-03-11 21:37:59][PID=31056][TID=23128] OpenFileMapping(local) => handle=00000000 err=2
[2026-03-11 21:37:59][PID=31056][TID=23128] OpenFileMapping(global) => handle=00000000 err=2
[2026-03-11 21:37:59][PID=31056][TID=23128] CreateFileMapping(local) => handle=000006BC err=0
[2026-03-11 21:37:59][PID=31056][TID=23128] MapViewOfFile => ptr=109B0000 err=183
[2026-03-11 21:37:59][PID=31056][TID=23128] get_shm success: shm_pid=28368
[2026-03-11 21:37:59][PID=31056][TID=23128] get_shm enter: targetPid=31056 create=0
[2026-03-11 21:37:59][PID=31056][TID=23128] names: local=Local\{385FC524-96E3-4839-9909-1F2135D4F928} | global=Global\{385FC524-96E3-4839-9909-1F2135D4F928}
[2026-03-11 21:37:59][PID=31056][TID=23128] OpenFileMapping(local) => handle=00000B3C err=183
[2026-03-11 21:37:59][PID=31056][TID=23128] MapViewOfFile => ptr=10A40000 err=183
[2026-03-11 21:37:59][PID=31056][TID=23128] get_shm success: shm_pid=31056
[2026-03-11 21:37:59][PID=31056][TID=23128] free_shm enter: ptr=10A40000 handle=00000B3C shm_pid=31056
[2026-03-11 21:37:59][PID=31056][TID=23128] UnmapViewOfFile done
[2026-03-11 21:37:59][PID=31056][TID=23128] CloseHandle done
[2026-03-11 21:37:59][PID=31056][TID=23128] free_shm leave
[2026-03-11 21:37:59][PID=28368][TID=29204] get_shm enter: targetPid=28368 create=0
[2026-03-11 21:37:59][PID=28368][TID=29204] names: local=Local\{385FC524-96E3-4839-9909-1F2135D4F928} | global=Global\{385FC524-96E3-4839-9909-1F2135D4F928}
[2026-03-11 21:37:59][PID=28368][TID=29204] OpenFileMapping(local) => handle=00000304 err=183
[2026-03-11 21:37:59][PID=28368][TID=29204] MapViewOfFile => ptr=01330000 err=183
[2026-03-11 21:37:59][PID=28368][TID=29204] get_shm success: shm_pid=28368
[2026-03-11 21:37:59][PID=28368][TID=29204] free_shm enter: ptr=01330000 handle=00000304 shm_pid=28368
[2026-03-11 21:37:59][PID=28368][TID=29204] UnmapViewOfFile done
[2026-03-11 21:37:59][PID=28368][TID=29204] CloseHandle done
[2026-03-11 21:37:59][PID=28368][TID=29204] free_shm leave
[2026-03-11 21:37:59][PID=31056][TID=23128] free_shm enter: ptr=109B0000 handle=000006BC shm_pid=28368
[2026-03-11 21:37:59][PID=31056][TID=23128] UnmapViewOfFile done
[2026-03-11 21:37:59][PID=31056][TID=23128] CloseHandle done
[2026-03-11 21:37:59][PID=31056][TID=23128] free_shm leave
[2026-03-11 21:43:44][PID=11596][TID=27240] get_shm enter: targetPid=16248 create=1
[2026-03-11 21:43:44][PID=11596][TID=27240] names: local=Local\{385FC524-96E3-4839-9909-1F2135D4F928} | global=Global\{385FC524-96E3-4839-9909-1F2135D4F928}
[2026-03-11 21:43:44][PID=11596][TID=27240] OpenFileMapping(local) => handle=00000000 err=2
[2026-03-11 21:43:44][PID=11596][TID=27240] OpenFileMapping(global) => handle=00000000 err=2
[2026-03-11 21:43:44][PID=11596][TID=27240] CreateFileMapping(local) => handle=00000B14 err=0
[2026-03-11 21:43:44][PID=11596][TID=27240] MapViewOfFile => ptr=10EE0000 err=183
[2026-03-11 21:43:44][PID=11596][TID=27240] get_shm success: shm_pid=16248
[2026-03-11 21:43:44][PID=11596][TID=27240] get_shm enter: targetPid=11596 create=0
[2026-03-11 21:43:44][PID=11596][TID=27240] names: local=Local\{385FC524-96E3-4839-9909-1F2135D4F928} | global=Global\{385FC524-96E3-4839-9909-1F2135D4F928}
[2026-03-11 21:43:44][PID=11596][TID=27240] OpenFileMapping(local) => handle=00000B70 err=183
[2026-03-11 21:43:44][PID=11596][TID=27240] MapViewOfFile => ptr=10F10000 err=183
[2026-03-11 21:43:44][PID=11596][TID=27240] get_shm success: shm_pid=11596
[2026-03-11 21:43:44][PID=11596][TID=27240] free_shm enter: ptr=10F10000 handle=00000B70 shm_pid=11596
[2026-03-11 21:43:44][PID=11596][TID=27240] UnmapViewOfFile done
[2026-03-11 21:43:44][PID=11596][TID=27240] CloseHandle done
[2026-03-11 21:43:44][PID=11596][TID=27240] free_shm leave
[2026-03-11 21:43:44][PID=16248][TID=16328] get_shm enter: targetPid=16248 create=0
[2026-03-11 21:43:44][PID=16248][TID=16328] names: local=Local\{385FC524-96E3-4839-9909-1F2135D4F928} | global=Global\{385FC524-96E3-4839-9909-1F2135D4F928}
[2026-03-11 21:43:44][PID=16248][TID=16328] OpenFileMapping(local) => handle=000002F4 err=183
[2026-03-11 21:43:44][PID=16248][TID=16328] MapViewOfFile => ptr=03160000 err=183
[2026-03-11 21:43:44][PID=16248][TID=16328] get_shm success: shm_pid=16248
[2026-03-11 21:43:44][PID=16248][TID=16328] free_shm enter: ptr=03160000 handle=000002F4 shm_pid=16248
[2026-03-11 21:43:44][PID=16248][TID=16328] UnmapViewOfFile done
[2026-03-11 21:43:44][PID=16248][TID=16328] CloseHandle done
[2026-03-11 21:43:44][PID=16248][TID=16328] free_shm leave
[2026-03-11 21:43:44][PID=11596][TID=27240] free_shm enter: ptr=10EE0000 handle=00000B14 shm_pid=16248
[2026-03-11 21:43:44][PID=11596][TID=27240] UnmapViewOfFile done
[2026-03-11 21:43:44][PID=11596][TID=27240] CloseHandle done
[2026-03-11 21:43:44][PID=11596][TID=27240] free_shm leave
[2026-03-11 21:48:32][PID=16620][TID=30536] get_shm enter: targetPid=25536 create=1
[2026-03-11 21:48:32][PID=16620][TID=30536] names: local=Local\{385FC524-96E3-4839-9909-1F2135D4F928} | global=Global\{385FC524-96E3-4839-9909-1F2135D4F928}
[2026-03-11 21:48:32][PID=16620][TID=30536] OpenFileMapping(local) => handle=00000000 err=2
[2026-03-11 21:48:32][PID=16620][TID=30536] OpenFileMapping(global) => handle=00000000 err=2
[2026-03-11 21:48:32][PID=16620][TID=30536] CreateFileMapping(local) => handle=00000B54 err=0
[2026-03-11 21:48:32][PID=16620][TID=30536] MapViewOfFile => ptr=0FFA0000 err=183
[2026-03-11 21:48:32][PID=16620][TID=30536] get_shm success: shm_pid=25536
[2026-03-11 21:48:32][PID=16620][TID=30536] get_shm enter: targetPid=16620 create=0
[2026-03-11 21:48:32][PID=16620][TID=30536] names: local=Local\{385FC524-96E3-4839-9909-1F2135D4F928} | global=Global\{385FC524-96E3-4839-9909-1F2135D4F928}
[2026-03-11 21:48:32][PID=16620][TID=30536] OpenFileMapping(local) => handle=00000B58 err=183
[2026-03-11 21:48:32][PID=16620][TID=30536] MapViewOfFile => ptr=10030000 err=183
[2026-03-11 21:48:32][PID=16620][TID=30536] get_shm success: shm_pid=16620
[2026-03-11 21:48:32][PID=16620][TID=30536] free_shm enter: ptr=10030000 handle=00000B58 shm_pid=16620
[2026-03-11 21:48:32][PID=16620][TID=30536] UnmapViewOfFile done
[2026-03-11 21:48:32][PID=16620][TID=30536] CloseHandle done
[2026-03-11 21:48:32][PID=16620][TID=30536] free_shm leave
[2026-03-11 21:48:32][PID=25536][TID=27692] get_shm enter: targetPid=25536 create=0
[2026-03-11 21:48:32][PID=25536][TID=27692] names: local=Local\{385FC524-96E3-4839-9909-1F2135D4F928} | global=Global\{385FC524-96E3-4839-9909-1F2135D4F928}
[2026-03-11 21:48:32][PID=25536][TID=27692] OpenFileMapping(local) => handle=000000F8 err=183
[2026-03-11 21:48:32][PID=25536][TID=27692] MapViewOfFile => ptr=016A0000 err=183
[2026-03-11 21:48:32][PID=25536][TID=27692] get_shm success: shm_pid=25536
[2026-03-11 21:48:32][PID=25536][TID=27692] free_shm enter: ptr=016A0000 handle=000000F8 shm_pid=25536
[2026-03-11 21:48:32][PID=25536][TID=27692] UnmapViewOfFile done
[2026-03-11 21:48:32][PID=25536][TID=27692] CloseHandle done
[2026-03-11 21:48:32][PID=25536][TID=27692] free_shm leave
[2026-03-11 21:48:32][PID=16620][TID=30536] free_shm enter: ptr=0FFA0000 handle=00000B54 shm_pid=25536
[2026-03-11 21:48:32][PID=16620][TID=30536] UnmapViewOfFile done
[2026-03-11 21:48:32][PID=16620][TID=30536] CloseHandle done
[2026-03-11 21:48:32][PID=16620][TID=30536] free_shm leave
[2026-03-11 21:50:11][PID=17400][TID=6140] get_shm enter: targetPid=31692 create=1
[2026-03-11 21:50:11][PID=17400][TID=6140] names: local=Local\{385FC524-96E3-4839-9909-1F2135D4F928} | global=Global\{385FC524-96E3-4839-9909-1F2135D4F928}
[2026-03-11 21:50:11][PID=17400][TID=6140] OpenFileMapping(local) => handle=00000000 err=2
[2026-03-11 21:50:11][PID=17400][TID=6140] OpenFileMapping(global) => handle=00000000 err=2
[2026-03-11 21:50:11][PID=17400][TID=6140] CreateFileMapping(local) => handle=00000B58 err=0
[2026-03-11 21:50:11][PID=17400][TID=6140] MapViewOfFile => ptr=05DD0000 err=183
[2026-03-11 21:50:11][PID=17400][TID=6140] get_shm success: shm_pid=31692
[2026-03-11 21:50:11][PID=17400][TID=6140] get_shm enter: targetPid=17400 create=0
[2026-03-11 21:50:11][PID=17400][TID=6140] names: local=Local\{385FC524-96E3-4839-9909-1F2135D4F928} | global=Global\{385FC524-96E3-4839-9909-1F2135D4F928}
[2026-03-11 21:50:11][PID=17400][TID=6140] OpenFileMapping(local) => handle=00000B34 err=183
[2026-03-11 21:50:11][PID=17400][TID=6140] MapViewOfFile => ptr=06120000 err=183
[2026-03-11 21:50:11][PID=17400][TID=6140] get_shm success: shm_pid=17400
[2026-03-11 21:50:11][PID=17400][TID=6140] free_shm enter: ptr=06120000 handle=00000B34 shm_pid=17400
[2026-03-11 21:50:11][PID=17400][TID=6140] UnmapViewOfFile done
[2026-03-11 21:50:11][PID=17400][TID=6140] CloseHandle done
[2026-03-11 21:50:11][PID=17400][TID=6140] free_shm leave
[2026-03-11 21:50:11][PID=31692][TID=22148] get_shm enter: targetPid=31692 create=0
[2026-03-11 21:50:11][PID=31692][TID=22148] names: local=Local\{385FC524-96E3-4839-9909-1F2135D4F928} | global=Global\{385FC524-96E3-4839-9909-1F2135D4F928}
[2026-03-11 21:50:11][PID=31692][TID=22148] OpenFileMapping(local) => handle=00000300 err=183
[2026-03-11 21:50:11][PID=31692][TID=22148] MapViewOfFile => ptr=015E0000 err=183
[2026-03-11 21:50:11][PID=31692][TID=22148] get_shm success: shm_pid=31692
[2026-03-11 21:50:11][PID=31692][TID=22148] free_shm enter: ptr=015E0000 handle=00000300 shm_pid=31692
[2026-03-11 21:50:11][PID=31692][TID=22148] UnmapViewOfFile done
[2026-03-11 21:50:11][PID=31692][TID=22148] CloseHandle done
[2026-03-11 21:50:11][PID=31692][TID=22148] free_shm leave
[2026-03-11 21:50:11][PID=17400][TID=6140] free_shm enter: ptr=05DD0000 handle=00000B58 shm_pid=31692
[2026-03-11 21:50:11][PID=17400][TID=6140] UnmapViewOfFile done
[2026-03-11 21:50:11][PID=17400][TID=6140] CloseHandle done
[2026-03-11 21:50:11][PID=17400][TID=6140] free_shm leave
[2026-03-11 22:14:57][PID=30676][TID=31436] get_shm enter: targetPid=29020 create=1
[2026-03-11 22:14:57][PID=30676][TID=31436] names: local=Local\{385FC524-96E3-4839-9909-1F2135D4F928} | global=Global\{385FC524-96E3-4839-9909-1F2135D4F928}
[2026-03-11 22:14:57][PID=30676][TID=31436] OpenFileMapping(local) => handle=00000000 err=2
[2026-03-11 22:14:57][PID=30676][TID=31436] OpenFileMapping(global) => handle=00000000 err=2
[2026-03-11 22:14:57][PID=30676][TID=31436] CreateFileMapping(local) => handle=000009E4 err=0
[2026-03-11 22:14:57][PID=30676][TID=31436] MapViewOfFile => ptr=05040000 err=183
[2026-03-11 22:14:57][PID=30676][TID=31436] get_shm success: shm_pid=29020
[2026-03-11 22:14:57][PID=30676][TID=31436] get_shm enter: targetPid=30676 create=0
[2026-03-11 22:14:57][PID=30676][TID=31436] names: local=Local\{385FC524-96E3-4839-9909-1F2135D4F928} | global=Global\{385FC524-96E3-4839-9909-1F2135D4F928}
[2026-03-11 22:14:57][PID=30676][TID=31436] OpenFileMapping(local) => handle=00000B38 err=183
[2026-03-11 22:14:57][PID=30676][TID=31436] MapViewOfFile => ptr=05070000 err=183
[2026-03-11 22:14:57][PID=30676][TID=31436] get_shm success: shm_pid=30676
[2026-03-11 22:14:57][PID=30676][TID=31436] free_shm enter: ptr=05070000 handle=00000B38 shm_pid=30676
[2026-03-11 22:14:57][PID=30676][TID=31436] UnmapViewOfFile done
[2026-03-11 22:14:57][PID=30676][TID=31436] CloseHandle done
[2026-03-11 22:14:57][PID=30676][TID=31436] free_shm leave
[2026-03-11 22:14:57][PID=29020][TID=30884] get_shm enter: targetPid=29020 create=0
[2026-03-11 22:14:57][PID=29020][TID=30884] names: local=Local\{385FC524-96E3-4839-9909-1F2135D4F928} | global=Global\{385FC524-96E3-4839-9909-1F2135D4F928}
[2026-03-11 22:14:57][PID=29020][TID=30884] OpenFileMapping(local) => handle=00000310 err=183
[2026-03-11 22:14:57][PID=29020][TID=30884] MapViewOfFile => ptr=01510000 err=183
[2026-03-11 22:14:57][PID=29020][TID=30884] get_shm success: shm_pid=29020
[2026-03-11 22:14:57][PID=29020][TID=30884] free_shm enter: ptr=01510000 handle=00000310 shm_pid=29020
[2026-03-11 22:14:57][PID=29020][TID=30884] UnmapViewOfFile done
[2026-03-11 22:14:57][PID=29020][TID=30884] CloseHandle done
[2026-03-11 22:14:57][PID=29020][TID=30884] free_shm leave
[2026-03-11 22:14:57][PID=30676][TID=31436] free_shm enter: ptr=05040000 handle=000009E4 shm_pid=29020
[2026-03-11 22:14:57][PID=30676][TID=31436] UnmapViewOfFile done
[2026-03-11 22:15:00][PID=30676][TID=31436] CloseHandle done
[2026-03-11 22:15:00][PID=30676][TID=31436] free_shm leave
[2026-03-11 22:17:58][PID=19108][TID=21880] get_shm enter: targetPid=24048 create=1
[2026-03-11 22:17:58][PID=19108][TID=21880] names: local=Local\{385FC524-96E3-4839-9909-1F2135D4F928} | global=Global\{385FC524-96E3-4839-9909-1F2135D4F928}
[2026-03-11 22:17:58][PID=19108][TID=21880] OpenFileMapping(local) => handle=00000000 err=2
[2026-03-11 22:17:58][PID=19108][TID=21880] OpenFileMapping(global) => handle=00000000 err=2
[2026-03-11 22:17:58][PID=19108][TID=21880] CreateFileMapping(local) => handle=00000B58 err=0
[2026-03-11 22:17:58][PID=19108][TID=21880] MapViewOfFile => ptr=054F0000 err=183
[2026-03-11 22:17:58][PID=19108][TID=21880] get_shm success: shm_pid=24048
[2026-03-11 22:17:58][PID=19108][TID=21880] get_shm enter: targetPid=19108 create=0
[2026-03-11 22:17:58][PID=19108][TID=21880] names: local=Local\{385FC524-96E3-4839-9909-1F2135D4F928} | global=Global\{385FC524-96E3-4839-9909-1F2135D4F928}
[2026-03-11 22:17:58][PID=19108][TID=21880] OpenFileMapping(local) => handle=00000B74 err=183
[2026-03-11 22:17:58][PID=19108][TID=21880] MapViewOfFile => ptr=05650000 err=183
[2026-03-11 22:17:58][PID=19108][TID=21880] get_shm success: shm_pid=19108
[2026-03-11 22:17:58][PID=19108][TID=21880] free_shm enter: ptr=05650000 handle=00000B74 shm_pid=19108
[2026-03-11 22:17:58][PID=19108][TID=21880] UnmapViewOfFile done
[2026-03-11 22:17:58][PID=19108][TID=21880] CloseHandle done
[2026-03-11 22:17:58][PID=19108][TID=21880] free_shm leave
[2026-03-11 22:17:59][PID=24048][TID=13652] get_shm enter: targetPid=24048 create=0
[2026-03-11 22:17:59][PID=24048][TID=13652] names: local=Local\{385FC524-96E3-4839-9909-1F2135D4F928} | global=Global\{385FC524-96E3-4839-9909-1F2135D4F928}
[2026-03-11 22:17:59][PID=24048][TID=13652] OpenFileMapping(local) => handle=0000030C err=183
[2026-03-11 22:17:59][PID=24048][TID=13652] MapViewOfFile => ptr=015D0000 err=183
[2026-03-11 22:17:59][PID=24048][TID=13652] get_shm success: shm_pid=24048
[2026-03-11 22:17:59][PID=24048][TID=13652] free_shm enter: ptr=015D0000 handle=0000030C shm_pid=24048
[2026-03-11 22:17:59][PID=24048][TID=13652] UnmapViewOfFile done
[2026-03-11 22:17:59][PID=24048][TID=13652] CloseHandle done
[2026-03-11 22:17:59][PID=24048][TID=13652] free_shm leave
[2026-03-11 22:17:59][PID=19108][TID=21880] free_shm enter: ptr=054F0000 handle=00000B58 shm_pid=24048
[2026-03-11 22:17:59][PID=19108][TID=21880] UnmapViewOfFile done
[2026-03-11 22:17:59][PID=19108][TID=21880] CloseHandle done
[2026-03-11 22:18:01][PID=19108][TID=21880] free_shm leave
[2026-03-11 22:19:46][PID=23240][TID=26524] get_shm enter: targetPid=24080 create=1
[2026-03-11 22:19:46][PID=23240][TID=26524] names: local=Local\{385FC524-96E3-4839-9909-1F2135D4F928} | global=Global\{385FC524-96E3-4839-9909-1F2135D4F928}
[2026-03-11 22:19:46][PID=23240][TID=26524] OpenFileMapping(local) => handle=00000000 err=2
[2026-03-11 22:19:46][PID=23240][TID=26524] OpenFileMapping(global) => handle=00000000 err=2
[2026-03-11 22:19:46][PID=23240][TID=26524] CreateFileMapping(local) => handle=00000B40 err=0
[2026-03-11 22:19:46][PID=23240][TID=26524] MapViewOfFile => ptr=07980000 err=183
[2026-03-11 22:19:46][PID=23240][TID=26524] get_shm success: shm_pid=24080
[2026-03-11 22:19:46][PID=23240][TID=26524] get_shm enter: targetPid=23240 create=0
[2026-03-11 22:19:46][PID=23240][TID=26524] names: local=Local\{385FC524-96E3-4839-9909-1F2135D4F928} | global=Global\{385FC524-96E3-4839-9909-1F2135D4F928}
[2026-03-11 22:19:46][PID=23240][TID=26524] OpenFileMapping(local) => handle=00000B58 err=183
[2026-03-11 22:19:46][PID=23240][TID=26524] MapViewOfFile => ptr=07A00000 err=183
[2026-03-11 22:19:46][PID=23240][TID=26524] get_shm success: shm_pid=23240
[2026-03-11 22:19:46][PID=23240][TID=26524] free_shm enter: ptr=07A00000 handle=00000B58 shm_pid=23240
[2026-03-11 22:19:46][PID=23240][TID=26524] UnmapViewOfFile done
[2026-03-11 22:19:46][PID=23240][TID=26524] CloseHandle done
[2026-03-11 22:19:46][PID=23240][TID=26524] free_shm leave
[2026-03-11 22:19:46][PID=24080][TID=31192] get_shm enter: targetPid=24080 create=0
[2026-03-11 22:19:46][PID=24080][TID=31192] names: local=Local\{385FC524-96E3-4839-9909-1F2135D4F928} | global=Global\{385FC524-96E3-4839-9909-1F2135D4F928}
[2026-03-11 22:19:46][PID=24080][TID=31192] OpenFileMapping(local) => handle=00000300 err=183
[2026-03-11 22:19:46][PID=24080][TID=31192] MapViewOfFile => ptr=03370000 err=183
[2026-03-11 22:19:46][PID=24080][TID=31192] get_shm success: shm_pid=24080
[2026-03-11 22:19:46][PID=24080][TID=31192] free_shm enter: ptr=03370000 handle=00000300 shm_pid=24080
[2026-03-11 22:19:46][PID=24080][TID=31192] UnmapViewOfFile done
[2026-03-11 22:19:46][PID=24080][TID=31192] CloseHandle done
[2026-03-11 22:19:46][PID=24080][TID=31192] free_shm leave
[2026-03-11 22:19:46][PID=23240][TID=26524] free_shm enter: ptr=07980000 handle=00000B40 shm_pid=24080
[2026-03-11 22:19:46][PID=23240][TID=26524] UnmapViewOfFile done
[2026-03-11 22:19:46][PID=23240][TID=26524] CloseHandle done
[2026-03-11 22:19:46][PID=23240][TID=26524] free_shm leave
[2026-03-11 22:26:30][PID=22940][TID=3596] get_shm enter: targetPid=31200 create=1
[2026-03-11 22:26:30][PID=22940][TID=3596] names: local=Local\{385FC524-96E3-4839-9909-1F2135D4F928} | global=Global\{385FC524-96E3-4839-9909-1F2135D4F928}
[2026-03-11 22:26:30][PID=22940][TID=3596] OpenFileMapping(local) => handle=00000000 err=2
[2026-03-11 22:26:30][PID=22940][TID=3596] OpenFileMapping(global) => handle=00000000 err=2
[2026-03-11 22:26:30][PID=22940][TID=3596] CreateFileMapping(local) => handle=00000B4C err=0
[2026-03-11 22:26:30][PID=22940][TID=3596] MapViewOfFile => ptr=0E130000 err=183
[2026-03-11 22:26:30][PID=22940][TID=3596] get_shm success: shm_pid=31200
[2026-03-11 22:26:30][PID=22940][TID=3596] get_shm enter: targetPid=22940 create=0
[2026-03-11 22:26:30][PID=22940][TID=3596] names: local=Local\{385FC524-96E3-4839-9909-1F2135D4F928} | global=Global\{385FC524-96E3-4839-9909-1F2135D4F928}
[2026-03-11 22:26:30][PID=22940][TID=3596] OpenFileMapping(local) => handle=00000B68 err=183
[2026-03-11 22:26:30][PID=22940][TID=3596] MapViewOfFile => ptr=0E2B0000 err=183
[2026-03-11 22:26:30][PID=22940][TID=3596] get_shm success: shm_pid=22940
[2026-03-11 22:26:30][PID=22940][TID=3596] free_shm enter: ptr=0E2B0000 handle=00000B68 shm_pid=22940
[2026-03-11 22:26:30][PID=22940][TID=3596] UnmapViewOfFile done
[2026-03-11 22:26:30][PID=22940][TID=3596] CloseHandle done
[2026-03-11 22:26:30][PID=22940][TID=3596] free_shm leave
[2026-03-11 22:26:30][PID=31200][TID=25928] get_shm enter: targetPid=31200 create=0
[2026-03-11 22:26:30][PID=31200][TID=25928] names: local=Local\{385FC524-96E3-4839-9909-1F2135D4F928} | global=Global\{385FC524-96E3-4839-9909-1F2135D4F928}
[2026-03-11 22:26:30][PID=31200][TID=25928] OpenFileMapping(local) => handle=000002E8 err=183
[2026-03-11 22:26:30][PID=31200][TID=25928] MapViewOfFile => ptr=01550000 err=183
[2026-03-11 22:26:30][PID=31200][TID=25928] get_shm success: shm_pid=31200
[2026-03-11 22:26:30][PID=31200][TID=25928] free_shm enter: ptr=01550000 handle=000002E8 shm_pid=31200
[2026-03-11 22:26:30][PID=31200][TID=25928] UnmapViewOfFile done
[2026-03-11 22:26:30][PID=31200][TID=25928] CloseHandle done
[2026-03-11 22:26:31][PID=31200][TID=25928] free_shm leave
[2026-03-11 22:26:31][PID=22940][TID=3596] free_shm enter: ptr=0E130000 handle=00000B4C shm_pid=31200
[2026-03-11 22:26:31][PID=22940][TID=3596] UnmapViewOfFile done
[2026-03-11 22:26:31][PID=22940][TID=3596] CloseHandle done
[2026-03-11 22:26:31][PID=22940][TID=3596] free_shm leave
[2026-03-11 22:34:11][PID=6724][TID=23920] get_shm enter: targetPid=10448 create=1
[2026-03-11 22:34:11][PID=6724][TID=23920] names: local=Local\{385FC524-96E3-4839-9909-1F2135D4F928} | global=Global\{385FC524-96E3-4839-9909-1F2135D4F928}
[2026-03-11 22:34:11][PID=6724][TID=23920] OpenFileMapping(local) => handle=00000000 err=2
[2026-03-11 22:34:11][PID=6724][TID=23920] OpenFileMapping(global) => handle=00000000 err=2
[2026-03-11 22:34:11][PID=6724][TID=23920] CreateFileMapping(local) => handle=00000B48 err=0
[2026-03-11 22:34:11][PID=6724][TID=23920] MapViewOfFile => ptr=05B20000 err=183
[2026-03-11 22:34:11][PID=6724][TID=23920] get_shm success: shm_pid=10448
[2026-03-11 22:34:11][PID=6724][TID=23920] get_shm enter: targetPid=6724 create=0
[2026-03-11 22:34:11][PID=6724][TID=23920] names: local=Local\{385FC524-96E3-4839-9909-1F2135D4F928} | global=Global\{385FC524-96E3-4839-9909-1F2135D4F928}
[2026-03-11 22:34:11][PID=6724][TID=23920] OpenFileMapping(local) => handle=00000AF0 err=183
[2026-03-11 22:34:11][PID=6724][TID=23920] MapViewOfFile => ptr=05CF0000 err=183
[2026-03-11 22:34:11][PID=6724][TID=23920] get_shm success: shm_pid=6724
[2026-03-11 22:34:11][PID=6724][TID=23920] free_shm enter: ptr=05CF0000 handle=00000AF0 shm_pid=6724
[2026-03-11 22:34:11][PID=6724][TID=23920] UnmapViewOfFile done
[2026-03-11 22:34:11][PID=6724][TID=23920] CloseHandle done
[2026-03-11 22:34:11][PID=6724][TID=23920] free_shm leave
[2026-03-11 22:34:11][PID=10448][TID=3100] get_shm enter: targetPid=10448 create=0
[2026-03-11 22:34:11][PID=10448][TID=3100] names: local=Local\{385FC524-96E3-4839-9909-1F2135D4F928} | global=Global\{385FC524-96E3-4839-9909-1F2135D4F928}
[2026-03-11 22:34:11][PID=10448][TID=3100] OpenFileMapping(local) => handle=00000300 err=183
[2026-03-11 22:34:11][PID=10448][TID=3100] MapViewOfFile => ptr=01A00000 err=183
[2026-03-11 22:34:11][PID=10448][TID=3100] get_shm success: shm_pid=10448
[2026-03-11 22:34:11][PID=10448][TID=3100] free_shm enter: ptr=01A00000 handle=00000300 shm_pid=10448
[2026-03-11 22:34:11][PID=10448][TID=3100] UnmapViewOfFile done
[2026-03-11 22:34:11][PID=10448][TID=3100] CloseHandle done
[2026-03-11 22:34:11][PID=10448][TID=3100] free_shm leave
[2026-03-11 22:34:11][PID=6724][TID=23920] free_shm enter: ptr=05B20000 handle=00000B48 shm_pid=10448
[2026-03-11 22:34:11][PID=6724][TID=23920] UnmapViewOfFile done
[2026-03-11 22:34:11][PID=6724][TID=23920] CloseHandle done
[2026-03-11 22:34:11][PID=6724][TID=23920] free_shm leave
[2026-03-11 22:49:16][PID=16364][TID=29160] get_shm enter: targetPid=29760 create=1
[2026-03-11 22:49:16][PID=16364][TID=29160] names: local=Local\{385FC524-96E3-4839-9909-1F2135D4F928} | global=Global\{385FC524-96E3-4839-9909-1F2135D4F928}
[2026-03-11 22:49:16][PID=16364][TID=29160] OpenFileMapping(local) => handle=00000000 err=2
[2026-03-11 22:49:16][PID=16364][TID=29160] OpenFileMapping(global) => handle=00000000 err=2
[2026-03-11 22:49:16][PID=16364][TID=29160] CreateFileMapping(local) => handle=00000B68 err=0
[2026-03-11 22:49:16][PID=16364][TID=29160] MapViewOfFile => ptr=0E180000 err=183
[2026-03-11 22:49:16][PID=16364][TID=29160] get_shm success: shm_pid=29760
[2026-03-11 22:49:16][PID=16364][TID=29160] get_shm enter: targetPid=16364 create=0
[2026-03-11 22:49:16][PID=16364][TID=29160] names: local=Local\{385FC524-96E3-4839-9909-1F2135D4F928} | global=Global\{385FC524-96E3-4839-9909-1F2135D4F928}
[2026-03-11 22:49:16][PID=16364][TID=29160] OpenFileMapping(local) => handle=00000B54 err=183
[2026-03-11 22:49:16][PID=16364][TID=29160] MapViewOfFile => ptr=0E210000 err=183
[2026-03-11 22:49:16][PID=16364][TID=29160] get_shm success: shm_pid=16364
[2026-03-11 22:49:16][PID=16364][TID=29160] free_shm enter: ptr=0E210000 handle=00000B54 shm_pid=16364
[2026-03-11 22:49:16][PID=16364][TID=29160] UnmapViewOfFile done
[2026-03-11 22:49:16][PID=16364][TID=29160] CloseHandle done
[2026-03-11 22:49:16][PID=16364][TID=29160] free_shm leave
[2026-03-11 22:49:16][PID=29760][TID=30352] get_shm enter: targetPid=29760 create=0
[2026-03-11 22:49:16][PID=29760][TID=30352] names: local=Local\{385FC524-96E3-4839-9909-1F2135D4F928} | global=Global\{385FC524-96E3-4839-9909-1F2135D4F928}
[2026-03-11 22:49:16][PID=29760][TID=30352] OpenFileMapping(local) => handle=000000F8 err=183
[2026-03-11 22:49:16][PID=29760][TID=30352] MapViewOfFile => ptr=01C70000 err=183
[2026-03-11 22:49:16][PID=29760][TID=30352] get_shm success: shm_pid=29760
[2026-03-11 22:49:16][PID=29760][TID=30352] free_shm enter: ptr=01C70000 handle=000000F8 shm_pid=29760
[2026-03-11 22:49:16][PID=29760][TID=30352] UnmapViewOfFile done
[2026-03-11 22:49:16][PID=29760][TID=30352] CloseHandle done
[2026-03-11 22:49:16][PID=29760][TID=30352] free_shm leave
[2026-03-11 22:49:16][PID=16364][TID=29160] free_shm enter: ptr=0E180000 handle=00000B68 shm_pid=29760
[2026-03-11 22:49:16][PID=16364][TID=29160] UnmapViewOfFile done
[2026-03-11 22:49:16][PID=16364][TID=29160] CloseHandle done
[2026-03-11 22:49:16][PID=16364][TID=29160] free_shm leave
[2026-03-11 22:50:26][PID=22852][TID=34500] get_shm enter: targetPid=34736 create=1
[2026-03-11 22:50:26][PID=22852][TID=34500] names: local=Local\{385FC524-96E3-4839-9909-1F2135D4F928} | global=Global\{385FC524-96E3-4839-9909-1F2135D4F928}
[2026-03-11 22:50:26][PID=22852][TID=34500] OpenFileMapping(local) => handle=00000000 err=2
[2026-03-11 22:50:26][PID=22852][TID=34500] OpenFileMapping(global) => handle=00000000 err=2
[2026-03-11 22:50:26][PID=22852][TID=34500] CreateFileMapping(local) => handle=00000B24 err=0
[2026-03-11 22:50:26][PID=22852][TID=34500] MapViewOfFile => ptr=05610000 err=183
[2026-03-11 22:50:26][PID=22852][TID=34500] get_shm success: shm_pid=34736
[2026-03-11 22:50:26][PID=22852][TID=34500] get_shm enter: targetPid=22852 create=0
[2026-03-11 22:50:26][PID=22852][TID=34500] names: local=Local\{385FC524-96E3-4839-9909-1F2135D4F928} | global=Global\{385FC524-96E3-4839-9909-1F2135D4F928}
[2026-03-11 22:50:26][PID=22852][TID=34500] OpenFileMapping(local) => handle=00000B64 err=183
[2026-03-11 22:50:26][PID=22852][TID=34500] MapViewOfFile => ptr=05770000 err=183
[2026-03-11 22:50:26][PID=22852][TID=34500] get_shm success: shm_pid=22852
[2026-03-11 22:50:26][PID=22852][TID=34500] free_shm enter: ptr=05770000 handle=00000B64 shm_pid=22852
[2026-03-11 22:50:26][PID=22852][TID=34500] UnmapViewOfFile done
[2026-03-11 22:50:26][PID=22852][TID=34500] CloseHandle done
[2026-03-11 22:50:26][PID=22852][TID=34500] free_shm leave
[2026-03-11 22:50:26][PID=34736][TID=18828] get_shm enter: targetPid=34736 create=0
[2026-03-11 22:50:26][PID=34736][TID=18828] names: local=Local\{385FC524-96E3-4839-9909-1F2135D4F928} | global=Global\{385FC524-96E3-4839-9909-1F2135D4F928}
[2026-03-11 22:50:26][PID=34736][TID=18828] OpenFileMapping(local) => handle=0000030C err=183
[2026-03-11 22:50:26][PID=34736][TID=18828] MapViewOfFile => ptr=015E0000 err=183
[2026-03-11 22:50:26][PID=34736][TID=18828] get_shm success: shm_pid=34736
[2026-03-11 22:50:26][PID=34736][TID=18828] free_shm enter: ptr=015E0000 handle=0000030C shm_pid=34736
[2026-03-11 22:50:26][PID=34736][TID=18828] UnmapViewOfFile done
[2026-03-11 22:50:26][PID=34736][TID=18828] CloseHandle done
[2026-03-11 22:50:26][PID=34736][TID=18828] free_shm leave
[2026-03-11 22:50:26][PID=22852][TID=34500] free_shm enter: ptr=05610000 handle=00000B24 shm_pid=34736
[2026-03-11 22:50:29][PID=22852][TID=34500] UnmapViewOfFile done
[2026-03-11 22:50:29][PID=22852][TID=34500] CloseHandle done
[2026-03-11 22:55:30][PID=16244][TID=22464] get_shm enter: targetPid=27776 create=1
[2026-03-11 22:55:30][PID=16244][TID=22464] names: local=Local\{385FC524-96E3-4839-9909-1F2135D4F928} | global=Global\{385FC524-96E3-4839-9909-1F2135D4F928}
[2026-03-11 22:55:30][PID=16244][TID=22464] OpenFileMapping(local) => handle=00000000 err=2
[2026-03-11 22:55:30][PID=16244][TID=22464] OpenFileMapping(global) => handle=00000000 err=2
[2026-03-11 22:55:30][PID=16244][TID=22464] CreateFileMapping(local) => handle=00000AF4 err=0
[2026-03-11 22:55:30][PID=16244][TID=22464] MapViewOfFile => ptr=05A40000 err=183
[2026-03-11 22:55:30][PID=16244][TID=22464] get_shm success: shm_pid=27776
[2026-03-11 22:55:30][PID=16244][TID=22464] get_shm enter: targetPid=16244 create=0
[2026-03-11 22:55:30][PID=16244][TID=22464] names: local=Local\{385FC524-96E3-4839-9909-1F2135D4F928} | global=Global\{385FC524-96E3-4839-9909-1F2135D4F928}
[2026-03-11 22:55:30][PID=16244][TID=22464] OpenFileMapping(local) => handle=00000B4C err=183
[2026-03-11 22:55:30][PID=16244][TID=22464] MapViewOfFile => ptr=05BA0000 err=183
[2026-03-11 22:55:30][PID=16244][TID=22464] get_shm success: shm_pid=16244
[2026-03-11 22:55:30][PID=16244][TID=22464] free_shm enter: ptr=05BA0000 handle=00000B4C shm_pid=16244
[2026-03-11 22:55:30][PID=16244][TID=22464] UnmapViewOfFile done
[2026-03-11 22:55:30][PID=16244][TID=22464] CloseHandle done
[2026-03-11 22:55:30][PID=16244][TID=22464] free_shm leave
[2026-03-11 22:55:30][PID=27776][TID=22616] get_shm enter: targetPid=27776 create=0
[2026-03-11 22:55:30][PID=27776][TID=22616] names: local=Local\{385FC524-96E3-4839-9909-1F2135D4F928} | global=Global\{385FC524-96E3-4839-9909-1F2135D4F928}
[2026-03-11 22:55:30][PID=27776][TID=22616] OpenFileMapping(local) => handle=00000300 err=183
[2026-03-11 22:55:30][PID=27776][TID=22616] MapViewOfFile => ptr=015D0000 err=183
[2026-03-11 22:55:30][PID=27776][TID=22616] get_shm success: shm_pid=27776
[2026-03-11 22:55:30][PID=27776][TID=22616] free_shm enter: ptr=015D0000 handle=00000300 shm_pid=27776
[2026-03-11 22:55:30][PID=27776][TID=22616] UnmapViewOfFile done
[2026-03-11 22:55:30][PID=27776][TID=22616] CloseHandle done
[2026-03-11 22:55:30][PID=27776][TID=22616] free_shm leave
[2026-03-11 22:55:30][PID=16244][TID=22464] free_shm enter: ptr=05A40000 handle=00000AF4 shm_pid=27776
[2026-03-11 22:55:30][PID=16244][TID=22464] UnmapViewOfFile done
[2026-03-11 22:55:33][PID=16244][TID=22464] CloseHandle done
[2026-03-11 22:57:27][PID=32304][TID=32156] get_shm enter: targetPid=23600 create=1
[2026-03-11 22:57:27][PID=32304][TID=32156] names: local=Local\{385FC524-96E3-4839-9909-1F2135D4F928} | global=Global\{385FC524-96E3-4839-9909-1F2135D4F928}
[2026-03-11 22:57:27][PID=32304][TID=32156] OpenFileMapping(local) => handle=00000000 err=2
[2026-03-11 22:57:27][PID=32304][TID=32156] OpenFileMapping(global) => handle=00000000 err=2
[2026-03-11 22:57:27][PID=32304][TID=32156] CreateFileMapping(local) => handle=00000B58 err=0
[2026-03-11 22:57:27][PID=32304][TID=32156] MapViewOfFile => ptr=05150000 err=183
[2026-03-11 22:57:27][PID=32304][TID=32156] get_shm success: shm_pid=23600
[2026-03-11 22:57:27][PID=32304][TID=32156] get_shm enter: targetPid=32304 create=0
[2026-03-11 22:57:27][PID=32304][TID=32156] names: local=Local\{385FC524-96E3-4839-9909-1F2135D4F928} | global=Global\{385FC524-96E3-4839-9909-1F2135D4F928}
[2026-03-11 22:57:27][PID=32304][TID=32156] OpenFileMapping(local) => handle=00000B4C err=183
[2026-03-11 22:57:27][PID=32304][TID=32156] MapViewOfFile => ptr=052B0000 err=183
[2026-03-11 22:57:27][PID=32304][TID=32156] get_shm success: shm_pid=32304
[2026-03-11 22:57:27][PID=32304][TID=32156] free_shm enter: ptr=052B0000 handle=00000B4C shm_pid=32304
[2026-03-11 22:57:27][PID=32304][TID=32156] UnmapViewOfFile done
[2026-03-11 22:57:27][PID=32304][TID=32156] CloseHandle done
[2026-03-11 22:57:27][PID=32304][TID=32156] free_shm leave
[2026-03-11 22:57:27][PID=23600][TID=31836] get_shm enter: targetPid=23600 create=0
[2026-03-11 22:57:27][PID=23600][TID=31836] names: local=Local\{385FC524-96E3-4839-9909-1F2135D4F928} | global=Global\{385FC524-96E3-4839-9909-1F2135D4F928}
[2026-03-11 22:57:27][PID=23600][TID=31836] OpenFileMapping(local) => handle=00000304 err=183
[2026-03-11 22:57:27][PID=23600][TID=31836] MapViewOfFile => ptr=01510000 err=183
[2026-03-11 22:57:27][PID=23600][TID=31836] get_shm success: shm_pid=23600
[2026-03-11 22:57:27][PID=23600][TID=31836] free_shm enter: ptr=01510000 handle=00000304 shm_pid=23600
[2026-03-11 22:57:27][PID=23600][TID=31836] UnmapViewOfFile done
[2026-03-11 22:57:27][PID=23600][TID=31836] CloseHandle done
[2026-03-11 22:57:27][PID=23600][TID=31836] free_shm leave
[2026-03-11 22:57:27][PID=32304][TID=32156] free_shm enter: ptr=05150000 handle=00000B58 shm_pid=23600
[2026-03-11 22:57:27][PID=32304][TID=32156] UnmapViewOfFile done
[2026-03-11 22:57:27][PID=32304][TID=32156] CloseHandle done
[2026-03-11 22:57:27][PID=32304][TID=32156] free_shm leave
[2026-03-11 22:58:17][PID=25116][TID=24052] get_shm enter: targetPid=32084 create=1
[2026-03-11 22:58:17][PID=25116][TID=24052] names: local=Local\{385FC524-96E3-4839-9909-1F2135D4F928} | global=Global\{385FC524-96E3-4839-9909-1F2135D4F928}
[2026-03-11 22:58:17][PID=25116][TID=24052] OpenFileMapping(local) => handle=00000000 err=2
[2026-03-11 22:58:17][PID=25116][TID=24052] OpenFileMapping(global) => handle=00000000 err=2
[2026-03-11 22:58:17][PID=25116][TID=24052] CreateFileMapping(local) => handle=00000B50 err=0
[2026-03-11 22:58:17][PID=25116][TID=24052] MapViewOfFile => ptr=0E150000 err=183
[2026-03-11 22:58:17][PID=25116][TID=24052] get_shm success: shm_pid=32084
[2026-03-11 22:58:17][PID=25116][TID=24052] get_shm enter: targetPid=25116 create=0
[2026-03-11 22:58:17][PID=25116][TID=24052] names: local=Local\{385FC524-96E3-4839-9909-1F2135D4F928} | global=Global\{385FC524-96E3-4839-9909-1F2135D4F928}
[2026-03-11 22:58:17][PID=25116][TID=24052] OpenFileMapping(local) => handle=00000B60 err=183
[2026-03-11 22:58:17][PID=25116][TID=24052] MapViewOfFile => ptr=0E1E0000 err=183
[2026-03-11 22:58:17][PID=25116][TID=24052] get_shm success: shm_pid=25116
[2026-03-11 22:58:17][PID=25116][TID=24052] free_shm enter: ptr=0E1E0000 handle=00000B60 shm_pid=25116
[2026-03-11 22:58:17][PID=25116][TID=24052] UnmapViewOfFile done
[2026-03-11 22:58:17][PID=25116][TID=24052] CloseHandle done
[2026-03-11 22:58:17][PID=25116][TID=24052] free_shm leave
[2026-03-11 22:58:17][PID=32084][TID=33384] get_shm enter: targetPid=32084 create=0
[2026-03-11 22:58:17][PID=32084][TID=33384] names: local=Local\{385FC524-96E3-4839-9909-1F2135D4F928} | global=Global\{385FC524-96E3-4839-9909-1F2135D4F928}
[2026-03-11 22:58:17][PID=32084][TID=33384] OpenFileMapping(local) => handle=00000300 err=183
[2026-03-11 22:58:17][PID=32084][TID=33384] MapViewOfFile => ptr=015E0000 err=183
[2026-03-11 22:58:17][PID=32084][TID=33384] get_shm success: shm_pid=32084
[2026-03-11 22:58:17][PID=32084][TID=33384] free_shm enter: ptr=015E0000 handle=00000300 shm_pid=32084
[2026-03-11 22:58:17][PID=32084][TID=33384] UnmapViewOfFile done
[2026-03-11 22:58:17][PID=32084][TID=33384] CloseHandle done
[2026-03-11 22:58:17][PID=32084][TID=33384] free_shm leave
[2026-03-11 22:58:17][PID=25116][TID=24052] free_shm enter: ptr=0E150000 handle=00000B50 shm_pid=32084
[2026-03-11 22:58:17][PID=25116][TID=24052] UnmapViewOfFile done
[2026-03-11 22:58:17][PID=25116][TID=24052] CloseHandle done
[2026-03-11 22:58:20][PID=25116][TID=24052] free_shm leave
[2026-03-11 23:00:46][PID=20120][TID=27468] get_shm enter: targetPid=34152 create=1
[2026-03-11 23:00:46][PID=20120][TID=27468] names: local=Local\{385FC524-96E3-4839-9909-1F2135D4F928} | global=Global\{385FC524-96E3-4839-9909-1F2135D4F928}
[2026-03-11 23:00:46][PID=20120][TID=27468] OpenFileMapping(local) => handle=00000000 err=2
[2026-03-11 23:00:46][PID=20120][TID=27468] OpenFileMapping(global) => handle=00000000 err=2
[2026-03-11 23:00:46][PID=20120][TID=27468] CreateFileMapping(local) => handle=00000B54 err=0
[2026-03-11 23:00:46][PID=20120][TID=27468] MapViewOfFile => ptr=0E240000 err=183
[2026-03-11 23:00:46][PID=20120][TID=27468] get_shm success: shm_pid=34152
[2026-03-11 23:00:46][PID=20120][TID=27468] get_shm enter: targetPid=20120 create=0
[2026-03-11 23:00:46][PID=20120][TID=27468] names: local=Local\{385FC524-96E3-4839-9909-1F2135D4F928} | global=Global\{385FC524-96E3-4839-9909-1F2135D4F928}
[2026-03-11 23:00:46][PID=20120][TID=27468] OpenFileMapping(local) => handle=00000B2C err=183
[2026-03-11 23:00:46][PID=20120][TID=27468] MapViewOfFile => ptr=0E270000 err=183
[2026-03-11 23:00:46][PID=20120][TID=27468] get_shm success: shm_pid=20120
[2026-03-11 23:00:46][PID=20120][TID=27468] free_shm enter: ptr=0E270000 handle=00000B2C shm_pid=20120
[2026-03-11 23:00:46][PID=20120][TID=27468] UnmapViewOfFile done
[2026-03-11 23:00:46][PID=20120][TID=27468] CloseHandle done
[2026-03-11 23:00:46][PID=20120][TID=27468] free_shm leave
[2026-03-11 23:00:46][PID=34152][TID=33156] get_shm enter: targetPid=34152 create=0
[2026-03-11 23:00:46][PID=34152][TID=33156] names: local=Local\{385FC524-96E3-4839-9909-1F2135D4F928} | global=Global\{385FC524-96E3-4839-9909-1F2135D4F928}
[2026-03-11 23:00:46][PID=34152][TID=33156] OpenFileMapping(local) => handle=0000030C err=183
[2026-03-11 23:00:46][PID=34152][TID=33156] MapViewOfFile => ptr=01A70000 err=183
[2026-03-11 23:00:46][PID=34152][TID=33156] get_shm success: shm_pid=34152
[2026-03-11 23:00:46][PID=34152][TID=33156] free_shm enter: ptr=01A70000 handle=0000030C shm_pid=34152
[2026-03-11 23:00:46][PID=34152][TID=33156] UnmapViewOfFile done
[2026-03-11 23:00:46][PID=34152][TID=33156] CloseHandle done
[2026-03-11 23:00:46][PID=34152][TID=33156] free_shm leave
[2026-03-11 23:00:46][PID=20120][TID=27468] free_shm enter: ptr=0E240000 handle=00000B54 shm_pid=34152
[2026-03-11 23:00:46][PID=20120][TID=27468] UnmapViewOfFile done
[2026-03-11 23:00:49][PID=20120][TID=27468] CloseHandle done
[2026-03-11 23:00:49][PID=20120][TID=27468] free_shm leave
[2026-03-11 23:03:42][PID=31384][TID=31724] get_shm enter: targetPid=26432 create=1
[2026-03-11 23:03:42][PID=31384][TID=31724] names: local=Local\{385FC524-96E3-4839-9909-1F2135D4F928} | global=Global\{385FC524-96E3-4839-9909-1F2135D4F928}
[2026-03-11 23:03:42][PID=31384][TID=31724] OpenFileMapping(local) => handle=00000000 err=2
[2026-03-11 23:03:42][PID=31384][TID=31724] OpenFileMapping(global) => handle=00000000 err=2
[2026-03-11 23:03:42][PID=31384][TID=31724] CreateFileMapping(local) => handle=00000B48 err=0
[2026-03-11 23:03:42][PID=31384][TID=31724] MapViewOfFile => ptr=05B50000 err=183
[2026-03-11 23:03:42][PID=31384][TID=31724] get_shm success: shm_pid=26432
[2026-03-11 23:03:42][PID=31384][TID=31724] get_shm enter: targetPid=31384 create=0
[2026-03-11 23:03:42][PID=31384][TID=31724] names: local=Local\{385FC524-96E3-4839-9909-1F2135D4F928} | global=Global\{385FC524-96E3-4839-9909-1F2135D4F928}
[2026-03-11 23:03:42][PID=31384][TID=31724] OpenFileMapping(local) => handle=00000B68 err=183
[2026-03-11 23:03:42][PID=31384][TID=31724] MapViewOfFile => ptr=05D90000 err=183
[2026-03-11 23:03:42][PID=31384][TID=31724] get_shm success: shm_pid=31384
[2026-03-11 23:03:42][PID=31384][TID=31724] free_shm enter: ptr=05D90000 handle=00000B68 shm_pid=31384
[2026-03-11 23:03:42][PID=31384][TID=31724] UnmapViewOfFile done
[2026-03-11 23:03:42][PID=31384][TID=31724] CloseHandle done
[2026-03-11 23:03:42][PID=31384][TID=31724] free_shm leave
[2026-03-11 23:03:42][PID=26432][TID=31716] get_shm enter: targetPid=26432 create=0
[2026-03-11 23:03:42][PID=26432][TID=31716] names: local=Local\{385FC524-96E3-4839-9909-1F2135D4F928} | global=Global\{385FC524-96E3-4839-9909-1F2135D4F928}
[2026-03-11 23:03:42][PID=26432][TID=31716] OpenFileMapping(local) => handle=00000328 err=183
[2026-03-11 23:03:42][PID=26432][TID=31716] MapViewOfFile => ptr=01350000 err=183
[2026-03-11 23:03:42][PID=26432][TID=31716] get_shm success: shm_pid=26432
[2026-03-11 23:03:42][PID=26432][TID=31716] free_shm enter: ptr=01350000 handle=00000328 shm_pid=26432
[2026-03-11 23:03:42][PID=26432][TID=31716] UnmapViewOfFile done
[2026-03-11 23:03:42][PID=26432][TID=31716] CloseHandle done
[2026-03-11 23:03:42][PID=26432][TID=31716] free_shm leave
[2026-03-11 23:03:42][PID=31384][TID=31724] free_shm enter: ptr=05B50000 handle=00000B48 shm_pid=26432
[2026-03-11 23:03:42][PID=31384][TID=31724] UnmapViewOfFile done
[2026-03-11 23:03:42][PID=31384][TID=31724] CloseHandle done
[2026-03-11 23:03:42][PID=31384][TID=31724] free_shm leave
[2026-03-11 23:04:57][PID=6596][TID=34764] get_shm enter: targetPid=6616 create=1
[2026-03-11 23:04:57][PID=6596][TID=34764] names: local=Local\{385FC524-96E3-4839-9909-1F2135D4F928} | global=Global\{385FC524-96E3-4839-9909-1F2135D4F928}
[2026-03-11 23:04:57][PID=6596][TID=34764] OpenFileMapping(local) => handle=00000000 err=2
[2026-03-11 23:04:57][PID=6596][TID=34764] OpenFileMapping(global) => handle=00000000 err=2
[2026-03-11 23:04:57][PID=6596][TID=34764] CreateFileMapping(local) => handle=00000B5C err=0
[2026-03-11 23:04:57][PID=6596][TID=34764] MapViewOfFile => ptr=0EB40000 err=183
[2026-03-11 23:04:57][PID=6596][TID=34764] get_shm success: shm_pid=6616
[2026-03-11 23:04:57][PID=6596][TID=34764] get_shm enter: targetPid=6596 create=0
[2026-03-11 23:04:57][PID=6596][TID=34764] names: local=Local\{385FC524-96E3-4839-9909-1F2135D4F928} | global=Global\{385FC524-96E3-4839-9909-1F2135D4F928}
[2026-03-11 23:04:57][PID=6596][TID=34764] OpenFileMapping(local) => handle=00000B40 err=183
[2026-03-11 23:04:57][PID=6596][TID=34764] MapViewOfFile => ptr=0EB70000 err=183
[2026-03-11 23:04:57][PID=6596][TID=34764] get_shm success: shm_pid=6596
[2026-03-11 23:04:57][PID=6596][TID=34764] free_shm enter: ptr=0EB70000 handle=00000B40 shm_pid=6596
[2026-03-11 23:04:57][PID=6596][TID=34764] UnmapViewOfFile done
[2026-03-11 23:04:57][PID=6596][TID=34764] CloseHandle done
[2026-03-11 23:04:57][PID=6596][TID=34764] free_shm leave
[2026-03-11 23:04:57][PID=6616][TID=2060] get_shm enter: targetPid=6616 create=0
[2026-03-11 23:04:57][PID=6616][TID=2060] names: local=Local\{385FC524-96E3-4839-9909-1F2135D4F928} | global=Global\{385FC524-96E3-4839-9909-1F2135D4F928}
[2026-03-11 23:04:57][PID=6616][TID=2060] OpenFileMapping(local) => handle=00000310 err=183
[2026-03-11 23:04:57][PID=6616][TID=2060] MapViewOfFile => ptr=01550000 err=183
[2026-03-11 23:04:57][PID=6616][TID=2060] get_shm success: shm_pid=6616
[2026-03-11 23:04:57][PID=6616][TID=2060] free_shm enter: ptr=01550000 handle=00000310 shm_pid=6616
[2026-03-11 23:04:57][PID=6616][TID=2060] UnmapViewOfFile done
[2026-03-11 23:04:57][PID=6616][TID=2060] CloseHandle done
[2026-03-11 23:04:57][PID=6616][TID=2060] free_shm leave
[2026-03-11 23:04:57][PID=6596][TID=34764] free_shm enter: ptr=0EB40000 handle=00000B5C shm_pid=6616
[2026-03-11 23:04:57][PID=6596][TID=34764] UnmapViewOfFile done
[2026-03-11 23:05:00][PID=6596][TID=34764] CloseHandle done
[2026-03-11 23:05:00][PID=6596][TID=34764] free_shm leave
[2026-03-11 23:06:08][PID=3696][TID=2484] get_shm enter: targetPid=17232 create=1
[2026-03-11 23:06:08][PID=3696][TID=2484] names: local=Local\{385FC524-96E3-4839-9909-1F2135D4F928} | global=Global\{385FC524-96E3-4839-9909-1F2135D4F928}
[2026-03-11 23:06:08][PID=3696][TID=2484] OpenFileMapping(local) => handle=00000000 err=2
[2026-03-11 23:06:08][PID=3696][TID=2484] OpenFileMapping(global) => handle=00000000 err=2
[2026-03-11 23:06:08][PID=3696][TID=2484] CreateFileMapping(local) => handle=00000B64 err=0
[2026-03-11 23:06:08][PID=3696][TID=2484] MapViewOfFile => ptr=05850000 err=183
[2026-03-11 23:06:08][PID=3696][TID=2484] get_shm success: shm_pid=17232
[2026-03-11 23:06:08][PID=3696][TID=2484] get_shm enter: targetPid=3696 create=0
[2026-03-11 23:06:08][PID=3696][TID=2484] names: local=Local\{385FC524-96E3-4839-9909-1F2135D4F928} | global=Global\{385FC524-96E3-4839-9909-1F2135D4F928}
[2026-03-11 23:06:08][PID=3696][TID=2484] OpenFileMapping(local) => handle=000009F8 err=183
[2026-03-11 23:06:08][PID=3696][TID=2484] MapViewOfFile => ptr=05B30000 err=183
[2026-03-11 23:06:08][PID=3696][TID=2484] get_shm success: shm_pid=3696
[2026-03-11 23:06:08][PID=3696][TID=2484] free_shm enter: ptr=05B30000 handle=000009F8 shm_pid=3696
[2026-03-11 23:06:08][PID=3696][TID=2484] UnmapViewOfFile done
[2026-03-11 23:06:08][PID=3696][TID=2484] CloseHandle done
[2026-03-11 23:06:08][PID=3696][TID=2484] free_shm leave
[2026-03-11 23:06:08][PID=17232][TID=31148] get_shm enter: targetPid=17232 create=0
[2026-03-11 23:06:08][PID=17232][TID=31148] names: local=Local\{385FC524-96E3-4839-9909-1F2135D4F928} | global=Global\{385FC524-96E3-4839-9909-1F2135D4F928}
[2026-03-11 23:06:08][PID=17232][TID=31148] OpenFileMapping(local) => handle=00000314 err=183
[2026-03-11 23:06:08][PID=17232][TID=31148] MapViewOfFile => ptr=03160000 err=183
[2026-03-11 23:06:08][PID=17232][TID=31148] get_shm success: shm_pid=17232
[2026-03-11 23:06:08][PID=17232][TID=31148] free_shm enter: ptr=03160000 handle=00000314 shm_pid=17232
[2026-03-11 23:06:08][PID=17232][TID=31148] UnmapViewOfFile done
[2026-03-11 23:06:08][PID=17232][TID=31148] CloseHandle done
[2026-03-11 23:06:08][PID=17232][TID=31148] free_shm leave
[2026-03-11 23:06:08][PID=3696][TID=2484] free_shm enter: ptr=05850000 handle=00000B64 shm_pid=17232
[2026-03-11 23:06:12][PID=3696][TID=2484] UnmapViewOfFile done
[2026-03-11 23:06:12][PID=3696][TID=2484] CloseHandle done
[2026-03-11 23:07:16][PID=23152][TID=24708] get_shm enter: targetPid=32580 create=1
[2026-03-11 23:07:16][PID=23152][TID=24708] names: local=Local\{385FC524-96E3-4839-9909-1F2135D4F928} | global=Global\{385FC524-96E3-4839-9909-1F2135D4F928}
[2026-03-11 23:07:16][PID=23152][TID=24708] OpenFileMapping(local) => handle=00000000 err=2
[2026-03-11 23:07:16][PID=23152][TID=24708] OpenFileMapping(global) => handle=00000000 err=2
[2026-03-11 23:07:16][PID=23152][TID=24708] CreateFileMapping(local) => handle=00000B60 err=0
[2026-03-11 23:07:16][PID=23152][TID=24708] MapViewOfFile => ptr=05A20000 err=183
[2026-03-11 23:07:16][PID=23152][TID=24708] get_shm success: shm_pid=32580
[2026-03-11 23:07:16][PID=23152][TID=24708] get_shm enter: targetPid=23152 create=0
[2026-03-11 23:07:16][PID=23152][TID=24708] names: local=Local\{385FC524-96E3-4839-9909-1F2135D4F928} | global=Global\{385FC524-96E3-4839-9909-1F2135D4F928}
[2026-03-11 23:07:16][PID=23152][TID=24708] OpenFileMapping(local) => handle=00000B7C err=183
[2026-03-11 23:07:16][PID=23152][TID=24708] MapViewOfFile => ptr=05BF0000 err=183
[2026-03-11 23:07:16][PID=23152][TID=24708] get_shm success: shm_pid=23152
[2026-03-11 23:07:16][PID=23152][TID=24708] free_shm enter: ptr=05BF0000 handle=00000B7C shm_pid=23152
[2026-03-11 23:07:16][PID=23152][TID=24708] UnmapViewOfFile done
[2026-03-11 23:07:16][PID=23152][TID=24708] CloseHandle done
[2026-03-11 23:07:16][PID=23152][TID=24708] free_shm leave
[2026-03-11 23:07:16][PID=32580][TID=29096] get_shm enter: targetPid=32580 create=0
[2026-03-11 23:07:16][PID=32580][TID=29096] names: local=Local\{385FC524-96E3-4839-9909-1F2135D4F928} | global=Global\{385FC524-96E3-4839-9909-1F2135D4F928}
[2026-03-11 23:07:16][PID=32580][TID=29096] OpenFileMapping(local) => handle=00000324 err=183
[2026-03-11 23:07:16][PID=32580][TID=29096] MapViewOfFile => ptr=01590000 err=183
[2026-03-11 23:07:16][PID=32580][TID=29096] get_shm success: shm_pid=32580
[2026-03-11 23:07:16][PID=32580][TID=29096] free_shm enter: ptr=01590000 handle=00000324 shm_pid=32580
[2026-03-11 23:07:16][PID=32580][TID=29096] UnmapViewOfFile done
[2026-03-11 23:07:16][PID=32580][TID=29096] CloseHandle done
[2026-03-11 23:07:16][PID=32580][TID=29096] free_shm leave
[2026-03-11 23:07:16][PID=23152][TID=24708] free_shm enter: ptr=05A20000 handle=00000B60 shm_pid=32580
[2026-03-11 23:07:16][PID=23152][TID=24708] UnmapViewOfFile done
[2026-03-11 23:07:16][PID=23152][TID=24708] CloseHandle done
[2026-03-11 23:07:16][PID=23152][TID=24708] free_shm leave
[2026-03-11 23:15:20][PID=23328][TID=33244] get_shm enter: targetPid=23792 create=1
[2026-03-11 23:15:20][PID=23328][TID=33244] names: local=Local\{385FC524-96E3-4839-9909-1F2135D4F928} | global=Global\{385FC524-96E3-4839-9909-1F2135D4F928}
[2026-03-11 23:15:20][PID=23328][TID=33244] OpenFileMapping(local) => handle=00000000 err=2
[2026-03-11 23:15:20][PID=23328][TID=33244] OpenFileMapping(global) => handle=00000000 err=2
[2026-03-11 23:15:20][PID=23328][TID=33244] CreateFileMapping(local) => handle=00000B54 err=0
[2026-03-11 23:15:20][PID=23328][TID=33244] MapViewOfFile => ptr=056F0000 err=183
[2026-03-11 23:15:20][PID=23328][TID=33244] get_shm success: shm_pid=23792
[2026-03-11 23:15:20][PID=23328][TID=33244] get_shm enter: targetPid=23328 create=0
[2026-03-11 23:15:20][PID=23328][TID=33244] names: local=Local\{385FC524-96E3-4839-9909-1F2135D4F928} | global=Global\{385FC524-96E3-4839-9909-1F2135D4F928}
[2026-03-11 23:15:20][PID=23328][TID=33244] OpenFileMapping(local) => handle=00000B68 err=183
[2026-03-11 23:15:20][PID=23328][TID=33244] MapViewOfFile => ptr=05A20000 err=183
[2026-03-11 23:15:20][PID=23328][TID=33244] get_shm success: shm_pid=23328
[2026-03-11 23:15:20][PID=23328][TID=33244] free_shm enter: ptr=05A20000 handle=00000B68 shm_pid=23328
[2026-03-11 23:15:20][PID=23328][TID=33244] UnmapViewOfFile done
[2026-03-11 23:15:20][PID=23328][TID=33244] CloseHandle done
[2026-03-11 23:15:20][PID=23328][TID=33244] free_shm leave
[2026-03-11 23:15:20][PID=23792][TID=31140] get_shm enter: targetPid=23792 create=0
[2026-03-11 23:15:20][PID=23792][TID=31140] names: local=Local\{385FC524-96E3-4839-9909-1F2135D4F928} | global=Global\{385FC524-96E3-4839-9909-1F2135D4F928}
[2026-03-11 23:15:20][PID=23792][TID=31140] OpenFileMapping(local) => handle=0000031C err=183
[2026-03-11 23:15:20][PID=23792][TID=31140] MapViewOfFile => ptr=01AB0000 err=183
[2026-03-11 23:15:20][PID=23792][TID=31140] get_shm success: shm_pid=23792
[2026-03-11 23:15:20][PID=23792][TID=31140] free_shm enter: ptr=01AB0000 handle=0000031C shm_pid=23792
[2026-03-11 23:15:20][PID=23792][TID=31140] UnmapViewOfFile done
[2026-03-11 23:15:20][PID=23792][TID=31140] CloseHandle done
[2026-03-11 23:15:20][PID=23792][TID=31140] free_shm leave
[2026-03-11 23:15:20][PID=23328][TID=33244] free_shm enter: ptr=056F0000 handle=00000B54 shm_pid=23792
[2026-03-11 23:15:20][PID=23328][TID=33244] UnmapViewOfFile done
[2026-03-11 23:15:20][PID=23328][TID=33244] CloseHandle done
[2026-03-11 23:15:20][PID=23328][TID=33244] free_shm leave
[2026-03-11 23:15:43][PID=33700][TID=33464] get_shm enter: targetPid=28592 create=1
[2026-03-11 23:15:43][PID=33700][TID=33464] names: local=Local\{385FC524-96E3-4839-9909-1F2135D4F928} | global=Global\{385FC524-96E3-4839-9909-1F2135D4F928}
[2026-03-11 23:15:43][PID=33700][TID=33464] OpenFileMapping(local) => handle=00000000 err=2
[2026-03-11 23:15:43][PID=33700][TID=33464] OpenFileMapping(global) => handle=00000000 err=2
[2026-03-11 23:15:43][PID=33700][TID=33464] CreateFileMapping(local) => handle=00000B38 err=0
[2026-03-11 23:15:43][PID=33700][TID=33464] MapViewOfFile => ptr=0E460000 err=183
[2026-03-11 23:15:43][PID=33700][TID=33464] get_shm success: shm_pid=28592
[2026-03-11 23:15:43][PID=33700][TID=33464] get_shm enter: targetPid=33700 create=0
[2026-03-11 23:15:43][PID=33700][TID=33464] names: local=Local\{385FC524-96E3-4839-9909-1F2135D4F928} | global=Global\{385FC524-96E3-4839-9909-1F2135D4F928}
[2026-03-11 23:15:43][PID=33700][TID=33464] OpenFileMapping(local) => handle=00000B50 err=183
[2026-03-11 23:15:43][PID=33700][TID=33464] MapViewOfFile => ptr=0E4F0000 err=183
[2026-03-11 23:15:43][PID=33700][TID=33464] get_shm success: shm_pid=33700
[2026-03-11 23:15:43][PID=33700][TID=33464] free_shm enter: ptr=0E4F0000 handle=00000B50 shm_pid=33700
[2026-03-11 23:15:43][PID=33700][TID=33464] UnmapViewOfFile done
[2026-03-11 23:15:43][PID=33700][TID=33464] CloseHandle done
[2026-03-11 23:15:43][PID=33700][TID=33464] free_shm leave
[2026-03-11 23:15:43][PID=28592][TID=32972] get_shm enter: targetPid=28592 create=0
[2026-03-11 23:15:43][PID=28592][TID=32972] names: local=Local\{385FC524-96E3-4839-9909-1F2135D4F928} | global=Global\{385FC524-96E3-4839-9909-1F2135D4F928}
[2026-03-11 23:15:43][PID=28592][TID=32972] OpenFileMapping(local) => handle=000000F4 err=183
[2026-03-11 23:15:43][PID=28592][TID=32972] MapViewOfFile => ptr=01AB0000 err=183
[2026-03-11 23:15:43][PID=28592][TID=32972] get_shm success: shm_pid=28592
[2026-03-11 23:15:43][PID=28592][TID=32972] free_shm enter: ptr=01AB0000 handle=000000F4 shm_pid=28592
[2026-03-11 23:15:43][PID=28592][TID=32972] UnmapViewOfFile done
[2026-03-11 23:15:43][PID=28592][TID=32972] CloseHandle done
[2026-03-11 23:15:43][PID=28592][TID=32972] free_shm leave
[2026-03-11 23:15:43][PID=33700][TID=33464] free_shm enter: ptr=0E460000 handle=00000B38 shm_pid=28592
[2026-03-11 23:15:43][PID=33700][TID=33464] UnmapViewOfFile done
[2026-03-11 23:15:43][PID=33700][TID=33464] CloseHandle done
[2026-03-11 23:15:46][PID=33700][TID=33464] free_shm leave
[2026-03-11 23:16:09][PID=4292][TID=24692] get_shm enter: targetPid=31600 create=1
[2026-03-11 23:16:09][PID=4292][TID=24692] names: local=Local\{385FC524-96E3-4839-9909-1F2135D4F928} | global=Global\{385FC524-96E3-4839-9909-1F2135D4F928}
[2026-03-11 23:16:09][PID=4292][TID=24692] OpenFileMapping(local) => handle=00000000 err=2
[2026-03-11 23:16:09][PID=4292][TID=24692] OpenFileMapping(global) => handle=00000000 err=2
[2026-03-11 23:16:09][PID=4292][TID=24692] CreateFileMapping(local) => handle=00000B5C err=0
[2026-03-11 23:16:09][PID=4292][TID=24692] MapViewOfFile => ptr=0E620000 err=183
[2026-03-11 23:16:09][PID=4292][TID=24692] get_shm success: shm_pid=31600
[2026-03-11 23:16:09][PID=4292][TID=24692] get_shm enter: targetPid=4292 create=0
[2026-03-11 23:16:09][PID=4292][TID=24692] names: local=Local\{385FC524-96E3-4839-9909-1F2135D4F928} | global=Global\{385FC524-96E3-4839-9909-1F2135D4F928}
[2026-03-11 23:16:09][PID=4292][TID=24692] OpenFileMapping(local) => handle=00000B60 err=183
[2026-03-11 23:16:09][PID=4292][TID=24692] MapViewOfFile => ptr=0E650000 err=183
[2026-03-11 23:16:09][PID=4292][TID=24692] get_shm success: shm_pid=4292
[2026-03-11 23:16:09][PID=4292][TID=24692] free_shm enter: ptr=0E650000 handle=00000B60 shm_pid=4292
[2026-03-11 23:16:09][PID=4292][TID=24692] UnmapViewOfFile done
[2026-03-11 23:16:09][PID=4292][TID=24692] CloseHandle done
[2026-03-11 23:16:09][PID=4292][TID=24692] free_shm leave
[2026-03-11 23:16:09][PID=31600][TID=29596] get_shm enter: targetPid=31600 create=0
[2026-03-11 23:16:09][PID=31600][TID=29596] names: local=Local\{385FC524-96E3-4839-9909-1F2135D4F928} | global=Global\{385FC524-96E3-4839-9909-1F2135D4F928}
[2026-03-11 23:16:09][PID=31600][TID=29596] OpenFileMapping(local) => handle=00000308 err=183
[2026-03-11 23:16:09][PID=31600][TID=29596] MapViewOfFile => ptr=015A0000 err=183
[2026-03-11 23:16:09][PID=31600][TID=29596] get_shm success: shm_pid=31600
[2026-03-11 23:16:09][PID=31600][TID=29596] free_shm enter: ptr=015A0000 handle=00000308 shm_pid=31600
[2026-03-11 23:16:09][PID=31600][TID=29596] UnmapViewOfFile done
[2026-03-11 23:16:09][PID=31600][TID=29596] CloseHandle done
[2026-03-11 23:16:09][PID=31600][TID=29596] free_shm leave
[2026-03-11 23:16:09][PID=4292][TID=24692] free_shm enter: ptr=0E620000 handle=00000B5C shm_pid=31600
[2026-03-11 23:16:09][PID=4292][TID=24692] UnmapViewOfFile done
[2026-03-11 23:16:09][PID=4292][TID=24692] CloseHandle done
[2026-03-11 23:16:09][PID=4292][TID=24692] free_shm leave
[2026-03-11 23:23:12][PID=34612][TID=26888] get_shm enter: targetPid=2316 create=1
[2026-03-11 23:23:12][PID=34612][TID=26888] names: local=Local\{385FC524-96E3-4839-9909-1F2135D4F928} | global=Global\{385FC524-96E3-4839-9909-1F2135D4F928}
[2026-03-11 23:23:12][PID=34612][TID=26888] OpenFileMapping(local) => handle=00000000 err=2
[2026-03-11 23:23:12][PID=34612][TID=26888] OpenFileMapping(global) => handle=00000000 err=2
[2026-03-11 23:23:12][PID=34612][TID=26888] CreateFileMapping(local) => handle=00000B34 err=0
[2026-03-11 23:23:12][PID=34612][TID=26888] MapViewOfFile => ptr=0DC00000 err=183
[2026-03-11 23:23:12][PID=34612][TID=26888] get_shm success: shm_pid=2316
[2026-03-11 23:23:12][PID=34612][TID=26888] get_shm enter: targetPid=34612 create=0
[2026-03-11 23:23:12][PID=34612][TID=26888] names: local=Local\{385FC524-96E3-4839-9909-1F2135D4F928} | global=Global\{385FC524-96E3-4839-9909-1F2135D4F928}
[2026-03-11 23:23:12][PID=34612][TID=26888] OpenFileMapping(local) => handle=00000B50 err=183
[2026-03-11 23:23:12][PID=34612][TID=26888] MapViewOfFile => ptr=0DC30000 err=183
[2026-03-11 23:23:12][PID=34612][TID=26888] get_shm success: shm_pid=34612
[2026-03-11 23:23:12][PID=34612][TID=26888] free_shm enter: ptr=0DC30000 handle=00000B50 shm_pid=34612
[2026-03-11 23:23:12][PID=34612][TID=26888] UnmapViewOfFile done
[2026-03-11 23:23:12][PID=34612][TID=26888] CloseHandle done
[2026-03-11 23:23:12][PID=34612][TID=26888] free_shm leave
[2026-03-11 23:23:13][PID=2316][TID=27824] get_shm enter: targetPid=2316 create=0
[2026-03-11 23:23:13][PID=2316][TID=27824] names: local=Local\{385FC524-96E3-4839-9909-1F2135D4F928} | global=Global\{385FC524-96E3-4839-9909-1F2135D4F928}
[2026-03-11 23:23:13][PID=2316][TID=27824] OpenFileMapping(local) => handle=0000030C err=183
[2026-03-11 23:23:13][PID=2316][TID=27824] MapViewOfFile => ptr=015F0000 err=183
[2026-03-11 23:23:13][PID=2316][TID=27824] get_shm success: shm_pid=2316
[2026-03-11 23:23:13][PID=2316][TID=27824] free_shm enter: ptr=015F0000 handle=0000030C shm_pid=2316
[2026-03-11 23:23:13][PID=2316][TID=27824] UnmapViewOfFile done
[2026-03-11 23:23:13][PID=2316][TID=27824] CloseHandle done
[2026-03-11 23:23:13][PID=2316][TID=27824] free_shm leave
[2026-03-11 23:23:13][PID=34612][TID=26888] free_shm enter: ptr=0DC00000 handle=00000B34 shm_pid=2316
[2026-03-11 23:23:13][PID=34612][TID=26888] UnmapViewOfFile done
[2026-03-11 23:23:13][PID=34612][TID=26888] CloseHandle done
[2026-03-11 23:23:13][PID=34612][TID=26888] free_shm leave
[2026-03-11 23:28:59][PID=21776][TID=28528] get_shm enter: targetPid=21672 create=1
[2026-03-11 23:28:59][PID=21776][TID=28528] names: local=Local\{385FC524-96E3-4839-9909-1F2135D4F928} | global=Global\{385FC524-96E3-4839-9909-1F2135D4F928}
[2026-03-11 23:28:59][PID=21776][TID=28528] OpenFileMapping(local) => handle=00000000 err=2
[2026-03-11 23:28:59][PID=21776][TID=28528] OpenFileMapping(global) => handle=00000000 err=2
[2026-03-11 23:28:59][PID=21776][TID=28528] CreateFileMapping(local) => handle=00000B00 err=0
[2026-03-11 23:28:59][PID=21776][TID=28528] MapViewOfFile => ptr=062A0000 err=183
[2026-03-11 23:28:59][PID=21776][TID=28528] get_shm success: shm_pid=21672
[2026-03-11 23:28:59][PID=21776][TID=28528] get_shm enter: targetPid=21776 create=0
[2026-03-11 23:28:59][PID=21776][TID=28528] names: local=Local\{385FC524-96E3-4839-9909-1F2135D4F928} | global=Global\{385FC524-96E3-4839-9909-1F2135D4F928}
[2026-03-11 23:28:59][PID=21776][TID=28528] OpenFileMapping(local) => handle=00000AF0 err=183
[2026-03-11 23:28:59][PID=21776][TID=28528] MapViewOfFile => ptr=06410000 err=183
[2026-03-11 23:28:59][PID=21776][TID=28528] get_shm success: shm_pid=21776
[2026-03-11 23:28:59][PID=21776][TID=28528] free_shm enter: ptr=06410000 handle=00000AF0 shm_pid=21776
[2026-03-11 23:28:59][PID=21776][TID=28528] UnmapViewOfFile done
[2026-03-11 23:28:59][PID=21776][TID=28528] CloseHandle done
[2026-03-11 23:28:59][PID=21776][TID=28528] free_shm leave
[2026-03-11 23:28:59][PID=21672][TID=32884] get_shm enter: targetPid=21672 create=0
[2026-03-11 23:28:59][PID=21672][TID=32884] names: local=Local\{385FC524-96E3-4839-9909-1F2135D4F928} | global=Global\{385FC524-96E3-4839-9909-1F2135D4F928}
[2026-03-11 23:28:59][PID=21672][TID=32884] OpenFileMapping(local) => handle=00000300 err=183
[2026-03-11 23:28:59][PID=21672][TID=32884] MapViewOfFile => ptr=01510000 err=183
[2026-03-11 23:28:59][PID=21672][TID=32884] get_shm success: shm_pid=21672
[2026-03-11 23:28:59][PID=21672][TID=32884] free_shm enter: ptr=01510000 handle=00000300 shm_pid=21672
[2026-03-11 23:28:59][PID=21672][TID=32884] UnmapViewOfFile done
[2026-03-11 23:28:59][PID=21672][TID=32884] CloseHandle done
[2026-03-11 23:28:59][PID=21672][TID=32884] free_shm leave
[2026-03-11 23:28:59][PID=21776][TID=28528] free_shm enter: ptr=062A0000 handle=00000B00 shm_pid=21672
[2026-03-11 23:28:59][PID=21776][TID=28528] UnmapViewOfFile done
[2026-03-11 23:28:59][PID=21776][TID=28528] CloseHandle done
[2026-03-11 23:28:59][PID=21776][TID=28528] free_shm leave
[2026-03-11 23:31:07][PID=33464][TID=31432] get_shm enter: targetPid=23924 create=1
[2026-03-11 23:31:07][PID=33464][TID=31432] names: local=Local\{385FC524-96E3-4839-9909-1F2135D4F928} | global=Global\{385FC524-96E3-4839-9909-1F2135D4F928}
[2026-03-11 23:31:07][PID=33464][TID=31432] OpenFileMapping(local) => handle=00000000 err=2
[2026-03-11 23:31:07][PID=33464][TID=31432] OpenFileMapping(global) => handle=00000000 err=2
[2026-03-11 23:31:07][PID=33464][TID=31432] CreateFileMapping(local) => handle=000008C8 err=0
[2026-03-11 23:31:07][PID=33464][TID=31432] MapViewOfFile => ptr=06210000 err=183
[2026-03-11 23:31:07][PID=33464][TID=31432] get_shm success: shm_pid=23924
[2026-03-11 23:31:07][PID=33464][TID=31432] get_shm enter: targetPid=33464 create=0
[2026-03-11 23:31:07][PID=33464][TID=31432] names: local=Local\{385FC524-96E3-4839-9909-1F2135D4F928} | global=Global\{385FC524-96E3-4839-9909-1F2135D4F928}
[2026-03-11 23:31:07][PID=33464][TID=31432] OpenFileMapping(local) => handle=00000764 err=183
[2026-03-11 23:31:07][PID=33464][TID=31432] MapViewOfFile => ptr=06370000 err=183
[2026-03-11 23:31:07][PID=33464][TID=31432] get_shm success: shm_pid=33464
[2026-03-11 23:31:07][PID=33464][TID=31432] free_shm enter: ptr=06370000 handle=00000764 shm_pid=33464
[2026-03-11 23:31:07][PID=33464][TID=31432] UnmapViewOfFile done
[2026-03-11 23:31:07][PID=33464][TID=31432] CloseHandle done
[2026-03-11 23:31:07][PID=33464][TID=31432] free_shm leave
[2026-03-11 23:31:07][PID=23924][TID=32056] get_shm enter: targetPid=23924 create=0
[2026-03-11 23:31:07][PID=23924][TID=32056] names: local=Local\{385FC524-96E3-4839-9909-1F2135D4F928} | global=Global\{385FC524-96E3-4839-9909-1F2135D4F928}
[2026-03-11 23:31:07][PID=23924][TID=32056] OpenFileMapping(local) => handle=00000318 err=183
[2026-03-11 23:31:07][PID=23924][TID=32056] MapViewOfFile => ptr=015A0000 err=183
[2026-03-11 23:31:07][PID=23924][TID=32056] get_shm success: shm_pid=23924
[2026-03-11 23:31:07][PID=23924][TID=32056] free_shm enter: ptr=015A0000 handle=00000318 shm_pid=23924
[2026-03-11 23:31:07][PID=23924][TID=32056] UnmapViewOfFile done
[2026-03-11 23:31:07][PID=23924][TID=32056] CloseHandle done
[2026-03-11 23:31:07][PID=23924][TID=32056] free_shm leave
[2026-03-11 23:31:07][PID=33464][TID=31432] free_shm enter: ptr=06210000 handle=000008C8 shm_pid=23924
[2026-03-11 23:31:07][PID=33464][TID=31432] UnmapViewOfFile done
[2026-03-11 23:31:07][PID=33464][TID=31432] CloseHandle done
[2026-03-11 23:31:07][PID=33464][TID=31432] free_shm leave
[2026-03-11 23:31:56][PID=27516][TID=30472] get_shm enter: targetPid=27684 create=1
[2026-03-11 23:31:56][PID=27516][TID=30472] names: local=Local\{385FC524-96E3-4839-9909-1F2135D4F928} | global=Global\{385FC524-96E3-4839-9909-1F2135D4F928}
[2026-03-11 23:31:56][PID=27516][TID=30472] OpenFileMapping(local) => handle=00000000 err=2
[2026-03-11 23:31:56][PID=27516][TID=30472] OpenFileMapping(global) => handle=00000000 err=2
[2026-03-11 23:31:56][PID=27516][TID=30472] CreateFileMapping(local) => handle=00000B64 err=0
[2026-03-11 23:31:56][PID=27516][TID=30472] MapViewOfFile => ptr=0E860000 err=183
[2026-03-11 23:31:56][PID=27516][TID=30472] get_shm success: shm_pid=27684
[2026-03-11 23:31:56][PID=27516][TID=30472] get_shm enter: targetPid=27516 create=0
[2026-03-11 23:31:56][PID=27516][TID=30472] names: local=Local\{385FC524-96E3-4839-9909-1F2135D4F928} | global=Global\{385FC524-96E3-4839-9909-1F2135D4F928}
[2026-03-11 23:31:56][PID=27516][TID=30472] OpenFileMapping(local) => handle=00000B68 err=183
[2026-03-11 23:31:56][PID=27516][TID=30472] MapViewOfFile => ptr=0EB70000 err=183
[2026-03-11 23:31:56][PID=27516][TID=30472] get_shm success: shm_pid=27516
[2026-03-11 23:31:56][PID=27516][TID=30472] free_shm enter: ptr=0EB70000 handle=00000B68 shm_pid=27516
[2026-03-11 23:31:56][PID=27516][TID=30472] UnmapViewOfFile done
[2026-03-11 23:31:56][PID=27516][TID=30472] CloseHandle done
[2026-03-11 23:31:56][PID=27516][TID=30472] free_shm leave
[2026-03-11 23:31:56][PID=27684][TID=22828] get_shm enter: targetPid=27684 create=0
[2026-03-11 23:31:56][PID=27684][TID=22828] names: local=Local\{385FC524-96E3-4839-9909-1F2135D4F928} | global=Global\{385FC524-96E3-4839-9909-1F2135D4F928}
[2026-03-11 23:31:56][PID=27684][TID=22828] OpenFileMapping(local) => handle=00000310 err=183
[2026-03-11 23:31:56][PID=27684][TID=22828] MapViewOfFile => ptr=01550000 err=183
[2026-03-11 23:31:56][PID=27684][TID=22828] get_shm success: shm_pid=27684
[2026-03-11 23:31:56][PID=27684][TID=22828] free_shm enter: ptr=01550000 handle=00000310 shm_pid=27684
[2026-03-11 23:31:56][PID=27684][TID=22828] UnmapViewOfFile done
[2026-03-11 23:31:56][PID=27684][TID=22828] CloseHandle done
[2026-03-11 23:31:56][PID=27684][TID=22828] free_shm leave
[2026-03-11 23:31:56][PID=27516][TID=30472] free_shm enter: ptr=0E860000 handle=00000B64 shm_pid=27684
[2026-03-11 23:31:56][PID=27516][TID=30472] UnmapViewOfFile done
[2026-03-11 23:31:56][PID=27516][TID=30472] CloseHandle done
[2026-03-11 23:31:59][PID=27516][TID=30472] free_shm leave
[2026-03-11 23:35:35][PID=30268][TID=26132] get_shm enter: targetPid=29960 create=1
[2026-03-11 23:35:35][PID=30268][TID=26132] names: local=Local\{385FC524-96E3-4839-9909-1F2135D4F928} | global=Global\{385FC524-96E3-4839-9909-1F2135D4F928}
[2026-03-11 23:35:35][PID=30268][TID=26132] OpenFileMapping(local) => handle=00000000 err=2
[2026-03-11 23:35:35][PID=30268][TID=26132] OpenFileMapping(global) => handle=00000000 err=2
[2026-03-11 23:35:35][PID=30268][TID=26132] CreateFileMapping(local) => handle=00000884 err=0
[2026-03-11 23:35:35][PID=30268][TID=26132] MapViewOfFile => ptr=0DDA0000 err=183
[2026-03-11 23:35:35][PID=30268][TID=26132] get_shm success: shm_pid=29960
[2026-03-11 23:35:35][PID=30268][TID=26132] get_shm enter: targetPid=30268 create=0
[2026-03-11 23:35:35][PID=30268][TID=26132] names: local=Local\{385FC524-96E3-4839-9909-1F2135D4F928} | global=Global\{385FC524-96E3-4839-9909-1F2135D4F928}
[2026-03-11 23:35:35][PID=30268][TID=26132] OpenFileMapping(local) => handle=00000B8C err=183
[2026-03-11 23:35:35][PID=30268][TID=26132] MapViewOfFile => ptr=0DF00000 err=183
[2026-03-11 23:35:35][PID=30268][TID=26132] get_shm success: shm_pid=30268
[2026-03-11 23:35:35][PID=30268][TID=26132] free_shm enter: ptr=0DF00000 handle=00000B8C shm_pid=30268
[2026-03-11 23:35:35][PID=30268][TID=26132] UnmapViewOfFile done
[2026-03-11 23:35:35][PID=30268][TID=26132] CloseHandle done
[2026-03-11 23:35:35][PID=30268][TID=26132] free_shm leave
[2026-03-11 23:35:35][PID=29960][TID=32692] get_shm enter: targetPid=29960 create=0
[2026-03-11 23:35:35][PID=29960][TID=32692] names: local=Local\{385FC524-96E3-4839-9909-1F2135D4F928} | global=Global\{385FC524-96E3-4839-9909-1F2135D4F928}
[2026-03-11 23:35:35][PID=29960][TID=32692] OpenFileMapping(local) => handle=00000318 err=183
[2026-03-11 23:35:35][PID=29960][TID=32692] MapViewOfFile => ptr=01590000 err=183
[2026-03-11 23:35:35][PID=29960][TID=32692] get_shm success: shm_pid=29960
[2026-03-11 23:35:35][PID=29960][TID=32692] free_shm enter: ptr=01590000 handle=00000318 shm_pid=29960
[2026-03-11 23:35:35][PID=29960][TID=32692] UnmapViewOfFile done
[2026-03-11 23:35:35][PID=29960][TID=32692] CloseHandle done
[2026-03-11 23:35:35][PID=29960][TID=32692] free_shm leave
[2026-03-11 23:35:35][PID=30268][TID=26132] free_shm enter: ptr=0DDA0000 handle=00000884 shm_pid=29960
[2026-03-11 23:35:35][PID=30268][TID=26132] UnmapViewOfFile done
[2026-03-11 23:35:35][PID=30268][TID=26132] CloseHandle done
[2026-03-11 23:35:35][PID=30268][TID=26132] free_shm leave
[2026-03-11 23:37:17][PID=28468][TID=32300] get_shm enter: targetPid=28828 create=1
[2026-03-11 23:37:17][PID=28468][TID=32300] names: local=Local\{385FC524-96E3-4839-9909-1F2135D4F928} | global=Global\{385FC524-96E3-4839-9909-1F2135D4F928}
[2026-03-11 23:37:17][PID=28468][TID=32300] OpenFileMapping(local) => handle=00000000 err=2
[2026-03-11 23:37:17][PID=28468][TID=32300] OpenFileMapping(global) => handle=00000000 err=2
[2026-03-11 23:37:17][PID=28468][TID=32300] CreateFileMapping(local) => handle=00000B64 err=0
[2026-03-11 23:37:17][PID=28468][TID=32300] MapViewOfFile => ptr=0DC30000 err=183
[2026-03-11 23:37:17][PID=28468][TID=32300] get_shm success: shm_pid=28828
[2026-03-11 23:37:17][PID=28468][TID=32300] get_shm enter: targetPid=28468 create=0
[2026-03-11 23:37:17][PID=28468][TID=32300] names: local=Local\{385FC524-96E3-4839-9909-1F2135D4F928} | global=Global\{385FC524-96E3-4839-9909-1F2135D4F928}
[2026-03-11 23:37:17][PID=28468][TID=32300] OpenFileMapping(local) => handle=000009E8 err=183
[2026-03-11 23:37:17][PID=28468][TID=32300] MapViewOfFile => ptr=0DF30000 err=183
[2026-03-11 23:37:17][PID=28468][TID=32300] get_shm success: shm_pid=28468
[2026-03-11 23:37:17][PID=28468][TID=32300] free_shm enter: ptr=0DF30000 handle=000009E8 shm_pid=28468
[2026-03-11 23:37:17][PID=28468][TID=32300] UnmapViewOfFile done
[2026-03-11 23:37:17][PID=28468][TID=32300] CloseHandle done
[2026-03-11 23:37:17][PID=28468][TID=32300] free_shm leave
[2026-03-11 23:37:17][PID=28828][TID=23696] get_shm enter: targetPid=28828 create=0
[2026-03-11 23:37:17][PID=28828][TID=23696] names: local=Local\{385FC524-96E3-4839-9909-1F2135D4F928} | global=Global\{385FC524-96E3-4839-9909-1F2135D4F928}
[2026-03-11 23:37:17][PID=28828][TID=23696] OpenFileMapping(local) => handle=000002F0 err=183
[2026-03-11 23:37:17][PID=28828][TID=23696] MapViewOfFile => ptr=01570000 err=183
[2026-03-11 23:37:17][PID=28828][TID=23696] get_shm success: shm_pid=28828
[2026-03-11 23:37:17][PID=28828][TID=23696] free_shm enter: ptr=01570000 handle=000002F0 shm_pid=28828
[2026-03-11 23:37:17][PID=28828][TID=23696] UnmapViewOfFile done
[2026-03-11 23:37:17][PID=28828][TID=23696] CloseHandle done
[2026-03-11 23:37:17][PID=28828][TID=23696] free_shm leave
[2026-03-11 23:37:17][PID=28468][TID=32300] free_shm enter: ptr=0DC30000 handle=00000B64 shm_pid=28828
[2026-03-11 23:37:19][PID=28468][TID=32300] UnmapViewOfFile done
[2026-03-11 23:37:19][PID=28468][TID=32300] CloseHandle done
[2026-03-11 23:37:47][PID=32276][TID=33248] get_shm enter: targetPid=26368 create=1
[2026-03-11 23:37:47][PID=32276][TID=33248] names: local=Local\{385FC524-96E3-4839-9909-1F2135D4F928} | global=Global\{385FC524-96E3-4839-9909-1F2135D4F928}
[2026-03-11 23:37:47][PID=32276][TID=33248] OpenFileMapping(local) => handle=00000000 err=2
[2026-03-11 23:37:47][PID=32276][TID=33248] OpenFileMapping(global) => handle=00000000 err=2
[2026-03-11 23:37:47][PID=32276][TID=33248] CreateFileMapping(local) => handle=00000B54 err=0
[2026-03-11 23:37:47][PID=32276][TID=33248] MapViewOfFile => ptr=05FA0000 err=183
[2026-03-11 23:37:47][PID=32276][TID=33248] get_shm success: shm_pid=26368
[2026-03-11 23:37:47][PID=32276][TID=33248] get_shm enter: targetPid=32276 create=0
[2026-03-11 23:37:47][PID=32276][TID=33248] names: local=Local\{385FC524-96E3-4839-9909-1F2135D4F928} | global=Global\{385FC524-96E3-4839-9909-1F2135D4F928}
[2026-03-11 23:37:47][PID=32276][TID=33248] OpenFileMapping(local) => handle=00000B58 err=183
[2026-03-11 23:37:47][PID=32276][TID=33248] MapViewOfFile => ptr=062F0000 err=183
[2026-03-11 23:37:47][PID=32276][TID=33248] get_shm success: shm_pid=32276
[2026-03-11 23:37:47][PID=32276][TID=33248] free_shm enter: ptr=062F0000 handle=00000B58 shm_pid=32276
[2026-03-11 23:37:47][PID=32276][TID=33248] UnmapViewOfFile done
[2026-03-11 23:37:47][PID=32276][TID=33248] CloseHandle done
[2026-03-11 23:37:47][PID=32276][TID=33248] free_shm leave
[2026-03-11 23:37:47][PID=26368][TID=19308] get_shm enter: targetPid=26368 create=0
[2026-03-11 23:37:47][PID=26368][TID=19308] names: local=Local\{385FC524-96E3-4839-9909-1F2135D4F928} | global=Global\{385FC524-96E3-4839-9909-1F2135D4F928}
[2026-03-11 23:37:47][PID=26368][TID=19308] OpenFileMapping(local) => handle=00000314 err=183
[2026-03-11 23:37:47][PID=26368][TID=19308] MapViewOfFile => ptr=01AC0000 err=183
[2026-03-11 23:37:47][PID=26368][TID=19308] get_shm success: shm_pid=26368
[2026-03-11 23:37:47][PID=26368][TID=19308] free_shm enter: ptr=01AC0000 handle=00000314 shm_pid=26368
[2026-03-11 23:37:47][PID=26368][TID=19308] UnmapViewOfFile done
[2026-03-11 23:37:47][PID=26368][TID=19308] CloseHandle done
[2026-03-11 23:37:47][PID=26368][TID=19308] free_shm leave
[2026-03-11 23:37:47][PID=32276][TID=33248] free_shm enter: ptr=05FA0000 handle=00000B54 shm_pid=26368
[2026-03-11 23:37:47][PID=32276][TID=33248] UnmapViewOfFile done
[2026-03-11 23:37:47][PID=32276][TID=33248] CloseHandle done
[2026-03-11 23:37:50][PID=32276][TID=33248] free_shm leave
[2026-03-11 23:51:54][PID=26996][TID=18196] get_shm enter: targetPid=32892 create=1
[2026-03-11 23:51:54][PID=26996][TID=18196] names: local=Local\{385FC524-96E3-4839-9909-1F2135D4F928} | global=Global\{385FC524-96E3-4839-9909-1F2135D4F928}
[2026-03-11 23:51:54][PID=26996][TID=18196] OpenFileMapping(local) => handle=00000000 err=2
[2026-03-11 23:51:54][PID=26996][TID=18196] OpenFileMapping(global) => handle=00000000 err=2
[2026-03-11 23:51:54][PID=26996][TID=18196] CreateFileMapping(local) => handle=00000B50 err=0
[2026-03-11 23:51:54][PID=26996][TID=18196] MapViewOfFile => ptr=060B0000 err=183
[2026-03-11 23:51:54][PID=26996][TID=18196] get_shm success: shm_pid=32892
[2026-03-11 23:51:54][PID=26996][TID=18196] get_shm enter: targetPid=26996 create=0
[2026-03-11 23:51:54][PID=26996][TID=18196] names: local=Local\{385FC524-96E3-4839-9909-1F2135D4F928} | global=Global\{385FC524-96E3-4839-9909-1F2135D4F928}
[2026-03-11 23:51:54][PID=26996][TID=18196] OpenFileMapping(local) => handle=00000B54 err=183
[2026-03-11 23:51:54][PID=26996][TID=18196] MapViewOfFile => ptr=06280000 err=183
[2026-03-11 23:51:54][PID=26996][TID=18196] get_shm success: shm_pid=26996
[2026-03-11 23:51:54][PID=26996][TID=18196] free_shm enter: ptr=06280000 handle=00000B54 shm_pid=26996
[2026-03-11 23:51:54][PID=26996][TID=18196] UnmapViewOfFile done
[2026-03-11 23:51:54][PID=26996][TID=18196] CloseHandle done
[2026-03-11 23:51:54][PID=26996][TID=18196] free_shm leave
[2026-03-11 23:51:54][PID=32892][TID=16248] get_shm enter: targetPid=32892 create=0
[2026-03-11 23:51:54][PID=32892][TID=16248] names: local=Local\{385FC524-96E3-4839-9909-1F2135D4F928} | global=Global\{385FC524-96E3-4839-9909-1F2135D4F928}
[2026-03-11 23:51:54][PID=32892][TID=16248] OpenFileMapping(local) => handle=00000300 err=183
[2026-03-11 23:51:54][PID=32892][TID=16248] MapViewOfFile => ptr=01550000 err=183
[2026-03-11 23:51:54][PID=32892][TID=16248] get_shm success: shm_pid=32892
[2026-03-11 23:51:54][PID=32892][TID=16248] free_shm enter: ptr=01550000 handle=00000300 shm_pid=32892
[2026-03-11 23:51:54][PID=32892][TID=16248] UnmapViewOfFile done
[2026-03-11 23:51:54][PID=32892][TID=16248] CloseHandle done
[2026-03-11 23:51:54][PID=32892][TID=16248] free_shm leave
[2026-03-11 23:51:54][PID=26996][TID=18196] free_shm enter: ptr=060B0000 handle=00000B50 shm_pid=32892
[2026-03-11 23:51:54][PID=26996][TID=18196] UnmapViewOfFile done
[2026-03-11 23:51:54][PID=26996][TID=18196] CloseHandle done
[2026-03-11 23:51:54][PID=26996][TID=18196] free_shm leave
[2026-03-11 23:57:14][PID=33312][TID=17540] get_shm enter: targetPid=12912 create=1
[2026-03-11 23:57:14][PID=33312][TID=17540] names: local=Local\{385FC524-96E3-4839-9909-1F2135D4F928} | global=Global\{385FC524-96E3-4839-9909-1F2135D4F928}
[2026-03-11 23:57:14][PID=33312][TID=17540] OpenFileMapping(local) => handle=00000000 err=2
[2026-03-11 23:57:14][PID=33312][TID=17540] OpenFileMapping(global) => handle=00000000 err=2
[2026-03-11 23:57:14][PID=33312][TID=17540] CreateFileMapping(local) => handle=00000B4C err=0
[2026-03-11 23:57:14][PID=33312][TID=17540] MapViewOfFile => ptr=08020000 err=183
[2026-03-11 23:57:14][PID=33312][TID=17540] get_shm success: shm_pid=12912
[2026-03-11 23:57:14][PID=33312][TID=17540] get_shm enter: targetPid=33312 create=0
[2026-03-11 23:57:14][PID=33312][TID=17540] names: local=Local\{385FC524-96E3-4839-9909-1F2135D4F928} | global=Global\{385FC524-96E3-4839-9909-1F2135D4F928}
[2026-03-11 23:57:14][PID=33312][TID=17540] OpenFileMapping(local) => handle=000009F4 err=183
[2026-03-11 23:57:14][PID=33312][TID=17540] MapViewOfFile => ptr=0E270000 err=183
[2026-03-11 23:57:14][PID=33312][TID=17540] get_shm success: shm_pid=33312
[2026-03-11 23:57:14][PID=33312][TID=17540] free_shm enter: ptr=0E270000 handle=000009F4 shm_pid=33312
[2026-03-11 23:57:14][PID=33312][TID=17540] UnmapViewOfFile done
[2026-03-11 23:57:14][PID=33312][TID=17540] CloseHandle done
[2026-03-11 23:57:14][PID=33312][TID=17540] free_shm leave
[2026-03-11 23:57:14][PID=12912][TID=30220] get_shm enter: targetPid=12912 create=0
[2026-03-11 23:57:14][PID=12912][TID=30220] names: local=Local\{385FC524-96E3-4839-9909-1F2135D4F928} | global=Global\{385FC524-96E3-4839-9909-1F2135D4F928}
[2026-03-11 23:57:14][PID=12912][TID=30220] OpenFileMapping(local) => handle=0000031C err=183
[2026-03-11 23:57:14][PID=12912][TID=30220] MapViewOfFile => ptr=015D0000 err=183
[2026-03-11 23:57:14][PID=12912][TID=30220] get_shm success: shm_pid=12912
[2026-03-11 23:57:14][PID=12912][TID=30220] free_shm enter: ptr=015D0000 handle=0000031C shm_pid=12912
[2026-03-11 23:57:14][PID=12912][TID=30220] UnmapViewOfFile done
[2026-03-11 23:57:14][PID=12912][TID=30220] CloseHandle done
[2026-03-11 23:57:14][PID=12912][TID=30220] free_shm leave
[2026-03-11 23:57:14][PID=33312][TID=17540] free_shm enter: ptr=08020000 handle=00000B4C shm_pid=12912
[2026-03-11 23:57:14][PID=33312][TID=17540] UnmapViewOfFile done
[2026-03-11 23:57:14][PID=33312][TID=17540] CloseHandle done
[2026-03-11 23:57:14][PID=33312][TID=17540] free_shm leave
[2026-03-11 23:57:36][PID=29620][TID=11740] get_shm enter: targetPid=20084 create=1
[2026-03-11 23:57:36][PID=29620][TID=11740] names: local=Local\{385FC524-96E3-4839-9909-1F2135D4F928} | global=Global\{385FC524-96E3-4839-9909-1F2135D4F928}
[2026-03-11 23:57:36][PID=29620][TID=11740] OpenFileMapping(local) => handle=00000000 err=2
[2026-03-11 23:57:36][PID=29620][TID=11740] OpenFileMapping(global) => handle=00000000 err=2
[2026-03-11 23:57:36][PID=29620][TID=11740] CreateFileMapping(local) => handle=00000B40 err=0
[2026-03-11 23:57:36][PID=29620][TID=11740] MapViewOfFile => ptr=05AF0000 err=183
[2026-03-11 23:57:36][PID=29620][TID=11740] get_shm success: shm_pid=20084
[2026-03-11 23:57:36][PID=29620][TID=11740] get_shm enter: targetPid=29620 create=0
[2026-03-11 23:57:36][PID=29620][TID=11740] names: local=Local\{385FC524-96E3-4839-9909-1F2135D4F928} | global=Global\{385FC524-96E3-4839-9909-1F2135D4F928}
[2026-03-11 23:57:36][PID=29620][TID=11740] OpenFileMapping(local) => handle=00000B4C err=183
[2026-03-11 23:57:36][PID=29620][TID=11740] MapViewOfFile => ptr=05CD0000 err=183
[2026-03-11 23:57:36][PID=29620][TID=11740] get_shm success: shm_pid=29620
[2026-03-11 23:57:36][PID=29620][TID=11740] free_shm enter: ptr=05CD0000 handle=00000B4C shm_pid=29620
[2026-03-11 23:57:36][PID=29620][TID=11740] UnmapViewOfFile done
[2026-03-11 23:57:36][PID=29620][TID=11740] CloseHandle done
[2026-03-11 23:57:36][PID=29620][TID=11740] free_shm leave
[2026-03-11 23:57:36][PID=20084][TID=22464] get_shm enter: targetPid=20084 create=0
[2026-03-11 23:57:36][PID=20084][TID=22464] names: local=Local\{385FC524-96E3-4839-9909-1F2135D4F928} | global=Global\{385FC524-96E3-4839-9909-1F2135D4F928}
[2026-03-11 23:57:36][PID=20084][TID=22464] OpenFileMapping(local) => handle=00000314 err=183
[2026-03-11 23:57:36][PID=20084][TID=22464] MapViewOfFile => ptr=01410000 err=183
[2026-03-11 23:57:36][PID=20084][TID=22464] get_shm success: shm_pid=20084
[2026-03-11 23:57:36][PID=20084][TID=22464] free_shm enter: ptr=01410000 handle=00000314 shm_pid=20084
[2026-03-11 23:57:36][PID=20084][TID=22464] UnmapViewOfFile done
[2026-03-11 23:57:36][PID=20084][TID=22464] CloseHandle done
[2026-03-11 23:57:36][PID=20084][TID=22464] free_shm leave
[2026-03-11 23:57:39][PID=29620][TID=11740] free_shm enter: ptr=05AF0000 handle=00000B40 shm_pid=20084
[2026-03-11 23:57:39][PID=29620][TID=11740] UnmapViewOfFile done
[2026-03-11 23:58:28][PID=24320][TID=25480] get_shm enter: targetPid=2492 create=1
[2026-03-11 23:58:28][PID=24320][TID=25480] names: local=Local\{385FC524-96E3-4839-9909-1F2135D4F928} | global=Global\{385FC524-96E3-4839-9909-1F2135D4F928}
[2026-03-11 23:58:28][PID=24320][TID=25480] OpenFileMapping(local) => handle=00000000 err=2
[2026-03-11 23:58:28][PID=24320][TID=25480] OpenFileMapping(global) => handle=00000000 err=2
[2026-03-11 23:58:28][PID=24320][TID=25480] CreateFileMapping(local) => handle=00000B4C err=0
[2026-03-11 23:58:28][PID=24320][TID=25480] MapViewOfFile => ptr=063A0000 err=183
[2026-03-11 23:58:28][PID=24320][TID=25480] get_shm success: shm_pid=2492
[2026-03-11 23:58:28][PID=24320][TID=25480] get_shm enter: targetPid=24320 create=0
[2026-03-11 23:58:28][PID=24320][TID=25480] names: local=Local\{385FC524-96E3-4839-9909-1F2135D4F928} | global=Global\{385FC524-96E3-4839-9909-1F2135D4F928}
[2026-03-11 23:58:28][PID=24320][TID=25480] OpenFileMapping(local) => handle=00000B50 err=183
[2026-03-11 23:58:28][PID=24320][TID=25480] MapViewOfFile => ptr=06500000 err=183
[2026-03-11 23:58:28][PID=24320][TID=25480] get_shm success: shm_pid=24320
[2026-03-11 23:58:28][PID=24320][TID=25480] free_shm enter: ptr=06500000 handle=00000B50 shm_pid=24320
[2026-03-11 23:58:28][PID=24320][TID=25480] UnmapViewOfFile done
[2026-03-11 23:58:28][PID=24320][TID=25480] CloseHandle done
[2026-03-11 23:58:28][PID=24320][TID=25480] free_shm leave
[2026-03-11 23:58:28][PID=2492][TID=20716] get_shm enter: targetPid=2492 create=0
[2026-03-11 23:58:28][PID=2492][TID=20716] names: local=Local\{385FC524-96E3-4839-9909-1F2135D4F928} | global=Global\{385FC524-96E3-4839-9909-1F2135D4F928}
[2026-03-11 23:58:28][PID=2492][TID=20716] OpenFileMapping(local) => handle=00000310 err=183
[2026-03-11 23:58:28][PID=2492][TID=20716] MapViewOfFile => ptr=015D0000 err=183
[2026-03-11 23:58:28][PID=2492][TID=20716] get_shm success: shm_pid=2492
[2026-03-11 23:58:28][PID=2492][TID=20716] free_shm enter: ptr=015D0000 handle=00000310 shm_pid=2492
[2026-03-11 23:58:28][PID=2492][TID=20716] UnmapViewOfFile done
[2026-03-11 23:58:28][PID=2492][TID=20716] CloseHandle done
[2026-03-11 23:58:28][PID=2492][TID=20716] free_shm leave
[2026-03-11 23:58:28][PID=24320][TID=25480] free_shm enter: ptr=063A0000 handle=00000B4C shm_pid=2492
[2026-03-11 23:58:31][PID=24320][TID=25480] UnmapViewOfFile done
[2026-03-11 23:58:31][PID=24320][TID=25480] CloseHandle done
[2026-03-12 00:01:37][PID=5568][TID=29160] get_shm enter: targetPid=30664 create=1
[2026-03-12 00:01:37][PID=5568][TID=29160] names: local=Local\{385FC524-96E3-4839-9909-1F2135D4F928} | global=Global\{385FC524-96E3-4839-9909-1F2135D4F928}
[2026-03-12 00:01:37][PID=5568][TID=29160] OpenFileMapping(local) => handle=00000000 err=2
[2026-03-12 00:01:37][PID=5568][TID=29160] OpenFileMapping(global) => handle=00000000 err=2
[2026-03-12 00:01:37][PID=5568][TID=29160] CreateFileMapping(local) => handle=00000B48 err=0
[2026-03-12 00:01:37][PID=5568][TID=29160] MapViewOfFile => ptr=0D790000 err=183
[2026-03-12 00:01:37][PID=5568][TID=29160] get_shm success: shm_pid=30664
[2026-03-12 00:01:37][PID=5568][TID=29160] get_shm enter: targetPid=5568 create=0
[2026-03-12 00:01:37][PID=5568][TID=29160] names: local=Local\{385FC524-96E3-4839-9909-1F2135D4F928} | global=Global\{385FC524-96E3-4839-9909-1F2135D4F928}
[2026-03-12 00:01:37][PID=5568][TID=29160] OpenFileMapping(local) => handle=00000B64 err=183
[2026-03-12 00:01:37][PID=5568][TID=29160] MapViewOfFile => ptr=0DA90000 err=183
[2026-03-12 00:01:37][PID=5568][TID=29160] get_shm success: shm_pid=5568
[2026-03-12 00:01:37][PID=5568][TID=29160] free_shm enter: ptr=0DA90000 handle=00000B64 shm_pid=5568
[2026-03-12 00:01:37][PID=5568][TID=29160] UnmapViewOfFile done
[2026-03-12 00:01:37][PID=5568][TID=29160] CloseHandle done
[2026-03-12 00:01:37][PID=5568][TID=29160] free_shm leave
[2026-03-12 00:01:37][PID=30664][TID=23780] get_shm enter: targetPid=30664 create=0
[2026-03-12 00:01:37][PID=30664][TID=23780] names: local=Local\{385FC524-96E3-4839-9909-1F2135D4F928} | global=Global\{385FC524-96E3-4839-9909-1F2135D4F928}
[2026-03-12 00:01:37][PID=30664][TID=23780] OpenFileMapping(local) => handle=000000F8 err=183
[2026-03-12 00:01:37][PID=30664][TID=23780] MapViewOfFile => ptr=03370000 err=183
[2026-03-12 00:01:37][PID=30664][TID=23780] get_shm success: shm_pid=30664
[2026-03-12 00:01:37][PID=30664][TID=23780] free_shm enter: ptr=03370000 handle=000000F8 shm_pid=30664
[2026-03-12 00:01:37][PID=30664][TID=23780] UnmapViewOfFile done
[2026-03-12 00:01:37][PID=30664][TID=23780] CloseHandle done
[2026-03-12 00:01:37][PID=30664][TID=23780] free_shm leave
[2026-03-12 00:01:37][PID=5568][TID=29160] free_shm enter: ptr=0D790000 handle=00000B48 shm_pid=30664
[2026-03-12 00:01:37][PID=5568][TID=29160] UnmapViewOfFile done
[2026-03-12 00:01:37][PID=5568][TID=29160] CloseHandle done
[2026-03-12 00:01:37][PID=5568][TID=29160] free_shm leave
[2026-03-12 00:15:06][PID=32056][TID=32960] get_shm enter: targetPid=34640 create=1
[2026-03-12 00:15:06][PID=32056][TID=32960] names: local=Local\{385FC524-96E3-4839-9909-1F2135D4F928} | global=Global\{385FC524-96E3-4839-9909-1F2135D4F928}
[2026-03-12 00:15:06][PID=32056][TID=32960] OpenFileMapping(local) => handle=00000000 err=2
[2026-03-12 00:15:06][PID=32056][TID=32960] OpenFileMapping(global) => handle=00000000 err=2
[2026-03-12 00:15:06][PID=32056][TID=32960] CreateFileMapping(local) => handle=00000B58 err=0
[2026-03-12 00:15:06][PID=32056][TID=32960] MapViewOfFile => ptr=0E860000 err=183
[2026-03-12 00:15:06][PID=32056][TID=32960] get_shm success: shm_pid=34640
[2026-03-12 00:15:06][PID=32056][TID=32960] get_shm enter: targetPid=32056 create=0
[2026-03-12 00:15:06][PID=32056][TID=32960] names: local=Local\{385FC524-96E3-4839-9909-1F2135D4F928} | global=Global\{385FC524-96E3-4839-9909-1F2135D4F928}
[2026-03-12 00:15:06][PID=32056][TID=32960] OpenFileMapping(local) => handle=00000B20 err=183
[2026-03-12 00:15:06][PID=32056][TID=32960] MapViewOfFile => ptr=0E8E0000 err=183
[2026-03-12 00:15:06][PID=32056][TID=32960] get_shm success: shm_pid=32056
[2026-03-12 00:15:06][PID=32056][TID=32960] free_shm enter: ptr=0E8E0000 handle=00000B20 shm_pid=32056
[2026-03-12 00:15:06][PID=32056][TID=32960] UnmapViewOfFile done
[2026-03-12 00:15:06][PID=32056][TID=32960] CloseHandle done
[2026-03-12 00:15:06][PID=32056][TID=32960] free_shm leave
[2026-03-12 00:15:06][PID=34640][TID=22384] get_shm enter: targetPid=34640 create=0
[2026-03-12 00:15:06][PID=34640][TID=22384] names: local=Local\{385FC524-96E3-4839-9909-1F2135D4F928} | global=Global\{385FC524-96E3-4839-9909-1F2135D4F928}
[2026-03-12 00:15:06][PID=34640][TID=22384] OpenFileMapping(local) => handle=0000032C err=183
[2026-03-12 00:15:06][PID=34640][TID=22384] MapViewOfFile => ptr=01550000 err=183
[2026-03-12 00:15:06][PID=34640][TID=22384] get_shm success: shm_pid=34640
[2026-03-12 00:15:06][PID=34640][TID=22384] free_shm enter: ptr=01550000 handle=0000032C shm_pid=34640
[2026-03-12 00:15:06][PID=34640][TID=22384] UnmapViewOfFile done
[2026-03-12 00:15:06][PID=34640][TID=22384] CloseHandle done
[2026-03-12 00:15:06][PID=34640][TID=22384] free_shm leave
[2026-03-12 00:15:06][PID=32056][TID=32960] free_shm enter: ptr=0E860000 handle=00000B58 shm_pid=34640
[2026-03-12 00:15:06][PID=32056][TID=32960] UnmapViewOfFile done
[2026-03-12 00:15:06][PID=32056][TID=32960] CloseHandle done
[2026-03-12 00:15:06][PID=32056][TID=32960] free_shm leave
[2026-03-12 00:20:23][PID=34716][TID=5360] get_shm enter: targetPid=29380 create=1
[2026-03-12 00:20:23][PID=34716][TID=5360] names: local=Local\{385FC524-96E3-4839-9909-1F2135D4F928} | global=Global\{385FC524-96E3-4839-9909-1F2135D4F928}
[2026-03-12 00:20:23][PID=34716][TID=5360] OpenFileMapping(local) => handle=00000000 err=2
[2026-03-12 00:20:23][PID=34716][TID=5360] OpenFileMapping(global) => handle=00000000 err=2
[2026-03-12 00:20:23][PID=34716][TID=5360] CreateFileMapping(local) => handle=00000B54 err=0
[2026-03-12 00:20:23][PID=34716][TID=5360] MapViewOfFile => ptr=0E7A0000 err=183
[2026-03-12 00:20:23][PID=34716][TID=5360] get_shm success: shm_pid=29380
[2026-03-12 00:20:23][PID=34716][TID=5360] get_shm enter: targetPid=34716 create=0
[2026-03-12 00:20:23][PID=34716][TID=5360] names: local=Local\{385FC524-96E3-4839-9909-1F2135D4F928} | global=Global\{385FC524-96E3-4839-9909-1F2135D4F928}
[2026-03-12 00:20:23][PID=34716][TID=5360] OpenFileMapping(local) => handle=00000B58 err=183
[2026-03-12 00:20:23][PID=34716][TID=5360] MapViewOfFile => ptr=0E7D0000 err=183
[2026-03-12 00:20:23][PID=34716][TID=5360] get_shm success: shm_pid=34716
[2026-03-12 00:20:23][PID=34716][TID=5360] free_shm enter: ptr=0E7D0000 handle=00000B58 shm_pid=34716
[2026-03-12 00:20:23][PID=34716][TID=5360] UnmapViewOfFile done
[2026-03-12 00:20:23][PID=34716][TID=5360] CloseHandle done
[2026-03-12 00:20:23][PID=34716][TID=5360] free_shm leave
[2026-03-12 00:20:24][PID=29380][TID=32840] get_shm enter: targetPid=29380 create=0
[2026-03-12 00:20:24][PID=29380][TID=32840] names: local=Local\{385FC524-96E3-4839-9909-1F2135D4F928} | global=Global\{385FC524-96E3-4839-9909-1F2135D4F928}
[2026-03-12 00:20:24][PID=29380][TID=32840] OpenFileMapping(local) => handle=00000300 err=183
[2026-03-12 00:20:24][PID=29380][TID=32840] MapViewOfFile => ptr=01520000 err=183
[2026-03-12 00:20:24][PID=29380][TID=32840] get_shm success: shm_pid=29380
[2026-03-12 00:20:24][PID=29380][TID=32840] free_shm enter: ptr=01520000 handle=00000300 shm_pid=29380
[2026-03-12 00:20:24][PID=29380][TID=32840] UnmapViewOfFile done
[2026-03-12 00:20:24][PID=29380][TID=32840] CloseHandle done
[2026-03-12 00:20:24][PID=29380][TID=32840] free_shm leave
[2026-03-12 00:20:24][PID=34716][TID=5360] free_shm enter: ptr=0E7A0000 handle=00000B54 shm_pid=29380
[2026-03-12 00:20:24][PID=34716][TID=5360] UnmapViewOfFile done
[2026-03-12 00:20:24][PID=34716][TID=5360] CloseHandle done
[2026-03-12 00:20:24][PID=34716][TID=5360] free_shm leave
[2026-03-12 00:23:38][PID=32800][TID=34696] get_shm enter: targetPid=29660 create=1
[2026-03-12 00:23:38][PID=32800][TID=34696] names: local=Local\{385FC524-96E3-4839-9909-1F2135D4F928} | global=Global\{385FC524-96E3-4839-9909-1F2135D4F928}
[2026-03-12 00:23:38][PID=32800][TID=34696] OpenFileMapping(local) => handle=00000000 err=2
[2026-03-12 00:23:38][PID=32800][TID=34696] OpenFileMapping(global) => handle=00000000 err=2
[2026-03-12 00:23:38][PID=32800][TID=34696] CreateFileMapping(local) => handle=00000974 err=0
[2026-03-12 00:23:38][PID=32800][TID=34696] MapViewOfFile => ptr=078C0000 err=183
[2026-03-12 00:23:38][PID=32800][TID=34696] get_shm success: shm_pid=29660
[2026-03-12 00:23:38][PID=32800][TID=34696] get_shm enter: targetPid=32800 create=0
[2026-03-12 00:23:38][PID=32800][TID=34696] names: local=Local\{385FC524-96E3-4839-9909-1F2135D4F928} | global=Global\{385FC524-96E3-4839-9909-1F2135D4F928}
[2026-03-12 00:23:38][PID=32800][TID=34696] OpenFileMapping(local) => handle=000009DC err=183
[2026-03-12 00:23:38][PID=32800][TID=34696] MapViewOfFile => ptr=07A20000 err=183
[2026-03-12 00:23:38][PID=32800][TID=34696] get_shm success: shm_pid=32800
[2026-03-12 00:23:38][PID=32800][TID=34696] free_shm enter: ptr=07A20000 handle=000009DC shm_pid=32800
[2026-03-12 00:23:38][PID=32800][TID=34696] UnmapViewOfFile done
[2026-03-12 00:23:38][PID=32800][TID=34696] CloseHandle done
[2026-03-12 00:23:38][PID=32800][TID=34696] free_shm leave
[2026-03-12 00:23:38][PID=29660][TID=31604] get_shm enter: targetPid=29660 create=0
[2026-03-12 00:23:38][PID=29660][TID=31604] names: local=Local\{385FC524-96E3-4839-9909-1F2135D4F928} | global=Global\{385FC524-96E3-4839-9909-1F2135D4F928}
[2026-03-12 00:23:38][PID=29660][TID=31604] OpenFileMapping(local) => handle=000002FC err=183
[2026-03-12 00:23:38][PID=29660][TID=31604] MapViewOfFile => ptr=015D0000 err=183
[2026-03-12 00:23:38][PID=29660][TID=31604] get_shm success: shm_pid=29660
[2026-03-12 00:23:38][PID=29660][TID=31604] free_shm enter: ptr=015D0000 handle=000002FC shm_pid=29660
[2026-03-12 00:23:39][PID=29660][TID=31604] UnmapViewOfFile done
[2026-03-12 00:23:39][PID=29660][TID=31604] CloseHandle done
[2026-03-12 00:23:39][PID=29660][TID=31604] free_shm leave
[2026-03-12 00:23:39][PID=32800][TID=34696] free_shm enter: ptr=078C0000 handle=00000974 shm_pid=29660
[2026-03-12 00:23:39][PID=32800][TID=34696] UnmapViewOfFile done
[2026-03-12 00:23:39][PID=32800][TID=34696] CloseHandle done
[2026-03-12 00:23:39][PID=32800][TID=34696] free_shm leave
[2026-03-12 00:26:49][PID=32564][TID=5548] get_shm enter: targetPid=25068 create=1
[2026-03-12 00:26:49][PID=32564][TID=5548] names: local=Local\{385FC524-96E3-4839-9909-1F2135D4F928} | global=Global\{385FC524-96E3-4839-9909-1F2135D4F928}
[2026-03-12 00:26:49][PID=32564][TID=5548] OpenFileMapping(local) => handle=00000000 err=2
[2026-03-12 00:26:49][PID=32564][TID=5548] OpenFileMapping(global) => handle=00000000 err=2
[2026-03-12 00:26:49][PID=32564][TID=5548] CreateFileMapping(local) => handle=00000B44 err=0
[2026-03-12 00:26:49][PID=32564][TID=5548] MapViewOfFile => ptr=05520000 err=183
[2026-03-12 00:26:49][PID=32564][TID=5548] get_shm success: shm_pid=25068
[2026-03-12 00:26:49][PID=32564][TID=5548] get_shm enter: targetPid=32564 create=0
[2026-03-12 00:26:49][PID=32564][TID=5548] names: local=Local\{385FC524-96E3-4839-9909-1F2135D4F928} | global=Global\{385FC524-96E3-4839-9909-1F2135D4F928}
[2026-03-12 00:26:49][PID=32564][TID=5548] OpenFileMapping(local) => handle=00000B54 err=183
[2026-03-12 00:26:49][PID=32564][TID=5548] MapViewOfFile => ptr=05660000 err=183
[2026-03-12 00:26:49][PID=32564][TID=5548] get_shm success: shm_pid=32564
[2026-03-12 00:26:49][PID=32564][TID=5548] free_shm enter: ptr=05660000 handle=00000B54 shm_pid=32564
[2026-03-12 00:26:49][PID=32564][TID=5548] UnmapViewOfFile done
[2026-03-12 00:26:49][PID=32564][TID=5548] CloseHandle done
[2026-03-12 00:26:49][PID=32564][TID=5548] free_shm leave
[2026-03-12 00:26:49][PID=25068][TID=19436] get_shm enter: targetPid=25068 create=0
[2026-03-12 00:26:49][PID=25068][TID=19436] names: local=Local\{385FC524-96E3-4839-9909-1F2135D4F928} | global=Global\{385FC524-96E3-4839-9909-1F2135D4F928}
[2026-03-12 00:26:49][PID=25068][TID=19436] OpenFileMapping(local) => handle=00000318 err=183
[2026-03-12 00:26:49][PID=25068][TID=19436] MapViewOfFile => ptr=01330000 err=183
[2026-03-12 00:26:49][PID=25068][TID=19436] get_shm success: shm_pid=25068
[2026-03-12 00:26:49][PID=25068][TID=19436] free_shm enter: ptr=01330000 handle=00000318 shm_pid=25068
[2026-03-12 00:26:49][PID=25068][TID=19436] UnmapViewOfFile done
[2026-03-12 00:26:49][PID=25068][TID=19436] CloseHandle done
[2026-03-12 00:26:49][PID=25068][TID=19436] free_shm leave
[2026-03-12 00:26:49][PID=32564][TID=5548] free_shm enter: ptr=05520000 handle=00000B44 shm_pid=25068
[2026-03-12 00:26:49][PID=32564][TID=5548] UnmapViewOfFile done
[2026-03-12 00:26:49][PID=32564][TID=5548] CloseHandle done
[2026-03-12 00:26:52][PID=32564][TID=5548] free_shm leave
[2026-03-12 00:33:32][PID=28448][TID=23340] get_shm enter: targetPid=31400 create=1
[2026-03-12 00:33:32][PID=28448][TID=23340] names: local=Local\{385FC524-96E3-4839-9909-1F2135D4F928} | global=Global\{385FC524-96E3-4839-9909-1F2135D4F928}
[2026-03-12 00:33:32][PID=28448][TID=23340] OpenFileMapping(local) => handle=00000000 err=2
[2026-03-12 00:33:32][PID=28448][TID=23340] OpenFileMapping(global) => handle=00000000 err=2
[2026-03-12 00:33:32][PID=28448][TID=23340] CreateFileMapping(local) => handle=00000B54 err=0
[2026-03-12 00:33:32][PID=28448][TID=23340] MapViewOfFile => ptr=0DE40000 err=183
[2026-03-12 00:33:32][PID=28448][TID=23340] get_shm success: shm_pid=31400
[2026-03-12 00:33:32][PID=28448][TID=23340] get_shm enter: targetPid=28448 create=0
[2026-03-12 00:33:32][PID=28448][TID=23340] names: local=Local\{385FC524-96E3-4839-9909-1F2135D4F928} | global=Global\{385FC524-96E3-4839-9909-1F2135D4F928}
[2026-03-12 00:33:32][PID=28448][TID=23340] OpenFileMapping(local) => handle=000008C0 err=183
[2026-03-12 00:33:32][PID=28448][TID=23340] MapViewOfFile => ptr=0DEB0000 err=183
[2026-03-12 00:33:32][PID=28448][TID=23340] get_shm success: shm_pid=28448
[2026-03-12 00:33:32][PID=28448][TID=23340] free_shm enter: ptr=0DEB0000 handle=000008C0 shm_pid=28448
[2026-03-12 00:33:32][PID=28448][TID=23340] UnmapViewOfFile done
[2026-03-12 00:33:32][PID=28448][TID=23340] CloseHandle done
[2026-03-12 00:33:32][PID=28448][TID=23340] free_shm leave
[2026-03-12 00:33:32][PID=31400][TID=30120] get_shm enter: targetPid=31400 create=0
[2026-03-12 00:33:32][PID=31400][TID=30120] names: local=Local\{385FC524-96E3-4839-9909-1F2135D4F928} | global=Global\{385FC524-96E3-4839-9909-1F2135D4F928}
[2026-03-12 00:33:32][PID=31400][TID=30120] OpenFileMapping(local) => handle=000000E0 err=183
[2026-03-12 00:33:32][PID=31400][TID=30120] MapViewOfFile => ptr=01CC0000 err=183
[2026-03-12 00:33:32][PID=31400][TID=30120] get_shm success: shm_pid=31400
[2026-03-12 00:33:32][PID=31400][TID=30120] free_shm enter: ptr=01CC0000 handle=000000E0 shm_pid=31400
[2026-03-12 00:33:32][PID=31400][TID=30120] UnmapViewOfFile done
[2026-03-12 00:33:32][PID=31400][TID=30120] CloseHandle done
[2026-03-12 00:33:32][PID=31400][TID=30120] free_shm leave
[2026-03-12 00:33:32][PID=28448][TID=23340] free_shm enter: ptr=0DE40000 handle=00000B54 shm_pid=31400
[2026-03-12 00:33:32][PID=28448][TID=23340] UnmapViewOfFile done
[2026-03-12 00:33:32][PID=28448][TID=23340] CloseHandle done
[2026-03-12 00:33:32][PID=28448][TID=23340] free_shm leave
[2026-03-12 11:46:12][PID=6932][TID=27284] get_shm enter: targetPid=26324 create=1
[2026-03-12 11:46:12][PID=6932][TID=27284] names: local=Local\{385FC524-96E3-4839-9909-1F2135D4F928} | global=Global\{385FC524-96E3-4839-9909-1F2135D4F928}
[2026-03-12 11:46:12][PID=6932][TID=27284] OpenFileMapping(local) => handle=00000000 err=2
[2026-03-12 11:46:12][PID=6932][TID=27284] OpenFileMapping(global) => handle=00000000 err=2
[2026-03-12 11:46:12][PID=6932][TID=27284] CreateFileMapping(local) => handle=000006C0 err=0
[2026-03-12 11:46:12][PID=6932][TID=27284] MapViewOfFile => ptr=01650000 err=183
[2026-03-12 11:46:12][PID=6932][TID=27284] get_shm success: shm_pid=26324
[2026-03-12 11:46:12][PID=6932][TID=27284] get_shm enter: targetPid=6932 create=0
[2026-03-12 11:46:12][PID=6932][TID=27284] names: local=Local\{385FC524-96E3-4839-9909-1F2135D4F928} | global=Global\{385FC524-96E3-4839-9909-1F2135D4F928}
[2026-03-12 11:46:12][PID=6932][TID=27284] OpenFileMapping(local) => handle=000004E0 err=183
[2026-03-12 11:46:12][PID=6932][TID=27284] MapViewOfFile => ptr=03190000 err=183
[2026-03-12 11:46:12][PID=6932][TID=27284] get_shm success: shm_pid=6932
[2026-03-12 11:46:12][PID=6932][TID=27284] free_shm enter: ptr=03190000 handle=000004E0 shm_pid=6932
[2026-03-12 11:46:12][PID=6932][TID=27284] UnmapViewOfFile done
[2026-03-12 11:46:12][PID=6932][TID=27284] CloseHandle done
[2026-03-12 11:46:12][PID=6932][TID=27284] free_shm leave
[2026-03-12 11:46:12][PID=26324][TID=3584] get_shm enter: targetPid=26324 create=0
[2026-03-12 11:46:12][PID=26324][TID=3584] names: local=Local\{385FC524-96E3-4839-9909-1F2135D4F928} | global=Global\{385FC524-96E3-4839-9909-1F2135D4F928}
[2026-03-12 11:46:12][PID=26324][TID=3584] OpenFileMapping(local) => handle=000002F8 err=183
[2026-03-12 11:46:12][PID=26324][TID=3584] MapViewOfFile => ptr=01510000 err=183
[2026-03-12 11:46:12][PID=26324][TID=3584] get_shm success: shm_pid=26324
[2026-03-12 11:46:12][PID=26324][TID=3584] free_shm enter: ptr=01510000 handle=000002F8 shm_pid=26324
[2026-03-12 11:46:12][PID=26324][TID=3584] UnmapViewOfFile done
[2026-03-12 11:46:12][PID=26324][TID=3584] CloseHandle done
[2026-03-12 11:46:12][PID=26324][TID=3584] free_shm leave
[2026-03-12 11:46:12][PID=6932][TID=27284] free_shm enter: ptr=01650000 handle=000006C0 shm_pid=26324
[2026-03-12 11:46:12][PID=6932][TID=27284] UnmapViewOfFile done
[2026-03-12 11:46:12][PID=6932][TID=27284] CloseHandle done
[2026-03-12 11:46:12][PID=6932][TID=27284] free_shm leave
[2026-03-12 11:48:18][PID=30264][TID=8056] get_shm enter: targetPid=6080 create=1
[2026-03-12 11:48:18][PID=30264][TID=8056] names: local=Local\{385FC524-96E3-4839-9909-1F2135D4F928} | global=Global\{385FC524-96E3-4839-9909-1F2135D4F928}
[2026-03-12 11:48:18][PID=30264][TID=8056] OpenFileMapping(local) => handle=00000000 err=2
[2026-03-12 11:48:18][PID=30264][TID=8056] OpenFileMapping(global) => handle=00000000 err=2
[2026-03-12 11:48:18][PID=30264][TID=8056] CreateFileMapping(local) => handle=00000B24 err=0
[2026-03-12 11:48:18][PID=30264][TID=8056] MapViewOfFile => ptr=05EE0000 err=183
[2026-03-12 11:48:18][PID=30264][TID=8056] get_shm success: shm_pid=6080
[2026-03-12 11:48:18][PID=30264][TID=8056] get_shm enter: targetPid=30264 create=0
[2026-03-12 11:48:18][PID=30264][TID=8056] names: local=Local\{385FC524-96E3-4839-9909-1F2135D4F928} | global=Global\{385FC524-96E3-4839-9909-1F2135D4F928}
[2026-03-12 11:48:18][PID=30264][TID=8056] OpenFileMapping(local) => handle=00000B00 err=183
[2026-03-12 11:48:18][PID=30264][TID=8056] MapViewOfFile => ptr=06040000 err=183
[2026-03-12 11:48:18][PID=30264][TID=8056] get_shm success: shm_pid=30264
[2026-03-12 11:48:18][PID=30264][TID=8056] free_shm enter: ptr=06040000 handle=00000B00 shm_pid=30264
[2026-03-12 11:48:18][PID=30264][TID=8056] UnmapViewOfFile done
[2026-03-12 11:48:18][PID=30264][TID=8056] CloseHandle done
[2026-03-12 11:48:18][PID=30264][TID=8056] free_shm leave
[2026-03-12 11:48:18][PID=6080][TID=28452] get_shm enter: targetPid=6080 create=0
[2026-03-12 11:48:18][PID=6080][TID=28452] names: local=Local\{385FC524-96E3-4839-9909-1F2135D4F928} | global=Global\{385FC524-96E3-4839-9909-1F2135D4F928}
[2026-03-12 11:48:18][PID=6080][TID=28452] OpenFileMapping(local) => handle=0000030C err=183
[2026-03-12 11:48:18][PID=6080][TID=28452] MapViewOfFile => ptr=01B30000 err=183
[2026-03-12 11:48:18][PID=6080][TID=28452] get_shm success: shm_pid=6080
[2026-03-12 11:48:18][PID=6080][TID=28452] free_shm enter: ptr=01B30000 handle=0000030C shm_pid=6080
[2026-03-12 11:48:18][PID=6080][TID=28452] UnmapViewOfFile done
[2026-03-12 11:48:18][PID=6080][TID=28452] CloseHandle done
[2026-03-12 11:48:18][PID=6080][TID=28452] free_shm leave
[2026-03-12 11:48:18][PID=30264][TID=8056] free_shm enter: ptr=05EE0000 handle=00000B24 shm_pid=6080
[2026-03-12 11:48:18][PID=30264][TID=8056] UnmapViewOfFile done
[2026-03-12 11:48:18][PID=30264][TID=8056] CloseHandle done
[2026-03-12 11:48:18][PID=30264][TID=8056] free_shm leave
[2026-03-12 12:01:02][PID=14536][TID=14484] get_shm enter: targetPid=4680 create=1
[2026-03-12 12:01:02][PID=14536][TID=14484] names: local=Local\{385FC524-96E3-4839-9909-1F2135D4F928} | global=Global\{385FC524-96E3-4839-9909-1F2135D4F928}
[2026-03-12 12:01:02][PID=14536][TID=14484] OpenFileMapping(local) => handle=00000000 err=2
[2026-03-12 12:01:02][PID=14536][TID=14484] OpenFileMapping(global) => handle=00000000 err=2
[2026-03-12 12:01:02][PID=14536][TID=14484] CreateFileMapping(local) => handle=00000B48 err=0
[2026-03-12 12:01:02][PID=14536][TID=14484] MapViewOfFile => ptr=03C40000 err=183
[2026-03-12 12:01:02][PID=14536][TID=14484] get_shm success: shm_pid=4680
[2026-03-12 12:01:02][PID=14536][TID=14484] get_shm enter: targetPid=14536 create=0
[2026-03-12 12:01:02][PID=14536][TID=14484] names: local=Local\{385FC524-96E3-4839-9909-1F2135D4F928} | global=Global\{385FC524-96E3-4839-9909-1F2135D4F928}
[2026-03-12 12:01:02][PID=14536][TID=14484] OpenFileMapping(local) => handle=00000B5C err=183
[2026-03-12 12:01:02][PID=14536][TID=14484] MapViewOfFile => ptr=03F60000 err=183
[2026-03-12 12:01:02][PID=14536][TID=14484] get_shm success: shm_pid=14536
[2026-03-12 12:01:02][PID=14536][TID=14484] free_shm enter: ptr=03F60000 handle=00000B5C shm_pid=14536
[2026-03-12 12:01:02][PID=14536][TID=14484] UnmapViewOfFile done
[2026-03-12 12:01:02][PID=14536][TID=14484] CloseHandle done
[2026-03-12 12:01:02][PID=14536][TID=14484] free_shm leave
[2026-03-12 12:01:02][PID=4680][TID=12376] get_shm enter: targetPid=4680 create=0
[2026-03-12 12:01:02][PID=4680][TID=12376] names: local=Local\{385FC524-96E3-4839-9909-1F2135D4F928} | global=Global\{385FC524-96E3-4839-9909-1F2135D4F928}
[2026-03-12 12:01:03][PID=4680][TID=12376] OpenFileMapping(local) => handle=00000318 err=183
[2026-03-12 12:01:03][PID=4680][TID=12376] MapViewOfFile => ptr=01510000 err=183
[2026-03-12 12:01:03][PID=4680][TID=12376] get_shm success: shm_pid=4680
[2026-03-12 12:01:03][PID=4680][TID=12376] free_shm enter: ptr=01510000 handle=00000318 shm_pid=4680
[2026-03-12 12:01:03][PID=4680][TID=12376] UnmapViewOfFile done
[2026-03-12 12:01:03][PID=4680][TID=12376] CloseHandle done
[2026-03-12 12:01:03][PID=4680][TID=12376] free_shm leave
[2026-03-12 12:01:03][PID=14536][TID=14484] free_shm enter: ptr=03C40000 handle=00000B48 shm_pid=4680
[2026-03-12 12:01:03][PID=14536][TID=14484] UnmapViewOfFile done
[2026-03-12 12:01:03][PID=14536][TID=14484] CloseHandle done
[2026-03-12 12:01:03][PID=14536][TID=14484] free_shm leave
[2026-03-12 12:03:05][PID=20352][TID=20348] get_shm enter: targetPid=20256 create=1
[2026-03-12 12:03:05][PID=20352][TID=20348] names: local=Local\{385FC524-96E3-4839-9909-1F2135D4F928} | global=Global\{385FC524-96E3-4839-9909-1F2135D4F928}
[2026-03-12 12:03:05][PID=20352][TID=20348] OpenFileMapping(local) => handle=00000000 err=2
[2026-03-12 12:03:05][PID=20352][TID=20348] OpenFileMapping(global) => handle=00000000 err=2
[2026-03-12 12:03:05][PID=20352][TID=20348] CreateFileMapping(local) => handle=00000B38 err=0
[2026-03-12 12:03:05][PID=20352][TID=20348] MapViewOfFile => ptr=05740000 err=183
[2026-03-12 12:03:05][PID=20352][TID=20348] get_shm success: shm_pid=20256
[2026-03-12 12:03:05][PID=20352][TID=20348] get_shm enter: targetPid=20352 create=0
[2026-03-12 12:03:05][PID=20352][TID=20348] names: local=Local\{385FC524-96E3-4839-9909-1F2135D4F928} | global=Global\{385FC524-96E3-4839-9909-1F2135D4F928}
[2026-03-12 12:03:05][PID=20352][TID=20348] OpenFileMapping(local) => handle=00000B48 err=183
[2026-03-12 12:03:05][PID=20352][TID=20348] MapViewOfFile => ptr=058A0000 err=183
[2026-03-12 12:03:05][PID=20352][TID=20348] get_shm success: shm_pid=20352
[2026-03-12 12:03:05][PID=20352][TID=20348] free_shm enter: ptr=058A0000 handle=00000B48 shm_pid=20352
[2026-03-12 12:03:05][PID=20352][TID=20348] UnmapViewOfFile done
[2026-03-12 12:03:05][PID=20352][TID=20348] CloseHandle done
[2026-03-12 12:03:05][PID=20352][TID=20348] free_shm leave
[2026-03-12 12:03:05][PID=20256][TID=20292] get_shm enter: targetPid=20256 create=0
[2026-03-12 12:03:05][PID=20256][TID=20292] names: local=Local\{385FC524-96E3-4839-9909-1F2135D4F928} | global=Global\{385FC524-96E3-4839-9909-1F2135D4F928}
[2026-03-12 12:03:05][PID=20256][TID=20292] OpenFileMapping(local) => handle=000002F4 err=183
[2026-03-12 12:03:05][PID=20256][TID=20292] MapViewOfFile => ptr=015E0000 err=183
[2026-03-12 12:03:05][PID=20256][TID=20292] get_shm success: shm_pid=20256
[2026-03-12 12:03:05][PID=20256][TID=20292] free_shm enter: ptr=015E0000 handle=000002F4 shm_pid=20256
[2026-03-12 12:03:05][PID=20256][TID=20292] UnmapViewOfFile done
[2026-03-12 12:03:05][PID=20256][TID=20292] CloseHandle done
[2026-03-12 12:03:05][PID=20256][TID=20292] free_shm leave
[2026-03-12 12:03:05][PID=20352][TID=20348] free_shm enter: ptr=05740000 handle=00000B38 shm_pid=20256
[2026-03-12 12:03:05][PID=20352][TID=20348] UnmapViewOfFile done
[2026-03-12 12:03:09][PID=20352][TID=20348] CloseHandle done
[2026-03-12 12:03:09][PID=20352][TID=20348] free_shm leave
[2026-03-12 12:05:20][PID=8324][TID=18796] get_shm enter: targetPid=20252 create=1
[2026-03-12 12:05:20][PID=8324][TID=18796] names: local=Local\{385FC524-96E3-4839-9909-1F2135D4F928} | global=Global\{385FC524-96E3-4839-9909-1F2135D4F928}
[2026-03-12 12:05:20][PID=8324][TID=18796] OpenFileMapping(local) => handle=00000000 err=2
[2026-03-12 12:05:20][PID=8324][TID=18796] OpenFileMapping(global) => handle=00000000 err=2
[2026-03-12 12:05:20][PID=8324][TID=18796] CreateFileMapping(local) => handle=00000B54 err=0
[2026-03-12 12:05:20][PID=8324][TID=18796] MapViewOfFile => ptr=05CA0000 err=183
[2026-03-12 12:05:20][PID=8324][TID=18796] get_shm success: shm_pid=20252
[2026-03-12 12:05:20][PID=8324][TID=18796] get_shm enter: targetPid=8324 create=0
[2026-03-12 12:05:20][PID=8324][TID=18796] names: local=Local\{385FC524-96E3-4839-9909-1F2135D4F928} | global=Global\{385FC524-96E3-4839-9909-1F2135D4F928}
[2026-03-12 12:05:20][PID=8324][TID=18796] OpenFileMapping(local) => handle=00000B14 err=183
[2026-03-12 12:05:20][PID=8324][TID=18796] MapViewOfFile => ptr=05E00000 err=183
[2026-03-12 12:05:20][PID=8324][TID=18796] get_shm success: shm_pid=8324
[2026-03-12 12:05:20][PID=8324][TID=18796] free_shm enter: ptr=05E00000 handle=00000B14 shm_pid=8324
[2026-03-12 12:05:20][PID=8324][TID=18796] UnmapViewOfFile done
[2026-03-12 12:05:20][PID=8324][TID=18796] CloseHandle done
[2026-03-12 12:05:20][PID=8324][TID=18796] free_shm leave
[2026-03-12 12:05:20][PID=20252][TID=18216] get_shm enter: targetPid=20252 create=0
[2026-03-12 12:05:20][PID=20252][TID=18216] names: local=Local\{385FC524-96E3-4839-9909-1F2135D4F928} | global=Global\{385FC524-96E3-4839-9909-1F2135D4F928}
[2026-03-12 12:05:20][PID=20252][TID=18216] OpenFileMapping(local) => handle=00000308 err=183
[2026-03-12 12:05:20][PID=20252][TID=18216] MapViewOfFile => ptr=012F0000 err=183
[2026-03-12 12:05:20][PID=20252][TID=18216] get_shm success: shm_pid=20252
[2026-03-12 12:05:20][PID=20252][TID=18216] free_shm enter: ptr=012F0000 handle=00000308 shm_pid=20252
[2026-03-12 12:05:20][PID=20252][TID=18216] UnmapViewOfFile done
[2026-03-12 12:05:20][PID=20252][TID=18216] CloseHandle done
[2026-03-12 12:05:20][PID=20252][TID=18216] free_shm leave
[2026-03-12 12:05:20][PID=8324][TID=18796] free_shm enter: ptr=05CA0000 handle=00000B54 shm_pid=20252
[2026-03-12 12:05:20][PID=8324][TID=18796] UnmapViewOfFile done
[2026-03-12 12:05:20][PID=8324][TID=18796] CloseHandle done
[2026-03-12 12:05:23][PID=8324][TID=18796] free_shm leave
[2026-03-12 12:29:59][PID=30628][TID=30632] get_shm enter: targetPid=29868 create=1
[2026-03-12 12:29:59][PID=30628][TID=30632] names: local=Local\{385FC524-96E3-4839-9909-1F2135D4F928} | global=Global\{385FC524-96E3-4839-9909-1F2135D4F928}
[2026-03-12 12:29:59][PID=30628][TID=30632] OpenFileMapping(local) => handle=00000000 err=2
[2026-03-12 12:29:59][PID=30628][TID=30632] OpenFileMapping(global) => handle=00000000 err=2
[2026-03-12 12:29:59][PID=30628][TID=30632] CreateFileMapping(local) => handle=000006F8 err=0
[2026-03-12 12:29:59][PID=30628][TID=30632] MapViewOfFile => ptr=05110000 err=183
[2026-03-12 12:29:59][PID=30628][TID=30632] get_shm success: shm_pid=29868
[2026-03-12 12:29:59][PID=30628][TID=30632] get_shm enter: targetPid=30628 create=0
[2026-03-12 12:29:59][PID=30628][TID=30632] names: local=Local\{385FC524-96E3-4839-9909-1F2135D4F928} | global=Global\{385FC524-96E3-4839-9909-1F2135D4F928}
[2026-03-12 12:29:59][PID=30628][TID=30632] OpenFileMapping(local) => handle=00000B3C err=183
[2026-03-12 12:29:59][PID=30628][TID=30632] MapViewOfFile => ptr=05140000 err=183
[2026-03-12 12:29:59][PID=30628][TID=30632] get_shm success: shm_pid=30628
[2026-03-12 12:29:59][PID=30628][TID=30632] free_shm enter: ptr=05140000 handle=00000B3C shm_pid=30628
[2026-03-12 12:29:59][PID=30628][TID=30632] UnmapViewOfFile done
[2026-03-12 12:29:59][PID=30628][TID=30632] CloseHandle done
[2026-03-12 12:29:59][PID=30628][TID=30632] free_shm leave
[2026-03-12 12:29:59][PID=29868][TID=28900] get_shm enter: targetPid=29868 create=0
[2026-03-12 12:29:59][PID=29868][TID=28900] names: local=Local\{385FC524-96E3-4839-9909-1F2135D4F928} | global=Global\{385FC524-96E3-4839-9909-1F2135D4F928}
[2026-03-12 12:29:59][PID=29868][TID=28900] OpenFileMapping(local) => handle=00000304 err=183
[2026-03-12 12:29:59][PID=29868][TID=28900] MapViewOfFile => ptr=01330000 err=183
[2026-03-12 12:29:59][PID=29868][TID=28900] get_shm success: shm_pid=29868
[2026-03-12 12:29:59][PID=29868][TID=28900] free_shm enter: ptr=01330000 handle=00000304 shm_pid=29868
[2026-03-12 12:29:59][PID=29868][TID=28900] UnmapViewOfFile done
[2026-03-12 12:29:59][PID=29868][TID=28900] CloseHandle done
[2026-03-12 12:29:59][PID=29868][TID=28900] free_shm leave
[2026-03-12 12:29:59][PID=30628][TID=30632] free_shm enter: ptr=05110000 handle=000006F8 shm_pid=29868
[2026-03-12 12:29:59][PID=30628][TID=30632] UnmapViewOfFile done
[2026-03-12 12:29:59][PID=30628][TID=30632] CloseHandle done
[2026-03-12 12:29:59][PID=30628][TID=30632] free_shm leave
[2026-03-12 12:44:03][PID=19956][TID=29720] get_shm enter: targetPid=29636 create=1
[2026-03-12 12:44:03][PID=19956][TID=29720] names: local=Local\{385FC524-96E3-4839-9909-1F2135D4F928} | global=Global\{385FC524-96E3-4839-9909-1F2135D4F928}
[2026-03-12 12:44:03][PID=19956][TID=29720] OpenFileMapping(local) => handle=00000000 err=2
[2026-03-12 12:44:03][PID=19956][TID=29720] OpenFileMapping(global) => handle=00000000 err=2
[2026-03-12 12:44:03][PID=19956][TID=29720] CreateFileMapping(local) => handle=00000B58 err=0
[2026-03-12 12:44:03][PID=19956][TID=29720] MapViewOfFile => ptr=101C0000 err=183
[2026-03-12 12:44:03][PID=19956][TID=29720] get_shm success: shm_pid=29636
[2026-03-12 12:44:03][PID=19956][TID=29720] get_shm enter: targetPid=19956 create=0
[2026-03-12 12:44:03][PID=19956][TID=29720] names: local=Local\{385FC524-96E3-4839-9909-1F2135D4F928} | global=Global\{385FC524-96E3-4839-9909-1F2135D4F928}
[2026-03-12 12:44:03][PID=19956][TID=29720] OpenFileMapping(local) => handle=00000B64 err=183
[2026-03-12 12:44:03][PID=19956][TID=29720] MapViewOfFile => ptr=101F0000 err=183
[2026-03-12 12:44:03][PID=19956][TID=29720] get_shm success: shm_pid=19956
[2026-03-12 12:44:03][PID=19956][TID=29720] free_shm enter: ptr=101F0000 handle=00000B64 shm_pid=19956
[2026-03-12 12:44:03][PID=19956][TID=29720] UnmapViewOfFile done
[2026-03-12 12:44:03][PID=19956][TID=29720] CloseHandle done
[2026-03-12 12:44:03][PID=19956][TID=29720] free_shm leave
[2026-03-12 12:44:03][PID=29636][TID=8384] get_shm enter: targetPid=29636 create=0
[2026-03-12 12:44:03][PID=29636][TID=8384] names: local=Local\{385FC524-96E3-4839-9909-1F2135D4F928} | global=Global\{385FC524-96E3-4839-9909-1F2135D4F928}
[2026-03-12 12:44:03][PID=29636][TID=8384] OpenFileMapping(local) => handle=00000314 err=183
[2026-03-12 12:44:03][PID=29636][TID=8384] MapViewOfFile => ptr=01A80000 err=183
[2026-03-12 12:44:03][PID=29636][TID=8384] get_shm success: shm_pid=29636
[2026-03-12 12:44:03][PID=29636][TID=8384] free_shm enter: ptr=01A80000 handle=00000314 shm_pid=29636
[2026-03-12 12:44:03][PID=29636][TID=8384] UnmapViewOfFile done
[2026-03-12 12:44:03][PID=29636][TID=8384] CloseHandle done
[2026-03-12 12:44:03][PID=29636][TID=8384] free_shm leave
[2026-03-12 12:44:03][PID=19956][TID=29720] free_shm enter: ptr=101C0000 handle=00000B58 shm_pid=29636
[2026-03-12 12:44:03][PID=19956][TID=29720] UnmapViewOfFile done
[2026-03-12 12:44:03][PID=19956][TID=29720] CloseHandle done
[2026-03-12 12:44:03][PID=19956][TID=29720] free_shm leave
[2026-03-12 12:51:10][PID=11336][TID=26792] get_shm enter: targetPid=6348 create=1
[2026-03-12 12:51:10][PID=11336][TID=26792] names: local=Local\{385FC524-96E3-4839-9909-1F2135D4F928} | global=Global\{385FC524-96E3-4839-9909-1F2135D4F928}
[2026-03-12 12:51:10][PID=11336][TID=26792] OpenFileMapping(local) => handle=00000000 err=2
[2026-03-12 12:51:10][PID=11336][TID=26792] OpenFileMapping(global) => handle=00000000 err=2
[2026-03-12 12:51:10][PID=11336][TID=26792] CreateFileMapping(local) => handle=00000B0C err=0
[2026-03-12 12:51:10][PID=11336][TID=26792] MapViewOfFile => ptr=10400000 err=183
[2026-03-12 12:51:10][PID=11336][TID=26792] get_shm success: shm_pid=6348
[2026-03-12 12:51:10][PID=11336][TID=26792] get_shm enter: targetPid=11336 create=0
[2026-03-12 12:51:10][PID=11336][TID=26792] names: local=Local\{385FC524-96E3-4839-9909-1F2135D4F928} | global=Global\{385FC524-96E3-4839-9909-1F2135D4F928}
[2026-03-12 12:51:10][PID=11336][TID=26792] OpenFileMapping(local) => handle=00000B40 err=183
[2026-03-12 12:51:10][PID=11336][TID=26792] MapViewOfFile => ptr=10570000 err=183
[2026-03-12 12:51:10][PID=11336][TID=26792] get_shm success: shm_pid=11336
[2026-03-12 12:51:10][PID=11336][TID=26792] free_shm enter: ptr=10570000 handle=00000B40 shm_pid=11336
[2026-03-12 12:51:10][PID=11336][TID=26792] UnmapViewOfFile done
[2026-03-12 12:51:10][PID=11336][TID=26792] CloseHandle done
[2026-03-12 12:51:10][PID=11336][TID=26792] free_shm leave
[2026-03-12 12:51:10][PID=6348][TID=24864] get_shm enter: targetPid=6348 create=0
[2026-03-12 12:51:10][PID=6348][TID=24864] names: local=Local\{385FC524-96E3-4839-9909-1F2135D4F928} | global=Global\{385FC524-96E3-4839-9909-1F2135D4F928}
[2026-03-12 12:51:10][PID=6348][TID=24864] OpenFileMapping(local) => handle=00000314 err=183
[2026-03-12 12:51:10][PID=6348][TID=24864] MapViewOfFile => ptr=019F0000 err=183
[2026-03-12 12:51:10][PID=6348][TID=24864] get_shm success: shm_pid=6348
[2026-03-12 12:51:10][PID=6348][TID=24864] free_shm enter: ptr=019F0000 handle=00000314 shm_pid=6348
[2026-03-12 12:51:10][PID=6348][TID=24864] UnmapViewOfFile done
[2026-03-12 12:51:10][PID=6348][TID=24864] CloseHandle done
[2026-03-12 12:51:10][PID=6348][TID=24864] free_shm leave
[2026-03-12 12:51:10][PID=11336][TID=26792] free_shm enter: ptr=10400000 handle=00000B0C shm_pid=6348
[2026-03-12 12:51:10][PID=11336][TID=26792] UnmapViewOfFile done
[2026-03-12 12:51:13][PID=11336][TID=26792] CloseHandle done
[2026-03-12 12:51:13][PID=11336][TID=26792] free_shm leave
[2026-03-12 13:36:46][PID=28904][TID=18656] get_shm enter: targetPid=9392 create=1
[2026-03-12 13:36:46][PID=28904][TID=18656] names: local=Local\{385FC524-96E3-4839-9909-1F2135D4F928} | global=Global\{385FC524-96E3-4839-9909-1F2135D4F928}
[2026-03-12 13:36:46][PID=28904][TID=18656] OpenFileMapping(local) => handle=00000000 err=2
[2026-03-12 13:36:46][PID=28904][TID=18656] OpenFileMapping(global) => handle=00000000 err=2
[2026-03-12 13:36:46][PID=28904][TID=18656] CreateFileMapping(local) => handle=00000B00 err=0
[2026-03-12 13:36:46][PID=28904][TID=18656] MapViewOfFile => ptr=0DA90000 err=183
[2026-03-12 13:36:46][PID=28904][TID=18656] get_shm success: shm_pid=9392
[2026-03-12 13:36:46][PID=28904][TID=18656] get_shm enter: targetPid=28904 create=0
[2026-03-12 13:36:46][PID=28904][TID=18656] names: local=Local\{385FC524-96E3-4839-9909-1F2135D4F928} | global=Global\{385FC524-96E3-4839-9909-1F2135D4F928}
[2026-03-12 13:36:46][PID=28904][TID=18656] OpenFileMapping(local) => handle=00000890 err=183
[2026-03-12 13:36:46][PID=28904][TID=18656] MapViewOfFile => ptr=0DD30000 err=183
[2026-03-12 13:36:46][PID=28904][TID=18656] get_shm success: shm_pid=28904
[2026-03-12 13:36:46][PID=28904][TID=18656] free_shm enter: ptr=0DD30000 handle=00000890 shm_pid=28904
[2026-03-12 13:36:46][PID=28904][TID=18656] UnmapViewOfFile done
[2026-03-12 13:36:46][PID=28904][TID=18656] CloseHandle done
[2026-03-12 13:36:46][PID=28904][TID=18656] free_shm leave
[2026-03-12 13:36:46][PID=9392][TID=14344] get_shm enter: targetPid=9392 create=0
[2026-03-12 13:36:46][PID=9392][TID=14344] names: local=Local\{385FC524-96E3-4839-9909-1F2135D4F928} | global=Global\{385FC524-96E3-4839-9909-1F2135D4F928}
[2026-03-12 13:36:46][PID=9392][TID=14344] OpenFileMapping(local) => handle=0000032C err=183
[2026-03-12 13:36:46][PID=9392][TID=14344] MapViewOfFile => ptr=01410000 err=183
[2026-03-12 13:36:46][PID=9392][TID=14344] get_shm success: shm_pid=9392
[2026-03-12 13:36:46][PID=9392][TID=14344] free_shm enter: ptr=01410000 handle=0000032C shm_pid=9392
[2026-03-12 13:36:46][PID=9392][TID=14344] UnmapViewOfFile done
[2026-03-12 13:36:46][PID=9392][TID=14344] CloseHandle done
[2026-03-12 13:36:46][PID=9392][TID=14344] free_shm leave
[2026-03-12 13:36:46][PID=28904][TID=18656] free_shm enter: ptr=0DA90000 handle=00000B00 shm_pid=9392
[2026-03-12 13:36:46][PID=28904][TID=18656] UnmapViewOfFile done
[2026-03-12 13:36:46][PID=28904][TID=18656] CloseHandle done
[2026-03-12 13:36:46][PID=28904][TID=18656] free_shm leave
[2026-03-12 13:54:13][PID=29808][TID=20340] get_shm enter: targetPid=12348 create=1
[2026-03-12 13:54:13][PID=29808][TID=20340] names: local=Local\{385FC524-96E3-4839-9909-1F2135D4F928} | global=Global\{385FC524-96E3-4839-9909-1F2135D4F928}
[2026-03-12 13:54:13][PID=29808][TID=20340] OpenFileMapping(local) => handle=00000000 err=2
[2026-03-12 13:54:13][PID=29808][TID=20340] OpenFileMapping(global) => handle=00000000 err=2
[2026-03-12 13:54:13][PID=29808][TID=20340] CreateFileMapping(local) => handle=00000614 err=0
[2026-03-12 13:54:13][PID=29808][TID=20340] MapViewOfFile => ptr=05430000 err=183
[2026-03-12 13:54:13][PID=29808][TID=20340] get_shm success: shm_pid=12348
[2026-03-12 13:54:13][PID=29808][TID=20340] get_shm enter: targetPid=29808 create=0
[2026-03-12 13:54:13][PID=29808][TID=20340] names: local=Local\{385FC524-96E3-4839-9909-1F2135D4F928} | global=Global\{385FC524-96E3-4839-9909-1F2135D4F928}
[2026-03-12 13:54:13][PID=29808][TID=20340] OpenFileMapping(local) => handle=00000B44 err=183
[2026-03-12 13:54:13][PID=29808][TID=20340] MapViewOfFile => ptr=055E0000 err=183
[2026-03-12 13:54:13][PID=29808][TID=20340] get_shm success: shm_pid=29808
[2026-03-12 13:54:13][PID=29808][TID=20340] free_shm enter: ptr=055E0000 handle=00000B44 shm_pid=29808
[2026-03-12 13:54:13][PID=29808][TID=20340] UnmapViewOfFile done
[2026-03-12 13:54:13][PID=29808][TID=20340] CloseHandle done
[2026-03-12 13:54:13][PID=29808][TID=20340] free_shm leave
[2026-03-12 13:54:13][PID=12348][TID=7652] get_shm enter: targetPid=12348 create=0
[2026-03-12 13:54:13][PID=12348][TID=7652] names: local=Local\{385FC524-96E3-4839-9909-1F2135D4F928} | global=Global\{385FC524-96E3-4839-9909-1F2135D4F928}
[2026-03-12 13:54:13][PID=12348][TID=7652] OpenFileMapping(local) => handle=00000304 err=183
[2026-03-12 13:54:13][PID=12348][TID=7652] MapViewOfFile => ptr=01550000 err=183
[2026-03-12 13:54:13][PID=12348][TID=7652] get_shm success: shm_pid=12348
[2026-03-12 13:54:13][PID=12348][TID=7652] free_shm enter: ptr=01550000 handle=00000304 shm_pid=12348
[2026-03-12 13:54:13][PID=12348][TID=7652] UnmapViewOfFile done
[2026-03-12 13:54:13][PID=12348][TID=7652] CloseHandle done
[2026-03-12 13:54:13][PID=12348][TID=7652] free_shm leave
[2026-03-12 13:54:14][PID=29808][TID=20340] free_shm enter: ptr=05430000 handle=00000614 shm_pid=12348
[2026-03-12 13:54:14][PID=29808][TID=20340] UnmapViewOfFile done
[2026-03-12 13:54:14][PID=29808][TID=20340] CloseHandle done
[2026-03-12 13:54:14][PID=29808][TID=20340] free_shm leave
[2026-03-12 13:59:20][PID=28520][TID=32196] get_shm enter: targetPid=24688 create=1
[2026-03-12 13:59:20][PID=28520][TID=32196] names: local=Local\{385FC524-96E3-4839-9909-1F2135D4F928} | global=Global\{385FC524-96E3-4839-9909-1F2135D4F928}
[2026-03-12 13:59:20][PID=28520][TID=32196] OpenFileMapping(local) => handle=00000000 err=2
[2026-03-12 13:59:20][PID=28520][TID=32196] OpenFileMapping(global) => handle=00000000 err=2
[2026-03-12 13:59:20][PID=28520][TID=32196] CreateFileMapping(local) => handle=00000B40 err=0
[2026-03-12 13:59:20][PID=28520][TID=32196] MapViewOfFile => ptr=0E190000 err=183
[2026-03-12 13:59:20][PID=28520][TID=32196] get_shm success: shm_pid=24688
[2026-03-12 13:59:20][PID=28520][TID=32196] get_shm enter: targetPid=28520 create=0
[2026-03-12 13:59:20][PID=28520][TID=32196] names: local=Local\{385FC524-96E3-4839-9909-1F2135D4F928} | global=Global\{385FC524-96E3-4839-9909-1F2135D4F928}
[2026-03-12 13:59:20][PID=28520][TID=32196] OpenFileMapping(local) => handle=00000B64 err=183
[2026-03-12 13:59:20][PID=28520][TID=32196] MapViewOfFile => ptr=0E200000 err=183
[2026-03-12 13:59:20][PID=28520][TID=32196] get_shm success: shm_pid=28520
[2026-03-12 13:59:20][PID=28520][TID=32196] free_shm enter: ptr=0E200000 handle=00000B64 shm_pid=28520
[2026-03-12 13:59:20][PID=28520][TID=32196] UnmapViewOfFile done
[2026-03-12 13:59:20][PID=28520][TID=32196] CloseHandle done
[2026-03-12 13:59:20][PID=28520][TID=32196] free_shm leave
[2026-03-12 13:59:20][PID=24688][TID=28600] get_shm enter: targetPid=24688 create=0
[2026-03-12 13:59:20][PID=24688][TID=28600] names: local=Local\{385FC524-96E3-4839-9909-1F2135D4F928} | global=Global\{385FC524-96E3-4839-9909-1F2135D4F928}
[2026-03-12 13:59:20][PID=24688][TID=28600] OpenFileMapping(local) => handle=000002E8 err=183
[2026-03-12 13:59:20][PID=24688][TID=28600] MapViewOfFile => ptr=03370000 err=183
[2026-03-12 13:59:20][PID=24688][TID=28600] get_shm success: shm_pid=24688
[2026-03-12 13:59:20][PID=24688][TID=28600] free_shm enter: ptr=03370000 handle=000002E8 shm_pid=24688
[2026-03-12 13:59:20][PID=24688][TID=28600] UnmapViewOfFile done
[2026-03-12 13:59:20][PID=24688][TID=28600] CloseHandle done
[2026-03-12 13:59:20][PID=24688][TID=28600] free_shm leave
[2026-03-12 13:59:20][PID=28520][TID=32196] free_shm enter: ptr=0E190000 handle=00000B40 shm_pid=24688
[2026-03-12 13:59:20][PID=28520][TID=32196] UnmapViewOfFile done
[2026-03-12 13:59:20][PID=28520][TID=32196] CloseHandle done
[2026-03-12 13:59:20][PID=28520][TID=32196] free_shm leave
[2026-03-12 14:09:15][PID=27464][TID=7668] get_shm enter: targetPid=21852 create=1
[2026-03-12 14:09:15][PID=27464][TID=7668] names: local=Local\{385FC524-96E3-4839-9909-1F2135D4F928} | global=Global\{385FC524-96E3-4839-9909-1F2135D4F928}
[2026-03-12 14:09:15][PID=27464][TID=7668] OpenFileMapping(local) => handle=00000000 err=2
[2026-03-12 14:09:15][PID=27464][TID=7668] OpenFileMapping(global) => handle=00000000 err=2
[2026-03-12 14:09:15][PID=27464][TID=7668] CreateFileMapping(local) => handle=00000B14 err=0
[2026-03-12 14:09:15][PID=27464][TID=7668] MapViewOfFile => ptr=05870000 err=183
[2026-03-12 14:09:15][PID=27464][TID=7668] get_shm success: shm_pid=21852
[2026-03-12 14:09:15][PID=27464][TID=7668] get_shm enter: targetPid=27464 create=0
[2026-03-12 14:09:15][PID=27464][TID=7668] names: local=Local\{385FC524-96E3-4839-9909-1F2135D4F928} | global=Global\{385FC524-96E3-4839-9909-1F2135D4F928}
[2026-03-12 14:09:15][PID=27464][TID=7668] OpenFileMapping(local) => handle=00000B54 err=183
[2026-03-12 14:09:15][PID=27464][TID=7668] MapViewOfFile => ptr=05A20000 err=183
[2026-03-12 14:09:15][PID=27464][TID=7668] get_shm success: shm_pid=27464
[2026-03-12 14:09:15][PID=27464][TID=7668] free_shm enter: ptr=05A20000 handle=00000B54 shm_pid=27464
[2026-03-12 14:09:15][PID=27464][TID=7668] UnmapViewOfFile done
[2026-03-12 14:09:15][PID=27464][TID=7668] CloseHandle done
[2026-03-12 14:09:15][PID=27464][TID=7668] free_shm leave
[2026-03-12 14:09:15][PID=21852][TID=26536] get_shm enter: targetPid=21852 create=0
[2026-03-12 14:09:15][PID=21852][TID=26536] names: local=Local\{385FC524-96E3-4839-9909-1F2135D4F928} | global=Global\{385FC524-96E3-4839-9909-1F2135D4F928}
[2026-03-12 14:09:15][PID=21852][TID=26536] OpenFileMapping(local) => handle=000002F0 err=183
[2026-03-12 14:09:15][PID=21852][TID=26536] MapViewOfFile => ptr=015D0000 err=183
[2026-03-12 14:09:15][PID=21852][TID=26536] get_shm success: shm_pid=21852
[2026-03-12 14:09:15][PID=21852][TID=26536] free_shm enter: ptr=015D0000 handle=000002F0 shm_pid=21852
[2026-03-12 14:09:15][PID=21852][TID=26536] UnmapViewOfFile done
[2026-03-12 14:09:15][PID=21852][TID=26536] CloseHandle done
[2026-03-12 14:09:15][PID=21852][TID=26536] free_shm leave
[2026-03-12 14:09:15][PID=27464][TID=7668] free_shm enter: ptr=05870000 handle=00000B14 shm_pid=21852
[2026-03-12 14:09:15][PID=27464][TID=7668] UnmapViewOfFile done
[2026-03-12 14:09:15][PID=27464][TID=7668] CloseHandle done
[2026-03-12 14:09:15][PID=27464][TID=7668] free_shm leave
[2026-03-12 14:17:05][PID=31420][TID=5008] get_shm enter: targetPid=24476 create=1
[2026-03-12 14:17:05][PID=31420][TID=5008] names: local=Local\{385FC524-96E3-4839-9909-1F2135D4F928} | global=Global\{385FC524-96E3-4839-9909-1F2135D4F928}
[2026-03-12 14:17:05][PID=31420][TID=5008] OpenFileMapping(local) => handle=00000000 err=2
[2026-03-12 14:17:05][PID=31420][TID=5008] OpenFileMapping(global) => handle=00000000 err=2
[2026-03-12 14:17:05][PID=31420][TID=5008] CreateFileMapping(local) => handle=00000B20 err=0
[2026-03-12 14:17:05][PID=31420][TID=5008] MapViewOfFile => ptr=05EF0000 err=183
[2026-03-12 14:17:05][PID=31420][TID=5008] get_shm success: shm_pid=24476
[2026-03-12 14:17:05][PID=31420][TID=5008] get_shm enter: targetPid=31420 create=0
[2026-03-12 14:17:05][PID=31420][TID=5008] names: local=Local\{385FC524-96E3-4839-9909-1F2135D4F928} | global=Global\{385FC524-96E3-4839-9909-1F2135D4F928}
[2026-03-12 14:17:05][PID=31420][TID=5008] OpenFileMapping(local) => handle=00000B4C err=183
[2026-03-12 14:17:05][PID=31420][TID=5008] MapViewOfFile => ptr=06090000 err=183
[2026-03-12 14:17:05][PID=31420][TID=5008] get_shm success: shm_pid=31420
[2026-03-12 14:17:05][PID=31420][TID=5008] free_shm enter: ptr=06090000 handle=00000B4C shm_pid=31420
[2026-03-12 14:17:05][PID=31420][TID=5008] UnmapViewOfFile done
[2026-03-12 14:17:05][PID=31420][TID=5008] CloseHandle done
[2026-03-12 14:17:05][PID=31420][TID=5008] free_shm leave
[2026-03-12 14:17:05][PID=24476][TID=34320] get_shm enter: targetPid=24476 create=0
[2026-03-12 14:17:05][PID=24476][TID=34320] names: local=Local\{385FC524-96E3-4839-9909-1F2135D4F928} | global=Global\{385FC524-96E3-4839-9909-1F2135D4F928}
[2026-03-12 14:17:05][PID=24476][TID=34320] OpenFileMapping(local) => handle=000002FC err=183
[2026-03-12 14:17:05][PID=24476][TID=34320] MapViewOfFile => ptr=01550000 err=183
[2026-03-12 14:17:05][PID=24476][TID=34320] get_shm success: shm_pid=24476
[2026-03-12 14:17:05][PID=24476][TID=34320] free_shm enter: ptr=01550000 handle=000002FC shm_pid=24476
[2026-03-12 14:17:05][PID=24476][TID=34320] UnmapViewOfFile done
[2026-03-12 14:17:05][PID=24476][TID=34320] CloseHandle done
[2026-03-12 14:17:05][PID=24476][TID=34320] free_shm leave
[2026-03-12 14:17:05][PID=31420][TID=5008] free_shm enter: ptr=05EF0000 handle=00000B20 shm_pid=24476
[2026-03-12 14:17:05][PID=31420][TID=5008] UnmapViewOfFile done
[2026-03-12 14:17:05][PID=31420][TID=5008] CloseHandle done
[2026-03-12 14:17:05][PID=31420][TID=5008] free_shm leave
[2026-03-12 14:41:27][PID=25644][TID=33316] get_shm enter: targetPid=5860 create=1
[2026-03-12 14:41:27][PID=25644][TID=33316] names: local=Local\{385FC524-96E3-4839-9909-1F2135D4F928} | global=Global\{385FC524-96E3-4839-9909-1F2135D4F928}
[2026-03-12 14:41:27][PID=25644][TID=33316] OpenFileMapping(local) => handle=00000000 err=2
[2026-03-12 14:41:27][PID=25644][TID=33316] OpenFileMapping(global) => handle=00000000 err=2
[2026-03-12 14:41:27][PID=25644][TID=33316] CreateFileMapping(local) => handle=00000B20 err=0
[2026-03-12 14:41:27][PID=25644][TID=33316] MapViewOfFile => ptr=05520000 err=183
[2026-03-12 14:41:27][PID=25644][TID=33316] get_shm success: shm_pid=5860
[2026-03-12 14:41:27][PID=25644][TID=33316] get_shm enter: targetPid=25644 create=0
[2026-03-12 14:41:27][PID=25644][TID=33316] names: local=Local\{385FC524-96E3-4839-9909-1F2135D4F928} | global=Global\{385FC524-96E3-4839-9909-1F2135D4F928}
[2026-03-12 14:41:27][PID=25644][TID=33316] OpenFileMapping(local) => handle=00000B60 err=183
[2026-03-12 14:41:27][PID=25644][TID=33316] MapViewOfFile => ptr=055B0000 err=183
[2026-03-12 14:41:27][PID=25644][TID=33316] get_shm success: shm_pid=25644
[2026-03-12 14:41:27][PID=25644][TID=33316] free_shm enter: ptr=055B0000 handle=00000B60 shm_pid=25644
[2026-03-12 14:41:27][PID=25644][TID=33316] UnmapViewOfFile done
[2026-03-12 14:41:27][PID=25644][TID=33316] CloseHandle done
[2026-03-12 14:41:27][PID=25644][TID=33316] free_shm leave
[2026-03-12 14:41:27][PID=5860][TID=27656] get_shm enter: targetPid=5860 create=0
[2026-03-12 14:41:27][PID=5860][TID=27656] names: local=Local\{385FC524-96E3-4839-9909-1F2135D4F928} | global=Global\{385FC524-96E3-4839-9909-1F2135D4F928}
[2026-03-12 14:41:27][PID=5860][TID=27656] OpenFileMapping(local) => handle=000000F4 err=183
[2026-03-12 14:41:27][PID=5860][TID=27656] MapViewOfFile => ptr=01410000 err=183
[2026-03-12 14:41:27][PID=5860][TID=27656] get_shm success: shm_pid=5860
[2026-03-12 14:41:27][PID=5860][TID=27656] free_shm enter: ptr=01410000 handle=000000F4 shm_pid=5860
[2026-03-12 14:41:27][PID=5860][TID=27656] UnmapViewOfFile done
[2026-03-12 14:41:27][PID=5860][TID=27656] CloseHandle done
[2026-03-12 14:41:27][PID=5860][TID=27656] free_shm leave
[2026-03-12 14:41:27][PID=25644][TID=33316] free_shm enter: ptr=05520000 handle=00000B20 shm_pid=5860
[2026-03-12 14:41:27][PID=25644][TID=33316] UnmapViewOfFile done
[2026-03-12 14:41:27][PID=25644][TID=33316] CloseHandle done
[2026-03-12 14:41:30][PID=25644][TID=33316] free_shm leave
[2026-03-12 16:01:40][PID=21588][TID=22256] get_shm enter: targetPid=39156 create=1
[2026-03-12 16:01:40][PID=21588][TID=22256] names: local=Local\{385FC524-96E3-4839-9909-1F2135D4F928} | global=Global\{385FC524-96E3-4839-9909-1F2135D4F928}
[2026-03-12 16:01:40][PID=21588][TID=22256] OpenFileMapping(local) => handle=00000000 err=2
[2026-03-12 16:01:40][PID=21588][TID=22256] OpenFileMapping(global) => handle=00000000 err=2
[2026-03-12 16:01:40][PID=21588][TID=22256] CreateFileMapping(local) => handle=00000B94 err=0
[2026-03-12 16:01:40][PID=21588][TID=22256] MapViewOfFile => ptr=07830000 err=183
[2026-03-12 16:01:40][PID=21588][TID=22256] get_shm success: shm_pid=39156
[2026-03-12 16:01:40][PID=21588][TID=22256] get_shm enter: targetPid=21588 create=0
[2026-03-12 16:01:40][PID=21588][TID=22256] names: local=Local\{385FC524-96E3-4839-9909-1F2135D4F928} | global=Global\{385FC524-96E3-4839-9909-1F2135D4F928}
[2026-03-12 16:01:40][PID=21588][TID=22256] OpenFileMapping(local) => handle=00000B9C err=183
[2026-03-12 16:01:40][PID=21588][TID=22256] MapViewOfFile => ptr=07860000 err=183
[2026-03-12 16:01:40][PID=21588][TID=22256] get_shm success: shm_pid=21588
[2026-03-12 16:01:40][PID=21588][TID=22256] free_shm enter: ptr=07860000 handle=00000B9C shm_pid=21588
[2026-03-12 16:01:40][PID=21588][TID=22256] UnmapViewOfFile done
[2026-03-12 16:01:40][PID=21588][TID=22256] CloseHandle done
[2026-03-12 16:01:40][PID=21588][TID=22256] free_shm leave
[2026-03-12 16:01:40][PID=39156][TID=38140] get_shm enter: targetPid=39156 create=0
[2026-03-12 16:01:40][PID=39156][TID=38140] names: local=Local\{385FC524-96E3-4839-9909-1F2135D4F928} | global=Global\{385FC524-96E3-4839-9909-1F2135D4F928}
[2026-03-12 16:01:40][PID=39156][TID=38140] OpenFileMapping(local) => handle=00000300 err=183
[2026-03-12 16:01:40][PID=39156][TID=38140] MapViewOfFile => ptr=01550000 err=183
[2026-03-12 16:01:40][PID=39156][TID=38140] get_shm success: shm_pid=39156
[2026-03-12 16:01:40][PID=39156][TID=38140] free_shm enter: ptr=01550000 handle=00000300 shm_pid=39156
[2026-03-12 16:01:40][PID=39156][TID=38140] UnmapViewOfFile done
[2026-03-12 16:01:40][PID=39156][TID=38140] CloseHandle done
[2026-03-12 16:01:40][PID=39156][TID=38140] free_shm leave
[2026-03-12 16:01:40][PID=21588][TID=22256] free_shm enter: ptr=07830000 handle=00000B94 shm_pid=39156
[2026-03-12 16:01:40][PID=21588][TID=22256] UnmapViewOfFile done
[2026-03-12 16:01:40][PID=21588][TID=22256] CloseHandle done
[2026-03-12 16:01:40][PID=21588][TID=22256] free_shm leave
[2026-03-12 16:15:20][PID=34520][TID=32264] get_shm enter: targetPid=30072 create=1
[2026-03-12 16:15:20][PID=34520][TID=32264] names: local=Local\{385FC524-96E3-4839-9909-1F2135D4F928} | global=Global\{385FC524-96E3-4839-9909-1F2135D4F928}
[2026-03-12 16:15:20][PID=34520][TID=32264] OpenFileMapping(local) => handle=00000000 err=2
[2026-03-12 16:15:20][PID=34520][TID=32264] OpenFileMapping(global) => handle=00000000 err=2
[2026-03-12 16:15:20][PID=34520][TID=32264] CreateFileMapping(local) => handle=00000B74 err=0
[2026-03-12 16:15:20][PID=34520][TID=32264] MapViewOfFile => ptr=05D70000 err=183
[2026-03-12 16:15:20][PID=34520][TID=32264] get_shm success: shm_pid=30072
[2026-03-12 16:15:20][PID=34520][TID=32264] get_shm enter: targetPid=34520 create=0
[2026-03-12 16:15:20][PID=34520][TID=32264] names: local=Local\{385FC524-96E3-4839-9909-1F2135D4F928} | global=Global\{385FC524-96E3-4839-9909-1F2135D4F928}
[2026-03-12 16:15:20][PID=34520][TID=32264] OpenFileMapping(local) => handle=00000B60 err=183
[2026-03-12 16:15:20][PID=34520][TID=32264] MapViewOfFile => ptr=06090000 err=183
[2026-03-12 16:15:20][PID=34520][TID=32264] get_shm success: shm_pid=34520
[2026-03-12 16:15:20][PID=34520][TID=32264] free_shm enter: ptr=06090000 handle=00000B60 shm_pid=34520
[2026-03-12 16:15:20][PID=34520][TID=32264] UnmapViewOfFile done
[2026-03-12 16:15:20][PID=34520][TID=32264] CloseHandle done
[2026-03-12 16:15:20][PID=34520][TID=32264] free_shm leave
[2026-03-12 16:15:20][PID=30072][TID=35760] get_shm enter: targetPid=30072 create=0
[2026-03-12 16:15:20][PID=30072][TID=35760] names: local=Local\{385FC524-96E3-4839-9909-1F2135D4F928} | global=Global\{385FC524-96E3-4839-9909-1F2135D4F928}
[2026-03-12 16:15:20][PID=30072][TID=35760] OpenFileMapping(local) => handle=00000134 err=183
[2026-03-12 16:15:20][PID=30072][TID=35760] MapViewOfFile => ptr=017A0000 err=183
[2026-03-12 16:15:20][PID=30072][TID=35760] get_shm success: shm_pid=30072
[2026-03-12 16:15:20][PID=30072][TID=35760] free_shm enter: ptr=017A0000 handle=00000134 shm_pid=30072
[2026-03-12 16:15:20][PID=30072][TID=35760] UnmapViewOfFile done
[2026-03-12 16:15:20][PID=30072][TID=35760] CloseHandle done
[2026-03-12 16:15:20][PID=30072][TID=35760] free_shm leave
[2026-03-12 16:15:20][PID=34520][TID=32264] free_shm enter: ptr=05D70000 handle=00000B74 shm_pid=30072
[2026-03-12 16:15:20][PID=34520][TID=32264] UnmapViewOfFile done
[2026-03-12 16:15:20][PID=34520][TID=32264] CloseHandle done
[2026-03-12 16:15:20][PID=34520][TID=32264] free_shm leave
[2026-03-12 16:17:24][PID=31364][TID=26300] get_shm enter: targetPid=15008 create=1
[2026-03-12 16:17:24][PID=31364][TID=26300] names: local=Local\{385FC524-96E3-4839-9909-1F2135D4F928} | global=Global\{385FC524-96E3-4839-9909-1F2135D4F928}
[2026-03-12 16:17:24][PID=31364][TID=26300] OpenFileMapping(local) => handle=00000000 err=2
[2026-03-12 16:17:24][PID=31364][TID=26300] OpenFileMapping(global) => handle=00000000 err=2
[2026-03-12 16:17:24][PID=31364][TID=26300] CreateFileMapping(local) => handle=00000B64 err=0
[2026-03-12 16:17:24][PID=31364][TID=26300] MapViewOfFile => ptr=05D70000 err=183
[2026-03-12 16:17:24][PID=31364][TID=26300] get_shm success: shm_pid=15008
[2026-03-12 16:17:24][PID=31364][TID=26300] get_shm enter: targetPid=31364 create=0
[2026-03-12 16:17:24][PID=31364][TID=26300] names: local=Local\{385FC524-96E3-4839-9909-1F2135D4F928} | global=Global\{385FC524-96E3-4839-9909-1F2135D4F928}
[2026-03-12 16:17:24][PID=31364][TID=26300] OpenFileMapping(local) => handle=00000B78 err=183
[2026-03-12 16:17:24][PID=31364][TID=26300] MapViewOfFile => ptr=05ED0000 err=183
[2026-03-12 16:17:24][PID=31364][TID=26300] get_shm success: shm_pid=31364
[2026-03-12 16:17:24][PID=31364][TID=26300] free_shm enter: ptr=05ED0000 handle=00000B78 shm_pid=31364
[2026-03-12 16:17:24][PID=31364][TID=26300] UnmapViewOfFile done
[2026-03-12 16:17:24][PID=31364][TID=26300] CloseHandle done
[2026-03-12 16:17:24][PID=31364][TID=26300] free_shm leave
[2026-03-12 16:17:24][PID=15008][TID=39848] get_shm enter: targetPid=15008 create=0
[2026-03-12 16:17:24][PID=15008][TID=39848] names: local=Local\{385FC524-96E3-4839-9909-1F2135D4F928} | global=Global\{385FC524-96E3-4839-9909-1F2135D4F928}
[2026-03-12 16:17:24][PID=15008][TID=39848] OpenFileMapping(local) => handle=00000310 err=183
[2026-03-12 16:17:24][PID=15008][TID=39848] MapViewOfFile => ptr=02D90000 err=183
[2026-03-12 16:17:24][PID=15008][TID=39848] get_shm success: shm_pid=15008
[2026-03-12 16:17:24][PID=15008][TID=39848] free_shm enter: ptr=02D90000 handle=00000310 shm_pid=15008
[2026-03-12 16:17:24][PID=15008][TID=39848] UnmapViewOfFile done
[2026-03-12 16:17:24][PID=15008][TID=39848] CloseHandle done
[2026-03-12 16:17:24][PID=15008][TID=39848] free_shm leave
[2026-03-12 16:17:24][PID=31364][TID=26300] free_shm enter: ptr=05D70000 handle=00000B64 shm_pid=15008
[2026-03-12 16:17:24][PID=31364][TID=26300] UnmapViewOfFile done
[2026-03-12 16:17:24][PID=31364][TID=26300] CloseHandle done
[2026-03-12 16:17:24][PID=31364][TID=26300] free_shm leave
[2026-03-12 16:30:11][PID=39928][TID=34396] get_shm enter: targetPid=26784 create=1
[2026-03-12 16:30:11][PID=39928][TID=34396] names: local=Local\{385FC524-96E3-4839-9909-1F2135D4F928} | global=Global\{385FC524-96E3-4839-9909-1F2135D4F928}
[2026-03-12 16:30:11][PID=39928][TID=34396] OpenFileMapping(local) => handle=00000000 err=2
[2026-03-12 16:30:11][PID=39928][TID=34396] OpenFileMapping(global) => handle=00000000 err=2
[2026-03-12 16:30:11][PID=39928][TID=34396] CreateFileMapping(local) => handle=00000B04 err=0
[2026-03-12 16:30:11][PID=39928][TID=34396] MapViewOfFile => ptr=05C00000 err=183
[2026-03-12 16:30:11][PID=39928][TID=34396] get_shm success: shm_pid=26784
[2026-03-12 16:30:11][PID=39928][TID=34396] get_shm enter: targetPid=39928 create=0
[2026-03-12 16:30:11][PID=39928][TID=34396] names: local=Local\{385FC524-96E3-4839-9909-1F2135D4F928} | global=Global\{385FC524-96E3-4839-9909-1F2135D4F928}
[2026-03-12 16:30:11][PID=39928][TID=34396] OpenFileMapping(local) => handle=00000B58 err=183
[2026-03-12 16:30:11][PID=39928][TID=34396] MapViewOfFile => ptr=05D60000 err=183
[2026-03-12 16:30:11][PID=39928][TID=34396] get_shm success: shm_pid=39928
[2026-03-12 16:30:11][PID=39928][TID=34396] free_shm enter: ptr=05D60000 handle=00000B58 shm_pid=39928
[2026-03-12 16:30:11][PID=39928][TID=34396] UnmapViewOfFile done
[2026-03-12 16:30:11][PID=39928][TID=34396] CloseHandle done
[2026-03-12 16:30:11][PID=39928][TID=34396] free_shm leave
[2026-03-12 16:30:11][PID=26784][TID=37928] get_shm enter: targetPid=26784 create=0
[2026-03-12 16:30:11][PID=26784][TID=37928] names: local=Local\{385FC524-96E3-4839-9909-1F2135D4F928} | global=Global\{385FC524-96E3-4839-9909-1F2135D4F928}
[2026-03-12 16:30:11][PID=26784][TID=37928] OpenFileMapping(local) => handle=00000304 err=183
[2026-03-12 16:30:11][PID=26784][TID=37928] MapViewOfFile => ptr=017E0000 err=183
[2026-03-12 16:30:11][PID=26784][TID=37928] get_shm success: shm_pid=26784
[2026-03-12 16:30:11][PID=26784][TID=37928] free_shm enter: ptr=017E0000 handle=00000304 shm_pid=26784
[2026-03-12 16:30:11][PID=26784][TID=37928] UnmapViewOfFile done
[2026-03-12 16:30:11][PID=26784][TID=37928] CloseHandle done
[2026-03-12 16:30:11][PID=26784][TID=37928] free_shm leave
[2026-03-12 16:30:11][PID=39928][TID=34396] free_shm enter: ptr=05C00000 handle=00000B04 shm_pid=26784
[2026-03-12 16:30:11][PID=39928][TID=34396] UnmapViewOfFile done
[2026-03-12 16:30:11][PID=39928][TID=34396] CloseHandle done
[2026-03-12 16:30:11][PID=39928][TID=34396] free_shm leave
[2026-03-12 16:35:46][PID=40488][TID=28620] get_shm enter: targetPid=31456 create=1
[2026-03-12 16:35:46][PID=40488][TID=28620] names: local=Local\{385FC524-96E3-4839-9909-1F2135D4F928} | global=Global\{385FC524-96E3-4839-9909-1F2135D4F928}
[2026-03-12 16:35:46][PID=40488][TID=28620] OpenFileMapping(local) => handle=00000000 err=2
[2026-03-12 16:35:46][PID=40488][TID=28620] OpenFileMapping(global) => handle=00000000 err=2
[2026-03-12 16:35:46][PID=40488][TID=28620] CreateFileMapping(local) => handle=00000B58 err=0
[2026-03-12 16:35:46][PID=40488][TID=28620] MapViewOfFile => ptr=05F00000 err=183
[2026-03-12 16:35:46][PID=40488][TID=28620] get_shm success: shm_pid=31456
[2026-03-12 16:35:46][PID=40488][TID=28620] get_shm enter: targetPid=40488 create=0
[2026-03-12 16:35:46][PID=40488][TID=28620] names: local=Local\{385FC524-96E3-4839-9909-1F2135D4F928} | global=Global\{385FC524-96E3-4839-9909-1F2135D4F928}
[2026-03-12 16:35:46][PID=40488][TID=28620] OpenFileMapping(local) => handle=00000B68 err=183
[2026-03-12 16:35:46][PID=40488][TID=28620] MapViewOfFile => ptr=06060000 err=183
[2026-03-12 16:35:46][PID=40488][TID=28620] get_shm success: shm_pid=40488
[2026-03-12 16:35:46][PID=40488][TID=28620] free_shm enter: ptr=06060000 handle=00000B68 shm_pid=40488
[2026-03-12 16:35:46][PID=40488][TID=28620] UnmapViewOfFile done
[2026-03-12 16:35:46][PID=40488][TID=28620] CloseHandle done
[2026-03-12 16:35:46][PID=40488][TID=28620] free_shm leave
[2026-03-12 16:35:46][PID=31456][TID=38028] get_shm enter: targetPid=31456 create=0
[2026-03-12 16:35:46][PID=31456][TID=38028] names: local=Local\{385FC524-96E3-4839-9909-1F2135D4F928} | global=Global\{385FC524-96E3-4839-9909-1F2135D4F928}
[2026-03-12 16:35:46][PID=31456][TID=38028] OpenFileMapping(local) => handle=0000030C err=183
[2026-03-12 16:35:46][PID=31456][TID=38028] MapViewOfFile => ptr=030A0000 err=183
[2026-03-12 16:35:46][PID=31456][TID=38028] get_shm success: shm_pid=31456
[2026-03-12 16:35:46][PID=31456][TID=38028] free_shm enter: ptr=030A0000 handle=0000030C shm_pid=31456
[2026-03-12 16:35:46][PID=31456][TID=38028] UnmapViewOfFile done
[2026-03-12 16:35:46][PID=31456][TID=38028] CloseHandle done
[2026-03-12 16:35:46][PID=31456][TID=38028] free_shm leave
[2026-03-12 16:35:46][PID=40488][TID=28620] free_shm enter: ptr=05F00000 handle=00000B58 shm_pid=31456
[2026-03-12 16:35:46][PID=40488][TID=28620] UnmapViewOfFile done
[2026-03-12 16:35:46][PID=40488][TID=28620] CloseHandle done
[2026-03-12 16:35:46][PID=40488][TID=28620] free_shm leave
[2026-03-12 16:41:57][PID=37780][TID=34308] get_shm enter: targetPid=40592 create=1
[2026-03-12 16:41:57][PID=37780][TID=34308] names: local=Local\{385FC524-96E3-4839-9909-1F2135D4F928} | global=Global\{385FC524-96E3-4839-9909-1F2135D4F928}
[2026-03-12 16:41:57][PID=37780][TID=34308] OpenFileMapping(local) => handle=00000000 err=2
[2026-03-12 16:41:57][PID=37780][TID=34308] OpenFileMapping(global) => handle=00000000 err=2
[2026-03-12 16:41:57][PID=37780][TID=34308] CreateFileMapping(local) => handle=00000B58 err=0
[2026-03-12 16:41:57][PID=37780][TID=34308] MapViewOfFile => ptr=06630000 err=183
[2026-03-12 16:41:57][PID=37780][TID=34308] get_shm success: shm_pid=40592
[2026-03-12 16:41:57][PID=37780][TID=34308] get_shm enter: targetPid=37780 create=0
[2026-03-12 16:41:57][PID=37780][TID=34308] names: local=Local\{385FC524-96E3-4839-9909-1F2135D4F928} | global=Global\{385FC524-96E3-4839-9909-1F2135D4F928}
[2026-03-12 16:41:57][PID=37780][TID=34308] OpenFileMapping(local) => handle=00000B78 err=183
[2026-03-12 16:41:57][PID=37780][TID=34308] MapViewOfFile => ptr=06790000 err=183
[2026-03-12 16:41:57][PID=37780][TID=34308] get_shm success: shm_pid=37780
[2026-03-12 16:41:57][PID=37780][TID=34308] free_shm enter: ptr=06790000 handle=00000B78 shm_pid=37780
[2026-03-12 16:41:57][PID=37780][TID=34308] UnmapViewOfFile done
[2026-03-12 16:41:57][PID=37780][TID=34308] CloseHandle done
[2026-03-12 16:41:57][PID=37780][TID=34308] free_shm leave
[2026-03-12 16:41:57][PID=40592][TID=39988] get_shm enter: targetPid=40592 create=0
[2026-03-12 16:41:57][PID=40592][TID=39988] names: local=Local\{385FC524-96E3-4839-9909-1F2135D4F928} | global=Global\{385FC524-96E3-4839-9909-1F2135D4F928}
[2026-03-12 16:41:57][PID=40592][TID=39988] OpenFileMapping(local) => handle=000002F8 err=183
[2026-03-12 16:41:57][PID=40592][TID=39988] MapViewOfFile => ptr=02F90000 err=183
[2026-03-12 16:41:57][PID=40592][TID=39988] get_shm success: shm_pid=40592
[2026-03-12 16:41:57][PID=40592][TID=39988] free_shm enter: ptr=02F90000 handle=000002F8 shm_pid=40592
[2026-03-12 16:41:57][PID=40592][TID=39988] UnmapViewOfFile done
[2026-03-12 16:41:57][PID=40592][TID=39988] CloseHandle done
[2026-03-12 16:41:57][PID=40592][TID=39988] free_shm leave
[2026-03-12 16:41:57][PID=37780][TID=34308] free_shm enter: ptr=06630000 handle=00000B58 shm_pid=40592
[2026-03-12 16:41:57][PID=37780][TID=34308] UnmapViewOfFile done
[2026-03-12 16:41:57][PID=37780][TID=34308] CloseHandle done
[2026-03-12 16:41:57][PID=37780][TID=34308] free_shm leave
[2026-03-12 16:48:45][PID=29556][TID=35148] get_shm enter: targetPid=30188 create=1
[2026-03-12 16:48:45][PID=29556][TID=35148] names: local=Local\{385FC524-96E3-4839-9909-1F2135D4F928} | global=Global\{385FC524-96E3-4839-9909-1F2135D4F928}
[2026-03-12 16:48:45][PID=29556][TID=35148] OpenFileMapping(local) => handle=00000000 err=2
[2026-03-12 16:48:45][PID=29556][TID=35148] OpenFileMapping(global) => handle=00000000 err=2
[2026-03-12 16:48:45][PID=29556][TID=35148] CreateFileMapping(local) => handle=00000B5C err=0
[2026-03-12 16:48:45][PID=29556][TID=35148] MapViewOfFile => ptr=06890000 err=183
[2026-03-12 16:48:45][PID=29556][TID=35148] get_shm success: shm_pid=30188
[2026-03-12 16:48:45][PID=29556][TID=35148] get_shm enter: targetPid=29556 create=0
[2026-03-12 16:48:45][PID=29556][TID=35148] names: local=Local\{385FC524-96E3-4839-9909-1F2135D4F928} | global=Global\{385FC524-96E3-4839-9909-1F2135D4F928}
[2026-03-12 16:48:45][PID=29556][TID=35148] OpenFileMapping(local) => handle=00000B58 err=183
[2026-03-12 16:48:45][PID=29556][TID=35148] MapViewOfFile => ptr=06A40000 err=183
[2026-03-12 16:48:45][PID=29556][TID=35148] get_shm success: shm_pid=29556
[2026-03-12 16:48:45][PID=29556][TID=35148] free_shm enter: ptr=06A40000 handle=00000B58 shm_pid=29556
[2026-03-12 16:48:45][PID=29556][TID=35148] UnmapViewOfFile done
[2026-03-12 16:48:45][PID=29556][TID=35148] CloseHandle done
[2026-03-12 16:48:45][PID=29556][TID=35148] free_shm leave
[2026-03-12 16:48:45][PID=30188][TID=30112] get_shm enter: targetPid=30188 create=0
[2026-03-12 16:48:45][PID=30188][TID=30112] names: local=Local\{385FC524-96E3-4839-9909-1F2135D4F928} | global=Global\{385FC524-96E3-4839-9909-1F2135D4F928}
[2026-03-12 16:48:45][PID=30188][TID=30112] OpenFileMapping(local) => handle=0000030C err=183
[2026-03-12 16:48:45][PID=30188][TID=30112] MapViewOfFile => ptr=015D0000 err=183
[2026-03-12 16:48:45][PID=30188][TID=30112] get_shm success: shm_pid=30188
[2026-03-12 16:48:45][PID=30188][TID=30112] free_shm enter: ptr=015D0000 handle=0000030C shm_pid=30188
[2026-03-12 16:48:45][PID=30188][TID=30112] UnmapViewOfFile done
[2026-03-12 16:48:45][PID=30188][TID=30112] CloseHandle done
[2026-03-12 16:48:45][PID=30188][TID=30112] free_shm leave
[2026-03-12 16:48:45][PID=29556][TID=35148] free_shm enter: ptr=06890000 handle=00000B5C shm_pid=30188
[2026-03-12 16:48:46][PID=29556][TID=35148] UnmapViewOfFile done
[2026-03-12 16:48:46][PID=29556][TID=35148] CloseHandle done
[2026-03-12 16:48:46][PID=29556][TID=35148] free_shm leave
[2026-03-12 16:51:41][PID=36584][TID=35492] get_shm enter: targetPid=34948 create=1
[2026-03-12 16:51:41][PID=36584][TID=35492] names: local=Local\{385FC524-96E3-4839-9909-1F2135D4F928} | global=Global\{385FC524-96E3-4839-9909-1F2135D4F928}
[2026-03-12 16:51:41][PID=36584][TID=35492] OpenFileMapping(local) => handle=00000000 err=2
[2026-03-12 16:51:41][PID=36584][TID=35492] OpenFileMapping(global) => handle=00000000 err=2
[2026-03-12 16:51:41][PID=36584][TID=35492] CreateFileMapping(local) => handle=000008CC err=0
[2026-03-12 16:51:41][PID=36584][TID=35492] MapViewOfFile => ptr=064B0000 err=183
[2026-03-12 16:51:41][PID=36584][TID=35492] get_shm success: shm_pid=34948
[2026-03-12 16:51:41][PID=36584][TID=35492] get_shm enter: targetPid=36584 create=0
[2026-03-12 16:51:41][PID=36584][TID=35492] names: local=Local\{385FC524-96E3-4839-9909-1F2135D4F928} | global=Global\{385FC524-96E3-4839-9909-1F2135D4F928}
[2026-03-12 16:51:41][PID=36584][TID=35492] OpenFileMapping(local) => handle=00000B6C err=183
[2026-03-12 16:51:41][PID=36584][TID=35492] MapViewOfFile => ptr=06670000 err=183
[2026-03-12 16:51:41][PID=36584][TID=35492] get_shm success: shm_pid=36584
[2026-03-12 16:51:41][PID=36584][TID=35492] free_shm enter: ptr=06670000 handle=00000B6C shm_pid=36584
[2026-03-12 16:51:41][PID=36584][TID=35492] UnmapViewOfFile done
[2026-03-12 16:51:41][PID=36584][TID=35492] CloseHandle done
[2026-03-12 16:51:41][PID=36584][TID=35492] free_shm leave
[2026-03-12 16:51:41][PID=34948][TID=35556] get_shm enter: targetPid=34948 create=0
[2026-03-12 16:51:41][PID=34948][TID=35556] names: local=Local\{385FC524-96E3-4839-9909-1F2135D4F928} | global=Global\{385FC524-96E3-4839-9909-1F2135D4F928}
[2026-03-12 16:51:41][PID=34948][TID=35556] OpenFileMapping(local) => handle=000000C8 err=183
[2026-03-12 16:51:41][PID=34948][TID=35556] MapViewOfFile => ptr=01510000 err=183
[2026-03-12 16:51:41][PID=34948][TID=35556] get_shm success: shm_pid=34948
[2026-03-12 16:51:41][PID=34948][TID=35556] free_shm enter: ptr=01510000 handle=000000C8 shm_pid=34948
[2026-03-12 16:51:41][PID=34948][TID=35556] UnmapViewOfFile done
[2026-03-12 16:51:41][PID=34948][TID=35556] CloseHandle done
[2026-03-12 16:51:41][PID=34948][TID=35556] free_shm leave
[2026-03-12 16:51:41][PID=36584][TID=35492] free_shm enter: ptr=064B0000 handle=000008CC shm_pid=34948
[2026-03-12 16:51:41][PID=36584][TID=35492] UnmapViewOfFile done
[2026-03-12 16:51:41][PID=36584][TID=35492] CloseHandle done
[2026-03-12 16:51:41][PID=36584][TID=35492] free_shm leave
[2026-03-12 16:55:12][PID=37912][TID=19128] get_shm enter: targetPid=41200 create=1
[2026-03-12 16:55:12][PID=37912][TID=19128] names: local=Local\{385FC524-96E3-4839-9909-1F2135D4F928} | global=Global\{385FC524-96E3-4839-9909-1F2135D4F928}
[2026-03-12 16:55:12][PID=37912][TID=19128] OpenFileMapping(local) => handle=00000000 err=2
[2026-03-12 16:55:12][PID=37912][TID=19128] OpenFileMapping(global) => handle=00000000 err=2
[2026-03-12 16:55:12][PID=37912][TID=19128] CreateFileMapping(local) => handle=00000B70 err=0
[2026-03-12 16:55:12][PID=37912][TID=19128] MapViewOfFile => ptr=05CC0000 err=183
[2026-03-12 16:55:12][PID=37912][TID=19128] get_shm success: shm_pid=41200
[2026-03-12 16:55:12][PID=37912][TID=19128] get_shm enter: targetPid=37912 create=0
[2026-03-12 16:55:12][PID=37912][TID=19128] names: local=Local\{385FC524-96E3-4839-9909-1F2135D4F928} | global=Global\{385FC524-96E3-4839-9909-1F2135D4F928}
[2026-03-12 16:55:12][PID=37912][TID=19128] OpenFileMapping(local) => handle=00000B58 err=183
[2026-03-12 16:55:12][PID=37912][TID=19128] MapViewOfFile => ptr=05E80000 err=183
[2026-03-12 16:55:12][PID=37912][TID=19128] get_shm success: shm_pid=37912
[2026-03-12 16:55:12][PID=37912][TID=19128] free_shm enter: ptr=05E80000 handle=00000B58 shm_pid=37912
[2026-03-12 16:55:12][PID=37912][TID=19128] UnmapViewOfFile done
[2026-03-12 16:55:12][PID=37912][TID=19128] CloseHandle done
[2026-03-12 16:55:12][PID=37912][TID=19128] free_shm leave
[2026-03-12 16:55:12][PID=41200][TID=37168] get_shm enter: targetPid=41200 create=0
[2026-03-12 16:55:12][PID=41200][TID=37168] names: local=Local\{385FC524-96E3-4839-9909-1F2135D4F928} | global=Global\{385FC524-96E3-4839-9909-1F2135D4F928}
[2026-03-12 16:55:12][PID=41200][TID=37168] OpenFileMapping(local) => handle=000002F0 err=183
[2026-03-12 16:55:12][PID=41200][TID=37168] MapViewOfFile => ptr=01590000 err=183
[2026-03-12 16:55:12][PID=41200][TID=37168] get_shm success: shm_pid=41200
[2026-03-12 16:55:12][PID=41200][TID=37168] free_shm enter: ptr=01590000 handle=000002F0 shm_pid=41200
[2026-03-12 16:55:12][PID=41200][TID=37168] UnmapViewOfFile done
[2026-03-12 16:55:12][PID=41200][TID=37168] CloseHandle done
[2026-03-12 16:55:12][PID=41200][TID=37168] free_shm leave
[2026-03-12 16:55:12][PID=37912][TID=19128] free_shm enter: ptr=05CC0000 handle=00000B70 shm_pid=41200
[2026-03-12 16:55:12][PID=37912][TID=19128] UnmapViewOfFile done
[2026-03-12 16:55:12][PID=37912][TID=19128] CloseHandle done
[2026-03-12 16:55:12][PID=37912][TID=19128] free_shm leave
[2026-03-12 16:59:04][PID=40592][TID=40312] get_shm enter: targetPid=41456 create=1
[2026-03-12 16:59:04][PID=40592][TID=40312] names: local=Local\{385FC524-96E3-4839-9909-1F2135D4F928} | global=Global\{385FC524-96E3-4839-9909-1F2135D4F928}
[2026-03-12 16:59:04][PID=40592][TID=40312] OpenFileMapping(local) => handle=00000000 err=2
[2026-03-12 16:59:04][PID=40592][TID=40312] OpenFileMapping(global) => handle=00000000 err=2
[2026-03-12 16:59:04][PID=40592][TID=40312] CreateFileMapping(local) => handle=00000B40 err=0
[2026-03-12 16:59:04][PID=40592][TID=40312] MapViewOfFile => ptr=06160000 err=183
[2026-03-12 16:59:04][PID=40592][TID=40312] get_shm success: shm_pid=41456
[2026-03-12 16:59:04][PID=40592][TID=40312] get_shm enter: targetPid=40592 create=0
[2026-03-12 16:59:04][PID=40592][TID=40312] names: local=Local\{385FC524-96E3-4839-9909-1F2135D4F928} | global=Global\{385FC524-96E3-4839-9909-1F2135D4F928}
[2026-03-12 16:59:04][PID=40592][TID=40312] OpenFileMapping(local) => handle=00000B78 err=183
[2026-03-12 16:59:04][PID=40592][TID=40312] MapViewOfFile => ptr=062C0000 err=183
[2026-03-12 16:59:04][PID=40592][TID=40312] get_shm success: shm_pid=40592
[2026-03-12 16:59:04][PID=40592][TID=40312] free_shm enter: ptr=062C0000 handle=00000B78 shm_pid=40592
[2026-03-12 16:59:04][PID=40592][TID=40312] UnmapViewOfFile done
[2026-03-12 16:59:04][PID=40592][TID=40312] CloseHandle done
[2026-03-12 16:59:04][PID=40592][TID=40312] free_shm leave
[2026-03-12 16:59:04][PID=41456][TID=28684] get_shm enter: targetPid=41456 create=0
[2026-03-12 16:59:04][PID=41456][TID=28684] names: local=Local\{385FC524-96E3-4839-9909-1F2135D4F928} | global=Global\{385FC524-96E3-4839-9909-1F2135D4F928}
[2026-03-12 16:59:04][PID=41456][TID=28684] OpenFileMapping(local) => handle=00000304 err=183
[2026-03-12 16:59:04][PID=41456][TID=28684] MapViewOfFile => ptr=015E0000 err=183
[2026-03-12 16:59:04][PID=41456][TID=28684] get_shm success: shm_pid=41456
[2026-03-12 16:59:04][PID=41456][TID=28684] free_shm enter: ptr=015E0000 handle=00000304 shm_pid=41456
[2026-03-12 16:59:04][PID=41456][TID=28684] UnmapViewOfFile done
[2026-03-12 16:59:04][PID=41456][TID=28684] CloseHandle done
[2026-03-12 16:59:04][PID=41456][TID=28684] free_shm leave
[2026-03-12 16:59:04][PID=40592][TID=40312] free_shm enter: ptr=06160000 handle=00000B40 shm_pid=41456
[2026-03-12 16:59:04][PID=40592][TID=40312] UnmapViewOfFile done
[2026-03-12 16:59:04][PID=40592][TID=40312] CloseHandle done
[2026-03-12 16:59:04][PID=40592][TID=40312] free_shm leave
[2026-03-12 17:00:27][PID=41088][TID=36488] get_shm enter: targetPid=37228 create=1
[2026-03-12 17:00:27][PID=41088][TID=36488] names: local=Local\{385FC524-96E3-4839-9909-1F2135D4F928} | global=Global\{385FC524-96E3-4839-9909-1F2135D4F928}
[2026-03-12 17:00:27][PID=41088][TID=36488] OpenFileMapping(local) => handle=00000000 err=2
[2026-03-12 17:00:27][PID=41088][TID=36488] OpenFileMapping(global) => handle=00000000 err=2
[2026-03-12 17:00:27][PID=41088][TID=36488] CreateFileMapping(local) => handle=00000B5C err=0
[2026-03-12 17:00:27][PID=41088][TID=36488] MapViewOfFile => ptr=068A0000 err=183
[2026-03-12 17:00:27][PID=41088][TID=36488] get_shm success: shm_pid=37228
[2026-03-12 17:00:27][PID=41088][TID=36488] get_shm enter: targetPid=41088 create=0
[2026-03-12 17:00:27][PID=41088][TID=36488] names: local=Local\{385FC524-96E3-4839-9909-1F2135D4F928} | global=Global\{385FC524-96E3-4839-9909-1F2135D4F928}
[2026-03-12 17:00:27][PID=41088][TID=36488] OpenFileMapping(local) => handle=00000B60 err=183
[2026-03-12 17:00:27][PID=41088][TID=36488] MapViewOfFile => ptr=06B50000 err=183
[2026-03-12 17:00:27][PID=41088][TID=36488] get_shm success: shm_pid=41088
[2026-03-12 17:00:27][PID=41088][TID=36488] free_shm enter: ptr=06B50000 handle=00000B60 shm_pid=41088
[2026-03-12 17:00:27][PID=41088][TID=36488] UnmapViewOfFile done
[2026-03-12 17:00:27][PID=41088][TID=36488] CloseHandle done
[2026-03-12 17:00:27][PID=41088][TID=36488] free_shm leave
[2026-03-12 17:00:27][PID=37228][TID=18308] get_shm enter: targetPid=37228 create=0
[2026-03-12 17:00:27][PID=37228][TID=18308] names: local=Local\{385FC524-96E3-4839-9909-1F2135D4F928} | global=Global\{385FC524-96E3-4839-9909-1F2135D4F928}
[2026-03-12 17:00:27][PID=37228][TID=18308] OpenFileMapping(local) => handle=00000314 err=183
[2026-03-12 17:00:27][PID=37228][TID=18308] MapViewOfFile => ptr=015E0000 err=183
[2026-03-12 17:00:27][PID=37228][TID=18308] get_shm success: shm_pid=37228
[2026-03-12 17:00:27][PID=37228][TID=18308] free_shm enter: ptr=015E0000 handle=00000314 shm_pid=37228
[2026-03-12 17:00:27][PID=37228][TID=18308] UnmapViewOfFile done
[2026-03-12 17:00:27][PID=37228][TID=18308] CloseHandle done
[2026-03-12 17:00:27][PID=37228][TID=18308] free_shm leave
[2026-03-12 17:00:27][PID=41088][TID=36488] free_shm enter: ptr=068A0000 handle=00000B5C shm_pid=37228
[2026-03-12 17:00:27][PID=41088][TID=36488] UnmapViewOfFile done
[2026-03-12 17:00:27][PID=41088][TID=36488] CloseHandle done
[2026-03-12 17:00:27][PID=41088][TID=36488] free_shm leave
[2026-03-12 17:02:33][PID=37332][TID=38264] get_shm enter: targetPid=40860 create=1
[2026-03-12 17:02:33][PID=37332][TID=38264] names: local=Local\{385FC524-96E3-4839-9909-1F2135D4F928} | global=Global\{385FC524-96E3-4839-9909-1F2135D4F928}
[2026-03-12 17:02:33][PID=37332][TID=38264] OpenFileMapping(local) => handle=00000000 err=2
[2026-03-12 17:02:33][PID=37332][TID=38264] OpenFileMapping(global) => handle=00000000 err=2
[2026-03-12 17:02:33][PID=37332][TID=38264] CreateFileMapping(local) => handle=00000B50 err=0
[2026-03-12 17:02:33][PID=37332][TID=38264] MapViewOfFile => ptr=05F60000 err=183
[2026-03-12 17:02:33][PID=37332][TID=38264] get_shm success: shm_pid=40860
[2026-03-12 17:02:33][PID=37332][TID=38264] get_shm enter: targetPid=37332 create=0
[2026-03-12 17:02:33][PID=37332][TID=38264] names: local=Local\{385FC524-96E3-4839-9909-1F2135D4F928} | global=Global\{385FC524-96E3-4839-9909-1F2135D4F928}
[2026-03-12 17:02:33][PID=37332][TID=38264] OpenFileMapping(local) => handle=00000B4C err=183
[2026-03-12 17:02:33][PID=37332][TID=38264] MapViewOfFile => ptr=060C0000 err=183
[2026-03-12 17:02:33][PID=37332][TID=38264] get_shm success: shm_pid=37332
[2026-03-12 17:02:33][PID=37332][TID=38264] free_shm enter: ptr=060C0000 handle=00000B4C shm_pid=37332
[2026-03-12 17:02:33][PID=37332][TID=38264] UnmapViewOfFile done
[2026-03-12 17:02:33][PID=37332][TID=38264] CloseHandle done
[2026-03-12 17:02:33][PID=37332][TID=38264] free_shm leave
[2026-03-12 17:02:33][PID=40860][TID=30348] get_shm enter: targetPid=40860 create=0
[2026-03-12 17:02:33][PID=40860][TID=30348] names: local=Local\{385FC524-96E3-4839-9909-1F2135D4F928} | global=Global\{385FC524-96E3-4839-9909-1F2135D4F928}
[2026-03-12 17:02:33][PID=40860][TID=30348] OpenFileMapping(local) => handle=000002F8 err=183
[2026-03-12 17:02:33][PID=40860][TID=30348] MapViewOfFile => ptr=019F0000 err=183
[2026-03-12 17:02:33][PID=40860][TID=30348] get_shm success: shm_pid=40860
[2026-03-12 17:02:33][PID=40860][TID=30348] free_shm enter: ptr=019F0000 handle=000002F8 shm_pid=40860
[2026-03-12 17:02:33][PID=40860][TID=30348] UnmapViewOfFile done
[2026-03-12 17:02:33][PID=40860][TID=30348] CloseHandle done
[2026-03-12 17:02:33][PID=40860][TID=30348] free_shm leave
[2026-03-12 17:02:33][PID=37332][TID=38264] free_shm enter: ptr=05F60000 handle=00000B50 shm_pid=40860
[2026-03-12 17:02:33][PID=37332][TID=38264] UnmapViewOfFile done
[2026-03-12 17:02:33][PID=37332][TID=38264] CloseHandle done
[2026-03-12 17:02:33][PID=37332][TID=38264] free_shm leave
[2026-03-12 17:03:29][PID=35776][TID=23052] get_shm enter: targetPid=40816 create=1
[2026-03-12 17:03:29][PID=35776][TID=23052] names: local=Local\{385FC524-96E3-4839-9909-1F2135D4F928} | global=Global\{385FC524-96E3-4839-9909-1F2135D4F928}
[2026-03-12 17:03:29][PID=35776][TID=23052] OpenFileMapping(local) => handle=00000000 err=2
[2026-03-12 17:03:29][PID=35776][TID=23052] OpenFileMapping(global) => handle=00000000 err=2
[2026-03-12 17:03:29][PID=35776][TID=23052] CreateFileMapping(local) => handle=00000A40 err=0
[2026-03-12 17:03:29][PID=35776][TID=23052] MapViewOfFile => ptr=059C0000 err=183
[2026-03-12 17:03:29][PID=35776][TID=23052] get_shm success: shm_pid=40816
[2026-03-12 17:03:29][PID=35776][TID=23052] get_shm enter: targetPid=35776 create=0
[2026-03-12 17:03:29][PID=35776][TID=23052] names: local=Local\{385FC524-96E3-4839-9909-1F2135D4F928} | global=Global\{385FC524-96E3-4839-9909-1F2135D4F928}
[2026-03-12 17:03:29][PID=35776][TID=23052] OpenFileMapping(local) => handle=00000970 err=183
[2026-03-12 17:03:29][PID=35776][TID=23052] MapViewOfFile => ptr=05C80000 err=183
[2026-03-12 17:03:29][PID=35776][TID=23052] get_shm success: shm_pid=35776
[2026-03-12 17:03:29][PID=35776][TID=23052] free_shm enter: ptr=05C80000 handle=00000970 shm_pid=35776
[2026-03-12 17:03:29][PID=35776][TID=23052] UnmapViewOfFile done
[2026-03-12 17:03:29][PID=35776][TID=23052] CloseHandle done
[2026-03-12 17:03:29][PID=35776][TID=23052] free_shm leave
[2026-03-12 17:03:29][PID=40816][TID=41216] get_shm enter: targetPid=40816 create=0
[2026-03-12 17:03:29][PID=40816][TID=41216] names: local=Local\{385FC524-96E3-4839-9909-1F2135D4F928} | global=Global\{385FC524-96E3-4839-9909-1F2135D4F928}
[2026-03-12 17:03:29][PID=40816][TID=41216] OpenFileMapping(local) => handle=000002F0 err=183
[2026-03-12 17:03:29][PID=40816][TID=41216] MapViewOfFile => ptr=015E0000 err=183
[2026-03-12 17:03:29][PID=40816][TID=41216] get_shm success: shm_pid=40816
[2026-03-12 17:03:29][PID=40816][TID=41216] free_shm enter: ptr=015E0000 handle=000002F0 shm_pid=40816
[2026-03-12 17:03:29][PID=40816][TID=41216] UnmapViewOfFile done
[2026-03-12 17:03:29][PID=40816][TID=41216] CloseHandle done
[2026-03-12 17:03:29][PID=40816][TID=41216] free_shm leave
[2026-03-12 17:03:29][PID=35776][TID=23052] free_shm enter: ptr=059C0000 handle=00000A40 shm_pid=40816
[2026-03-12 17:03:29][PID=35776][TID=23052] UnmapViewOfFile done
[2026-03-12 17:03:29][PID=35776][TID=23052] CloseHandle done
[2026-03-12 17:03:32][PID=35776][TID=23052] free_shm leave
[2026-03-12 17:57:40][PID=38500][TID=41536] get_shm enter: targetPid=37064 create=1
[2026-03-12 17:57:40][PID=38500][TID=41536] names: local=Local\{385FC524-96E3-4839-9909-1F2135D4F928} | global=Global\{385FC524-96E3-4839-9909-1F2135D4F928}
[2026-03-12 17:57:40][PID=38500][TID=41536] OpenFileMapping(local) => handle=00000000 err=2
[2026-03-12 17:57:40][PID=38500][TID=41536] OpenFileMapping(global) => handle=00000000 err=2
[2026-03-12 17:57:40][PID=38500][TID=41536] CreateFileMapping(local) => handle=000008D4 err=0
[2026-03-12 17:57:40][PID=38500][TID=41536] MapViewOfFile => ptr=05610000 err=183
[2026-03-12 17:57:40][PID=38500][TID=41536] get_shm success: shm_pid=37064
[2026-03-12 17:57:40][PID=38500][TID=41536] get_shm enter: targetPid=38500 create=0
[2026-03-12 17:57:41][PID=38500][TID=41536] names: local=Local\{385FC524-96E3-4839-9909-1F2135D4F928} | global=Global\{385FC524-96E3-4839-9909-1F2135D4F928}
[2026-03-12 17:57:41][PID=38500][TID=41536] OpenFileMapping(local) => handle=00000A18 err=183
[2026-03-12 17:57:41][PID=38500][TID=41536] MapViewOfFile => ptr=05640000 err=183
[2026-03-12 17:57:41][PID=38500][TID=41536] get_shm success: shm_pid=38500
[2026-03-12 17:57:41][PID=38500][TID=41536] free_shm enter: ptr=05640000 handle=00000A18 shm_pid=38500
[2026-03-12 17:57:41][PID=38500][TID=41536] UnmapViewOfFile done
[2026-03-12 17:57:41][PID=38500][TID=41536] CloseHandle done
[2026-03-12 17:57:41][PID=38500][TID=41536] free_shm leave
[2026-03-12 17:57:41][PID=37064][TID=30484] get_shm enter: targetPid=37064 create=0
[2026-03-12 17:57:41][PID=37064][TID=30484] names: local=Local\{385FC524-96E3-4839-9909-1F2135D4F928} | global=Global\{385FC524-96E3-4839-9909-1F2135D4F928}
[2026-03-12 17:57:41][PID=37064][TID=30484] OpenFileMapping(local) => handle=00000318 err=183
[2026-03-12 17:57:41][PID=37064][TID=30484] MapViewOfFile => ptr=01590000 err=183
[2026-03-12 17:57:41][PID=37064][TID=30484] get_shm success: shm_pid=37064
[2026-03-12 17:57:41][PID=37064][TID=30484] free_shm enter: ptr=01590000 handle=00000318 shm_pid=37064
[2026-03-12 17:57:41][PID=37064][TID=30484] UnmapViewOfFile done
[2026-03-12 17:57:41][PID=37064][TID=30484] CloseHandle done
[2026-03-12 17:57:41][PID=37064][TID=30484] free_shm leave
[2026-03-12 17:57:41][PID=38500][TID=41536] free_shm enter: ptr=05610000 handle=000008D4 shm_pid=37064
[2026-03-12 17:57:41][PID=38500][TID=41536] UnmapViewOfFile done
[2026-03-12 17:57:41][PID=38500][TID=41536] CloseHandle done
[2026-03-12 17:57:41][PID=38500][TID=41536] free_shm leave
[2026-03-12 17:58:16][PID=19792][TID=20640] get_shm enter: targetPid=42796 create=1
[2026-03-12 17:58:16][PID=19792][TID=20640] names: local=Local\{385FC524-96E3-4839-9909-1F2135D4F928} | global=Global\{385FC524-96E3-4839-9909-1F2135D4F928}
[2026-03-12 17:58:16][PID=19792][TID=20640] OpenFileMapping(local) => handle=00000000 err=2
[2026-03-12 17:58:16][PID=19792][TID=20640] OpenFileMapping(global) => handle=00000000 err=2
[2026-03-12 17:58:16][PID=19792][TID=20640] CreateFileMapping(local) => handle=000009FC err=0
[2026-03-12 17:58:16][PID=19792][TID=20640] MapViewOfFile => ptr=05670000 err=183
[2026-03-12 17:58:16][PID=19792][TID=20640] get_shm success: shm_pid=42796
[2026-03-12 17:58:16][PID=19792][TID=20640] get_shm enter: targetPid=19792 create=0
[2026-03-12 17:58:16][PID=19792][TID=20640] names: local=Local\{385FC524-96E3-4839-9909-1F2135D4F928} | global=Global\{385FC524-96E3-4839-9909-1F2135D4F928}
[2026-03-12 17:58:16][PID=19792][TID=20640] OpenFileMapping(local) => handle=00000B50 err=183
[2026-03-12 17:58:16][PID=19792][TID=20640] MapViewOfFile => ptr=05840000 err=183
[2026-03-12 17:58:16][PID=19792][TID=20640] get_shm success: shm_pid=19792
[2026-03-12 17:58:16][PID=19792][TID=20640] free_shm enter: ptr=05840000 handle=00000B50 shm_pid=19792
[2026-03-12 17:58:16][PID=19792][TID=20640] UnmapViewOfFile done
[2026-03-12 17:58:16][PID=19792][TID=20640] CloseHandle done
[2026-03-12 17:58:16][PID=19792][TID=20640] free_shm leave
[2026-03-12 17:58:16][PID=42796][TID=7404] get_shm enter: targetPid=42796 create=0
[2026-03-12 17:58:16][PID=42796][TID=7404] names: local=Local\{385FC524-96E3-4839-9909-1F2135D4F928} | global=Global\{385FC524-96E3-4839-9909-1F2135D4F928}
[2026-03-12 17:58:16][PID=42796][TID=7404] OpenFileMapping(local) => handle=00000310 err=183
[2026-03-12 17:58:16][PID=42796][TID=7404] MapViewOfFile => ptr=017E0000 err=183
[2026-03-12 17:58:16][PID=42796][TID=7404] get_shm success: shm_pid=42796
[2026-03-12 17:58:16][PID=42796][TID=7404] free_shm enter: ptr=017E0000 handle=00000310 shm_pid=42796
[2026-03-12 17:58:16][PID=42796][TID=7404] UnmapViewOfFile done
[2026-03-12 17:58:16][PID=42796][TID=7404] CloseHandle done
[2026-03-12 17:58:16][PID=42796][TID=7404] free_shm leave
[2026-03-12 17:58:16][PID=19792][TID=20640] free_shm enter: ptr=05670000 handle=000009FC shm_pid=42796
[2026-03-12 17:58:16][PID=19792][TID=20640] UnmapViewOfFile done
[2026-03-12 17:58:16][PID=19792][TID=20640] CloseHandle done
[2026-03-12 17:58:16][PID=19792][TID=20640] free_shm leave
[2026-03-12 18:10:43][PID=26004][TID=43356] get_shm enter: targetPid=42436 create=1
[2026-03-12 18:10:43][PID=26004][TID=43356] names: local=Local\{385FC524-96E3-4839-9909-1F2135D4F928} | global=Global\{385FC524-96E3-4839-9909-1F2135D4F928}
[2026-03-12 18:10:43][PID=26004][TID=43356] OpenFileMapping(local) => handle=00000000 err=2
[2026-03-12 18:10:43][PID=26004][TID=43356] OpenFileMapping(global) => handle=00000000 err=2
[2026-03-12 18:10:43][PID=26004][TID=43356] CreateFileMapping(local) => handle=00000B48 err=0
[2026-03-12 18:10:43][PID=26004][TID=43356] MapViewOfFile => ptr=00EF0000 err=183
[2026-03-12 18:10:43][PID=26004][TID=43356] get_shm success: shm_pid=42436
[2026-03-12 18:10:43][PID=26004][TID=43356] get_shm enter: targetPid=26004 create=0
[2026-03-12 18:10:43][PID=26004][TID=43356] names: local=Local\{385FC524-96E3-4839-9909-1F2135D4F928} | global=Global\{385FC524-96E3-4839-9909-1F2135D4F928}
[2026-03-12 18:10:43][PID=26004][TID=43356] OpenFileMapping(local) => handle=000008D8 err=183
[2026-03-12 18:10:43][PID=26004][TID=43356] MapViewOfFile => ptr=00F30000 err=183
[2026-03-12 18:10:43][PID=26004][TID=43356] get_shm success: shm_pid=26004
[2026-03-12 18:10:43][PID=26004][TID=43356] free_shm enter: ptr=00F30000 handle=000008D8 shm_pid=26004
[2026-03-12 18:10:43][PID=26004][TID=43356] UnmapViewOfFile done
[2026-03-12 18:10:43][PID=26004][TID=43356] CloseHandle done
[2026-03-12 18:10:43][PID=26004][TID=43356] free_shm leave
[2026-03-12 18:10:43][PID=42436][TID=22536] get_shm enter: targetPid=42436 create=0
[2026-03-12 18:10:43][PID=42436][TID=22536] names: local=Local\{385FC524-96E3-4839-9909-1F2135D4F928} | global=Global\{385FC524-96E3-4839-9909-1F2135D4F928}
[2026-03-12 18:10:43][PID=42436][TID=22536] OpenFileMapping(local) => handle=00000304 err=183
[2026-03-12 18:10:43][PID=42436][TID=22536] MapViewOfFile => ptr=01340000 err=183
[2026-03-12 18:10:43][PID=42436][TID=22536] get_shm success: shm_pid=42436
[2026-03-12 18:10:43][PID=42436][TID=22536] free_shm enter: ptr=01340000 handle=00000304 shm_pid=42436
[2026-03-12 18:10:43][PID=42436][TID=22536] UnmapViewOfFile done
[2026-03-12 18:10:43][PID=42436][TID=22536] CloseHandle done
[2026-03-12 18:10:43][PID=42436][TID=22536] free_shm leave
[2026-03-12 18:10:43][PID=26004][TID=43356] free_shm enter: ptr=00EF0000 handle=00000B48 shm_pid=42436
[2026-03-12 18:10:43][PID=26004][TID=43356] UnmapViewOfFile done
[2026-03-12 18:10:43][PID=26004][TID=43356] CloseHandle done
[2026-03-12 18:10:46][PID=26004][TID=43356] free_shm leave
[2026-03-12 18:35:40][PID=33764][TID=38024] get_shm enter: targetPid=40188 create=1
[2026-03-12 18:35:40][PID=33764][TID=38024] names: local=Local\{385FC524-96E3-4839-9909-1F2135D4F928} | global=Global\{385FC524-96E3-4839-9909-1F2135D4F928}
[2026-03-12 18:35:40][PID=33764][TID=38024] OpenFileMapping(local) => handle=00000000 err=2
[2026-03-12 18:35:40][PID=33764][TID=38024] OpenFileMapping(global) => handle=00000000 err=2
[2026-03-12 18:35:40][PID=33764][TID=38024] CreateFileMapping(local) => handle=00000894 err=0
[2026-03-12 18:35:40][PID=33764][TID=38024] MapViewOfFile => ptr=05290000 err=183
[2026-03-12 18:35:40][PID=33764][TID=38024] get_shm success: shm_pid=40188
[2026-03-12 18:35:40][PID=33764][TID=38024] get_shm enter: targetPid=33764 create=0
[2026-03-12 18:35:40][PID=33764][TID=38024] names: local=Local\{385FC524-96E3-4839-9909-1F2135D4F928} | global=Global\{385FC524-96E3-4839-9909-1F2135D4F928}
[2026-03-12 18:35:40][PID=33764][TID=38024] OpenFileMapping(local) => handle=00000B6C err=183
[2026-03-12 18:35:40][PID=33764][TID=38024] MapViewOfFile => ptr=052C0000 err=183
[2026-03-12 18:35:40][PID=33764][TID=38024] get_shm success: shm_pid=33764
[2026-03-12 18:35:40][PID=33764][TID=38024] free_shm enter: ptr=052C0000 handle=00000B6C shm_pid=33764
[2026-03-12 18:35:40][PID=33764][TID=38024] UnmapViewOfFile done
[2026-03-12 18:35:40][PID=33764][TID=38024] CloseHandle done
[2026-03-12 18:35:40][PID=33764][TID=38024] free_shm leave
[2026-03-12 18:35:40][PID=40188][TID=29128] get_shm enter: targetPid=40188 create=0
[2026-03-12 18:35:40][PID=40188][TID=29128] names: local=Local\{385FC524-96E3-4839-9909-1F2135D4F928} | global=Global\{385FC524-96E3-4839-9909-1F2135D4F928}
[2026-03-12 18:35:40][PID=40188][TID=29128] OpenFileMapping(local) => handle=000000EC err=183
[2026-03-12 18:35:40][PID=40188][TID=29128] MapViewOfFile => ptr=017E0000 err=183
[2026-03-12 18:35:40][PID=40188][TID=29128] get_shm success: shm_pid=40188
[2026-03-12 18:35:40][PID=40188][TID=29128] free_shm enter: ptr=017E0000 handle=000000EC shm_pid=40188
[2026-03-12 18:35:40][PID=40188][TID=29128] UnmapViewOfFile done
[2026-03-12 18:35:40][PID=40188][TID=29128] CloseHandle done
[2026-03-12 18:35:40][PID=40188][TID=29128] free_shm leave
[2026-03-12 18:35:40][PID=33764][TID=38024] free_shm enter: ptr=05290000 handle=00000894 shm_pid=40188
[2026-03-12 18:35:40][PID=33764][TID=38024] UnmapViewOfFile done
[2026-03-12 18:35:40][PID=33764][TID=38024] CloseHandle done
[2026-03-12 18:35:40][PID=33764][TID=38024] free_shm leave
[2026-03-12 18:43:24][PID=35316][TID=30608] get_shm enter: targetPid=548 create=1
[2026-03-12 18:43:24][PID=35316][TID=30608] names: local=Local\{385FC524-96E3-4839-9909-1F2135D4F928} | global=Global\{385FC524-96E3-4839-9909-1F2135D4F928}
[2026-03-12 18:43:24][PID=35316][TID=30608] OpenFileMapping(local) => handle=00000000 err=2
[2026-03-12 18:43:24][PID=35316][TID=30608] OpenFileMapping(global) => handle=00000000 err=2
[2026-03-12 18:43:24][PID=35316][TID=30608] CreateFileMapping(local) => handle=00000B10 err=0
[2026-03-12 18:43:24][PID=35316][TID=30608] MapViewOfFile => ptr=06820000 err=183
[2026-03-12 18:43:24][PID=35316][TID=30608] get_shm success: shm_pid=548
[2026-03-12 18:43:24][PID=35316][TID=30608] get_shm enter: targetPid=35316 create=0
[2026-03-12 18:43:24][PID=35316][TID=30608] names: local=Local\{385FC524-96E3-4839-9909-1F2135D4F928} | global=Global\{385FC524-96E3-4839-9909-1F2135D4F928}
[2026-03-12 18:43:24][PID=35316][TID=30608] OpenFileMapping(local) => handle=00000B5C err=183
[2026-03-12 18:43:24][PID=35316][TID=30608] MapViewOfFile => ptr=06960000 err=183
[2026-03-12 18:43:24][PID=35316][TID=30608] get_shm success: shm_pid=35316
[2026-03-12 18:43:24][PID=35316][TID=30608] free_shm enter: ptr=06960000 handle=00000B5C shm_pid=35316
[2026-03-12 18:43:24][PID=35316][TID=30608] UnmapViewOfFile done
[2026-03-12 18:43:24][PID=35316][TID=30608] CloseHandle done
[2026-03-12 18:43:24][PID=35316][TID=30608] free_shm leave
[2026-03-12 18:43:25][PID=548][TID=43456] get_shm enter: targetPid=548 create=0
[2026-03-12 18:43:25][PID=548][TID=43456] names: local=Local\{385FC524-96E3-4839-9909-1F2135D4F928} | global=Global\{385FC524-96E3-4839-9909-1F2135D4F928}
[2026-03-12 18:43:25][PID=548][TID=43456] OpenFileMapping(local) => handle=00000318 err=183
[2026-03-12 18:43:25][PID=548][TID=43456] MapViewOfFile => ptr=015E0000 err=183
[2026-03-12 18:43:25][PID=548][TID=43456] get_shm success: shm_pid=548
[2026-03-12 18:43:25][PID=548][TID=43456] free_shm enter: ptr=015E0000 handle=00000318 shm_pid=548
[2026-03-12 18:43:25][PID=548][TID=43456] UnmapViewOfFile done
[2026-03-12 18:43:25][PID=548][TID=43456] CloseHandle done
[2026-03-12 18:43:25][PID=548][TID=43456] free_shm leave
[2026-03-12 18:43:25][PID=35316][TID=30608] free_shm enter: ptr=06820000 handle=00000B10 shm_pid=548
[2026-03-12 18:43:25][PID=35316][TID=30608] UnmapViewOfFile done
[2026-03-12 18:43:25][PID=35316][TID=30608] CloseHandle done
[2026-03-12 18:43:25][PID=35316][TID=30608] free_shm leave
[2026-03-12 18:44:20][PID=32384][TID=40644] get_shm enter: targetPid=37000 create=1
[2026-03-12 18:44:20][PID=32384][TID=40644] names: local=Local\{385FC524-96E3-4839-9909-1F2135D4F928} | global=Global\{385FC524-96E3-4839-9909-1F2135D4F928}
[2026-03-12 18:44:20][PID=32384][TID=40644] OpenFileMapping(local) => handle=00000000 err=2
[2026-03-12 18:44:20][PID=32384][TID=40644] OpenFileMapping(global) => handle=00000000 err=2
[2026-03-12 18:44:20][PID=32384][TID=40644] CreateFileMapping(local) => handle=00000B58 err=0
[2026-03-12 18:44:20][PID=32384][TID=40644] MapViewOfFile => ptr=06060000 err=183
[2026-03-12 18:44:20][PID=32384][TID=40644] get_shm success: shm_pid=37000
[2026-03-12 18:44:20][PID=32384][TID=40644] get_shm enter: targetPid=32384 create=0
[2026-03-12 18:44:20][PID=32384][TID=40644] names: local=Local\{385FC524-96E3-4839-9909-1F2135D4F928} | global=Global\{385FC524-96E3-4839-9909-1F2135D4F928}
[2026-03-12 18:44:20][PID=32384][TID=40644] OpenFileMapping(local) => handle=00000B6C err=183
[2026-03-12 18:44:20][PID=32384][TID=40644] MapViewOfFile => ptr=061C0000 err=183
[2026-03-12 18:44:20][PID=32384][TID=40644] get_shm success: shm_pid=32384
[2026-03-12 18:44:20][PID=32384][TID=40644] free_shm enter: ptr=061C0000 handle=00000B6C shm_pid=32384
[2026-03-12 18:44:20][PID=32384][TID=40644] UnmapViewOfFile done
[2026-03-12 18:44:20][PID=32384][TID=40644] CloseHandle done
[2026-03-12 18:44:20][PID=32384][TID=40644] free_shm leave
[2026-03-12 18:44:20][PID=37000][TID=35252] get_shm enter: targetPid=37000 create=0
[2026-03-12 18:44:21][PID=37000][TID=35252] names: local=Local\{385FC524-96E3-4839-9909-1F2135D4F928} | global=Global\{385FC524-96E3-4839-9909-1F2135D4F928}
[2026-03-12 18:44:21][PID=37000][TID=35252] OpenFileMapping(local) => handle=000002F8 err=183
[2026-03-12 18:44:21][PID=37000][TID=35252] MapViewOfFile => ptr=015D0000 err=183
[2026-03-12 18:44:21][PID=37000][TID=35252] get_shm success: shm_pid=37000
[2026-03-12 18:44:21][PID=37000][TID=35252] free_shm enter: ptr=015D0000 handle=000002F8 shm_pid=37000
[2026-03-12 18:44:21][PID=37000][TID=35252] UnmapViewOfFile done
[2026-03-12 18:44:21][PID=37000][TID=35252] CloseHandle done
[2026-03-12 18:44:21][PID=37000][TID=35252] free_shm leave
[2026-03-12 18:44:21][PID=32384][TID=40644] free_shm enter: ptr=06060000 handle=00000B58 shm_pid=37000
[2026-03-12 18:44:21][PID=32384][TID=40644] UnmapViewOfFile done
[2026-03-12 18:44:21][PID=32384][TID=40644] CloseHandle done
[2026-03-12 18:44:21][PID=32384][TID=40644] free_shm leave
[2026-03-12 18:51:29][PID=29924][TID=34392] get_shm enter: targetPid=32332 create=1
[2026-03-12 18:51:29][PID=29924][TID=34392] names: local=Local\{385FC524-96E3-4839-9909-1F2135D4F928} | global=Global\{385FC524-96E3-4839-9909-1F2135D4F928}
[2026-03-12 18:51:29][PID=29924][TID=34392] OpenFileMapping(local) => handle=00000000 err=2
[2026-03-12 18:51:29][PID=29924][TID=34392] OpenFileMapping(global) => handle=00000000 err=2
[2026-03-12 18:51:29][PID=29924][TID=34392] CreateFileMapping(local) => handle=00000B68 err=0
[2026-03-12 18:51:29][PID=29924][TID=34392] MapViewOfFile => ptr=066A0000 err=183
[2026-03-12 18:51:29][PID=29924][TID=34392] get_shm success: shm_pid=32332
[2026-03-12 18:51:29][PID=29924][TID=34392] get_shm enter: targetPid=29924 create=0
[2026-03-12 18:51:29][PID=29924][TID=34392] names: local=Local\{385FC524-96E3-4839-9909-1F2135D4F928} | global=Global\{385FC524-96E3-4839-9909-1F2135D4F928}
[2026-03-12 18:51:29][PID=29924][TID=34392] OpenFileMapping(local) => handle=000008A0 err=183
[2026-03-12 18:51:29][PID=29924][TID=34392] MapViewOfFile => ptr=06800000 err=183
[2026-03-12 18:51:29][PID=29924][TID=34392] get_shm success: shm_pid=29924
[2026-03-12 18:51:29][PID=29924][TID=34392] free_shm enter: ptr=06800000 handle=000008A0 shm_pid=29924
[2026-03-12 18:51:29][PID=29924][TID=34392] UnmapViewOfFile done
[2026-03-12 18:51:29][PID=29924][TID=34392] CloseHandle done
[2026-03-12 18:51:29][PID=29924][TID=34392] free_shm leave
[2026-03-12 18:51:29][PID=32332][TID=38588] get_shm enter: targetPid=32332 create=0
[2026-03-12 18:51:29][PID=32332][TID=38588] names: local=Local\{385FC524-96E3-4839-9909-1F2135D4F928} | global=Global\{385FC524-96E3-4839-9909-1F2135D4F928}
[2026-03-12 18:51:29][PID=32332][TID=38588] OpenFileMapping(local) => handle=00000308 err=183
[2026-03-12 18:51:29][PID=32332][TID=38588] MapViewOfFile => ptr=01550000 err=183
[2026-03-12 18:51:29][PID=32332][TID=38588] get_shm success: shm_pid=32332
[2026-03-12 18:51:29][PID=32332][TID=38588] free_shm enter: ptr=01550000 handle=00000308 shm_pid=32332
[2026-03-12 18:51:29][PID=32332][TID=38588] UnmapViewOfFile done
[2026-03-12 18:51:29][PID=32332][TID=38588] CloseHandle done
[2026-03-12 18:51:29][PID=32332][TID=38588] free_shm leave
[2026-03-12 18:51:29][PID=29924][TID=34392] free_shm enter: ptr=066A0000 handle=00000B68 shm_pid=32332
[2026-03-12 18:51:29][PID=29924][TID=34392] UnmapViewOfFile done
[2026-03-12 18:51:29][PID=29924][TID=34392] CloseHandle done
[2026-03-12 18:51:29][PID=29924][TID=34392] free_shm leave
[2026-03-12 19:06:45][PID=37144][TID=35468] get_shm enter: targetPid=24728 create=1
[2026-03-12 19:06:45][PID=37144][TID=35468] names: local=Local\{385FC524-96E3-4839-9909-1F2135D4F928} | global=Global\{385FC524-96E3-4839-9909-1F2135D4F928}
[2026-03-12 19:06:45][PID=37144][TID=35468] OpenFileMapping(local) => handle=00000000 err=2
[2026-03-12 19:06:45][PID=37144][TID=35468] OpenFileMapping(global) => handle=00000000 err=2
[2026-03-12 19:06:45][PID=37144][TID=35468] CreateFileMapping(local) => handle=00000B60 err=0
[2026-03-12 19:06:45][PID=37144][TID=35468] MapViewOfFile => ptr=06620000 err=183
[2026-03-12 19:06:45][PID=37144][TID=35468] get_shm success: shm_pid=24728
[2026-03-12 19:06:45][PID=37144][TID=35468] get_shm enter: targetPid=37144 create=0
[2026-03-12 19:06:45][PID=37144][TID=35468] names: local=Local\{385FC524-96E3-4839-9909-1F2135D4F928} | global=Global\{385FC524-96E3-4839-9909-1F2135D4F928}
[2026-03-12 19:06:45][PID=37144][TID=35468] OpenFileMapping(local) => handle=00000B64 err=183
[2026-03-12 19:06:45][PID=37144][TID=35468] MapViewOfFile => ptr=06780000 err=183
[2026-03-12 19:06:45][PID=37144][TID=35468] get_shm success: shm_pid=37144
[2026-03-12 19:06:45][PID=37144][TID=35468] free_shm enter: ptr=06780000 handle=00000B64 shm_pid=37144
[2026-03-12 19:06:45][PID=37144][TID=35468] UnmapViewOfFile done
[2026-03-12 19:06:45][PID=37144][TID=35468] CloseHandle done
[2026-03-12 19:06:45][PID=37144][TID=35468] free_shm leave
[2026-03-12 19:06:45][PID=24728][TID=29904] get_shm enter: targetPid=24728 create=0
[2026-03-12 19:06:45][PID=24728][TID=29904] names: local=Local\{385FC524-96E3-4839-9909-1F2135D4F928} | global=Global\{385FC524-96E3-4839-9909-1F2135D4F928}
[2026-03-12 19:06:45][PID=24728][TID=29904] OpenFileMapping(local) => handle=000002EC err=183
[2026-03-12 19:06:45][PID=24728][TID=29904] MapViewOfFile => ptr=01660000 err=183
[2026-03-12 19:06:45][PID=24728][TID=29904] get_shm success: shm_pid=24728
[2026-03-12 19:06:45][PID=24728][TID=29904] free_shm enter: ptr=01660000 handle=000002EC shm_pid=24728
[2026-03-12 19:06:45][PID=24728][TID=29904] UnmapViewOfFile done
[2026-03-12 19:06:45][PID=24728][TID=29904] CloseHandle done
[2026-03-12 19:06:45][PID=24728][TID=29904] free_shm leave
[2026-03-12 19:06:45][PID=37144][TID=35468] free_shm enter: ptr=06620000 handle=00000B60 shm_pid=24728
[2026-03-12 19:06:45][PID=37144][TID=35468] UnmapViewOfFile done
[2026-03-12 19:06:45][PID=37144][TID=35468] CloseHandle done
[2026-03-12 19:06:45][PID=37144][TID=35468] free_shm leave
[2026-03-12 19:10:50][PID=36668][TID=41256] get_shm enter: targetPid=27872 create=1
[2026-03-12 19:10:50][PID=36668][TID=41256] names: local=Local\{385FC524-96E3-4839-9909-1F2135D4F928} | global=Global\{385FC524-96E3-4839-9909-1F2135D4F928}
[2026-03-12 19:10:50][PID=36668][TID=41256] OpenFileMapping(local) => handle=00000000 err=2
[2026-03-12 19:10:50][PID=36668][TID=41256] OpenFileMapping(global) => handle=00000000 err=2
[2026-03-12 19:10:50][PID=36668][TID=41256] CreateFileMapping(local) => handle=00000B80 err=0
[2026-03-12 19:10:50][PID=36668][TID=41256] MapViewOfFile => ptr=06770000 err=183
[2026-03-12 19:10:50][PID=36668][TID=41256] get_shm success: shm_pid=27872
[2026-03-12 19:10:50][PID=36668][TID=41256] get_shm enter: targetPid=36668 create=0
[2026-03-12 19:10:50][PID=36668][TID=41256] names: local=Local\{385FC524-96E3-4839-9909-1F2135D4F928} | global=Global\{385FC524-96E3-4839-9909-1F2135D4F928}
[2026-03-12 19:10:50][PID=36668][TID=41256] OpenFileMapping(local) => handle=00000618 err=183
[2026-03-12 19:10:50][PID=36668][TID=41256] MapViewOfFile => ptr=068D0000 err=183
[2026-03-12 19:10:50][PID=36668][TID=41256] get_shm success: shm_pid=36668
[2026-03-12 19:10:50][PID=36668][TID=41256] free_shm enter: ptr=068D0000 handle=00000618 shm_pid=36668
[2026-03-12 19:10:50][PID=36668][TID=41256] UnmapViewOfFile done
[2026-03-12 19:10:50][PID=36668][TID=41256] CloseHandle done
[2026-03-12 19:10:50][PID=36668][TID=41256] free_shm leave
[2026-03-12 19:10:50][PID=27872][TID=40056] get_shm enter: targetPid=27872 create=0
[2026-03-12 19:10:50][PID=27872][TID=40056] names: local=Local\{385FC524-96E3-4839-9909-1F2135D4F928} | global=Global\{385FC524-96E3-4839-9909-1F2135D4F928}
[2026-03-12 19:10:50][PID=27872][TID=40056] OpenFileMapping(local) => handle=00000308 err=183
[2026-03-12 19:10:50][PID=27872][TID=40056] MapViewOfFile => ptr=01510000 err=183
[2026-03-12 19:10:50][PID=27872][TID=40056] get_shm success: shm_pid=27872
[2026-03-12 19:10:50][PID=27872][TID=40056] free_shm enter: ptr=01510000 handle=00000308 shm_pid=27872
[2026-03-12 19:10:50][PID=27872][TID=40056] UnmapViewOfFile done
[2026-03-12 19:10:50][PID=27872][TID=40056] CloseHandle done
[2026-03-12 19:10:50][PID=27872][TID=40056] free_shm leave
[2026-03-12 19:10:50][PID=36668][TID=41256] free_shm enter: ptr=06770000 handle=00000B80 shm_pid=27872
[2026-03-12 19:10:50][PID=36668][TID=41256] UnmapViewOfFile done
[2026-03-12 19:10:50][PID=36668][TID=41256] CloseHandle done
[2026-03-12 19:10:53][PID=36668][TID=41256] free_shm leave
[2026-03-12 20:02:37][PID=40904][TID=37648] get_shm enter: targetPid=42316 create=1
[2026-03-12 20:02:37][PID=40904][TID=37648] names: local=Local\{385FC524-96E3-4839-9909-1F2135D4F928} | global=Global\{385FC524-96E3-4839-9909-1F2135D4F928}
[2026-03-12 20:02:37][PID=40904][TID=37648] OpenFileMapping(local) => handle=00000000 err=2
[2026-03-12 20:02:37][PID=40904][TID=37648] OpenFileMapping(global) => handle=00000000 err=2
[2026-03-12 20:02:37][PID=40904][TID=37648] CreateFileMapping(local) => handle=00000B7C err=0
[2026-03-12 20:02:37][PID=40904][TID=37648] MapViewOfFile => ptr=04FC0000 err=183
[2026-03-12 20:02:37][PID=40904][TID=37648] get_shm success: shm_pid=42316
[2026-03-12 20:02:37][PID=40904][TID=37648] get_shm enter: targetPid=40904 create=0
[2026-03-12 20:02:37][PID=40904][TID=37648] names: local=Local\{385FC524-96E3-4839-9909-1F2135D4F928} | global=Global\{385FC524-96E3-4839-9909-1F2135D4F928}
[2026-03-12 20:02:37][PID=40904][TID=37648] OpenFileMapping(local) => handle=00000B40 err=183
[2026-03-12 20:02:37][PID=40904][TID=37648] MapViewOfFile => ptr=050A0000 err=183
[2026-03-12 20:02:37][PID=40904][TID=37648] get_shm success: shm_pid=40904
[2026-03-12 20:02:37][PID=40904][TID=37648] free_shm enter: ptr=050A0000 handle=00000B40 shm_pid=40904
[2026-03-12 20:02:37][PID=40904][TID=37648] UnmapViewOfFile done
[2026-03-12 20:02:37][PID=40904][TID=37648] CloseHandle done
[2026-03-12 20:02:37][PID=40904][TID=37648] free_shm leave
[2026-03-12 20:02:37][PID=42316][TID=35468] get_shm enter: targetPid=42316 create=0
[2026-03-12 20:02:37][PID=42316][TID=35468] names: local=Local\{385FC524-96E3-4839-9909-1F2135D4F928} | global=Global\{385FC524-96E3-4839-9909-1F2135D4F928}
[2026-03-12 20:02:37][PID=42316][TID=35468] OpenFileMapping(local) => handle=000000E0 err=183
[2026-03-12 20:02:37][PID=42316][TID=35468] MapViewOfFile => ptr=01510000 err=183
[2026-03-12 20:02:37][PID=42316][TID=35468] get_shm success: shm_pid=42316
[2026-03-12 20:02:37][PID=42316][TID=35468] free_shm enter: ptr=01510000 handle=000000E0 shm_pid=42316
[2026-03-12 20:02:37][PID=42316][TID=35468] UnmapViewOfFile done
[2026-03-12 20:02:37][PID=42316][TID=35468] CloseHandle done
[2026-03-12 20:02:37][PID=42316][TID=35468] free_shm leave
[2026-03-12 20:02:37][PID=40904][TID=37648] free_shm enter: ptr=04FC0000 handle=00000B7C shm_pid=42316
[2026-03-12 20:02:37][PID=40904][TID=37648] UnmapViewOfFile done
[2026-03-12 20:02:37][PID=40904][TID=37648] CloseHandle done
[2026-03-12 20:02:37][PID=40904][TID=37648] free_shm leave
[2026-03-12 20:04:11][PID=19132][TID=43924] get_shm enter: targetPid=11424 create=1
[2026-03-12 20:04:11][PID=19132][TID=43924] names: local=Local\{385FC524-96E3-4839-9909-1F2135D4F928} | global=Global\{385FC524-96E3-4839-9909-1F2135D4F928}
[2026-03-12 20:04:11][PID=19132][TID=43924] OpenFileMapping(local) => handle=00000000 err=2
[2026-03-12 20:04:11][PID=19132][TID=43924] OpenFileMapping(global) => handle=00000000 err=2
[2026-03-12 20:04:11][PID=19132][TID=43924] CreateFileMapping(local) => handle=00000B70 err=0
[2026-03-12 20:04:11][PID=19132][TID=43924] MapViewOfFile => ptr=05AD0000 err=183
[2026-03-12 20:04:11][PID=19132][TID=43924] get_shm success: shm_pid=11424
[2026-03-12 20:04:11][PID=19132][TID=43924] get_shm enter: targetPid=19132 create=0
[2026-03-12 20:04:11][PID=19132][TID=43924] names: local=Local\{385FC524-96E3-4839-9909-1F2135D4F928} | global=Global\{385FC524-96E3-4839-9909-1F2135D4F928}
[2026-03-12 20:04:11][PID=19132][TID=43924] OpenFileMapping(local) => handle=00000B18 err=183
[2026-03-12 20:04:11][PID=19132][TID=43924] MapViewOfFile => ptr=05CA0000 err=183
[2026-03-12 20:04:11][PID=19132][TID=43924] get_shm success: shm_pid=19132
[2026-03-12 20:04:11][PID=19132][TID=43924] free_shm enter: ptr=05CA0000 handle=00000B18 shm_pid=19132
[2026-03-12 20:04:11][PID=19132][TID=43924] UnmapViewOfFile done
[2026-03-12 20:04:11][PID=19132][TID=43924] CloseHandle done
[2026-03-12 20:04:11][PID=19132][TID=43924] free_shm leave
[2026-03-12 20:04:11][PID=11424][TID=37128] get_shm enter: targetPid=11424 create=0
[2026-03-12 20:04:11][PID=11424][TID=37128] names: local=Local\{385FC524-96E3-4839-9909-1F2135D4F928} | global=Global\{385FC524-96E3-4839-9909-1F2135D4F928}
[2026-03-12 20:04:11][PID=11424][TID=37128] OpenFileMapping(local) => handle=00000308 err=183
[2026-03-12 20:04:11][PID=11424][TID=37128] MapViewOfFile => ptr=02D10000 err=183
[2026-03-12 20:04:11][PID=11424][TID=37128] get_shm success: shm_pid=11424
[2026-03-12 20:04:11][PID=11424][TID=37128] free_shm enter: ptr=02D10000 handle=00000308 shm_pid=11424
[2026-03-12 20:04:11][PID=11424][TID=37128] UnmapViewOfFile done
[2026-03-12 20:04:11][PID=11424][TID=37128] CloseHandle done
[2026-03-12 20:04:11][PID=11424][TID=37128] free_shm leave
[2026-03-12 20:04:11][PID=19132][TID=43924] free_shm enter: ptr=05AD0000 handle=00000B70 shm_pid=11424
[2026-03-12 20:04:11][PID=19132][TID=43924] UnmapViewOfFile done
[2026-03-12 20:04:11][PID=19132][TID=43924] CloseHandle done
[2026-03-12 20:04:11][PID=19132][TID=43924] free_shm leave
[2026-03-12 20:08:36][PID=15008][TID=33252] get_shm enter: targetPid=11424 create=1
[2026-03-12 20:08:36][PID=15008][TID=33252] names: local=Local\{385FC524-96E3-4839-9909-1F2135D4F928} | global=Global\{385FC524-96E3-4839-9909-1F2135D4F928}
[2026-03-12 20:08:36][PID=15008][TID=33252] OpenFileMapping(local) => handle=00000000 err=2
[2026-03-12 20:08:36][PID=15008][TID=33252] OpenFileMapping(global) => handle=00000000 err=2
[2026-03-12 20:08:36][PID=15008][TID=33252] CreateFileMapping(local) => handle=00000B6C err=0
[2026-03-12 20:08:36][PID=15008][TID=33252] MapViewOfFile => ptr=05E30000 err=183
[2026-03-12 20:08:36][PID=15008][TID=33252] get_shm success: shm_pid=11424
[2026-03-12 20:08:36][PID=15008][TID=33252] get_shm enter: targetPid=15008 create=0
[2026-03-12 20:08:36][PID=15008][TID=33252] names: local=Local\{385FC524-96E3-4839-9909-1F2135D4F928} | global=Global\{385FC524-96E3-4839-9909-1F2135D4F928}
[2026-03-12 20:08:36][PID=15008][TID=33252] OpenFileMapping(local) => handle=00000B54 err=183
[2026-03-12 20:08:36][PID=15008][TID=33252] MapViewOfFile => ptr=05F90000 err=183
[2026-03-12 20:08:36][PID=15008][TID=33252] get_shm success: shm_pid=15008
[2026-03-12 20:08:36][PID=15008][TID=33252] free_shm enter: ptr=05F90000 handle=00000B54 shm_pid=15008
[2026-03-12 20:08:36][PID=15008][TID=33252] UnmapViewOfFile done
[2026-03-12 20:08:36][PID=15008][TID=33252] CloseHandle done
[2026-03-12 20:08:36][PID=15008][TID=33252] free_shm leave
[2026-03-12 20:08:36][PID=11424][TID=30596] get_shm enter: targetPid=11424 create=0
[2026-03-12 20:08:36][PID=11424][TID=30596] names: local=Local\{385FC524-96E3-4839-9909-1F2135D4F928} | global=Global\{385FC524-96E3-4839-9909-1F2135D4F928}
[2026-03-12 20:08:36][PID=11424][TID=30596] OpenFileMapping(local) => handle=00000314 err=183
[2026-03-12 20:08:36][PID=11424][TID=30596] MapViewOfFile => ptr=015A0000 err=183
[2026-03-12 20:08:36][PID=11424][TID=30596] get_shm success: shm_pid=11424
[2026-03-12 20:08:36][PID=11424][TID=30596] free_shm enter: ptr=015A0000 handle=00000314 shm_pid=11424
[2026-03-12 20:08:36][PID=11424][TID=30596] UnmapViewOfFile done
[2026-03-12 20:08:36][PID=11424][TID=30596] CloseHandle done
[2026-03-12 20:08:36][PID=11424][TID=30596] free_shm leave
[2026-03-12 20:08:36][PID=15008][TID=33252] free_shm enter: ptr=05E30000 handle=00000B6C shm_pid=11424
[2026-03-12 20:08:36][PID=15008][TID=33252] UnmapViewOfFile done
[2026-03-12 20:08:36][PID=15008][TID=33252] CloseHandle done
[2026-03-12 20:08:36][PID=15008][TID=33252] free_shm leave
[2026-03-12 20:11:54][PID=37100][TID=19132] get_shm enter: targetPid=25280 create=1
[2026-03-12 20:11:54][PID=37100][TID=19132] names: local=Local\{385FC524-96E3-4839-9909-1F2135D4F928} | global=Global\{385FC524-96E3-4839-9909-1F2135D4F928}
[2026-03-12 20:11:54][PID=37100][TID=19132] OpenFileMapping(local) => handle=00000000 err=2
[2026-03-12 20:11:54][PID=37100][TID=19132] OpenFileMapping(global) => handle=00000000 err=2
[2026-03-12 20:11:54][PID=37100][TID=19132] CreateFileMapping(local) => handle=00000B38 err=0
[2026-03-12 20:11:54][PID=37100][TID=19132] MapViewOfFile => ptr=063C0000 err=183
[2026-03-12 20:11:54][PID=37100][TID=19132] get_shm success: shm_pid=25280
[2026-03-12 20:11:54][PID=37100][TID=19132] get_shm enter: targetPid=37100 create=0
[2026-03-12 20:11:54][PID=37100][TID=19132] names: local=Local\{385FC524-96E3-4839-9909-1F2135D4F928} | global=Global\{385FC524-96E3-4839-9909-1F2135D4F928}
[2026-03-12 20:11:54][PID=37100][TID=19132] OpenFileMapping(local) => handle=00000B54 err=183
[2026-03-12 20:11:54][PID=37100][TID=19132] MapViewOfFile => ptr=06570000 err=183
[2026-03-12 20:11:54][PID=37100][TID=19132] get_shm success: shm_pid=37100
[2026-03-12 20:11:54][PID=37100][TID=19132] free_shm enter: ptr=06570000 handle=00000B54 shm_pid=37100
[2026-03-12 20:11:54][PID=37100][TID=19132] UnmapViewOfFile done
[2026-03-12 20:11:54][PID=37100][TID=19132] CloseHandle done
[2026-03-12 20:11:54][PID=37100][TID=19132] free_shm leave
[2026-03-12 20:11:54][PID=25280][TID=30464] get_shm enter: targetPid=25280 create=0
[2026-03-12 20:11:54][PID=25280][TID=30464] names: local=Local\{385FC524-96E3-4839-9909-1F2135D4F928} | global=Global\{385FC524-96E3-4839-9909-1F2135D4F928}
[2026-03-12 20:11:54][PID=25280][TID=30464] OpenFileMapping(local) => handle=00000328 err=183
[2026-03-12 20:11:54][PID=25280][TID=30464] MapViewOfFile => ptr=016B0000 err=183
[2026-03-12 20:11:54][PID=25280][TID=30464] get_shm success: shm_pid=25280
[2026-03-12 20:11:54][PID=25280][TID=30464] free_shm enter: ptr=016B0000 handle=00000328 shm_pid=25280
[2026-03-12 20:11:54][PID=25280][TID=30464] UnmapViewOfFile done
[2026-03-12 20:11:54][PID=25280][TID=30464] CloseHandle done
[2026-03-12 20:11:54][PID=25280][TID=30464] free_shm leave
[2026-03-12 20:11:54][PID=37100][TID=19132] free_shm enter: ptr=063C0000 handle=00000B38 shm_pid=25280
[2026-03-12 20:11:54][PID=37100][TID=19132] UnmapViewOfFile done
[2026-03-12 20:11:54][PID=37100][TID=19132] CloseHandle done
[2026-03-12 20:11:54][PID=37100][TID=19132] free_shm leave
[2026-03-12 20:14:28][PID=39836][TID=28432] get_shm enter: targetPid=25124 create=1
[2026-03-12 20:14:28][PID=39836][TID=28432] names: local=Local\{385FC524-96E3-4839-9909-1F2135D4F928} | global=Global\{385FC524-96E3-4839-9909-1F2135D4F928}
[2026-03-12 20:14:28][PID=39836][TID=28432] OpenFileMapping(local) => handle=00000000 err=2
[2026-03-12 20:14:28][PID=39836][TID=28432] OpenFileMapping(global) => handle=00000000 err=2
[2026-03-12 20:14:28][PID=39836][TID=28432] CreateFileMapping(local) => handle=00000B64 err=0
[2026-03-12 20:14:28][PID=39836][TID=28432] MapViewOfFile => ptr=06130000 err=183
[2026-03-12 20:14:28][PID=39836][TID=28432] get_shm success: shm_pid=25124
[2026-03-12 20:14:28][PID=39836][TID=28432] get_shm enter: targetPid=39836 create=0
[2026-03-12 20:14:28][PID=39836][TID=28432] names: local=Local\{385FC524-96E3-4839-9909-1F2135D4F928} | global=Global\{385FC524-96E3-4839-9909-1F2135D4F928}
[2026-03-12 20:14:28][PID=39836][TID=28432] OpenFileMapping(local) => handle=00000B74 err=183
[2026-03-12 20:14:28][PID=39836][TID=28432] MapViewOfFile => ptr=06290000 err=183
[2026-03-12 20:14:28][PID=39836][TID=28432] get_shm success: shm_pid=39836
[2026-03-12 20:14:28][PID=39836][TID=28432] free_shm enter: ptr=06290000 handle=00000B74 shm_pid=39836
[2026-03-12 20:14:28][PID=39836][TID=28432] UnmapViewOfFile done
[2026-03-12 20:14:28][PID=39836][TID=28432] CloseHandle done
[2026-03-12 20:14:28][PID=39836][TID=28432] free_shm leave
[2026-03-12 20:14:28][PID=25124][TID=34244] get_shm enter: targetPid=25124 create=0
[2026-03-12 20:14:28][PID=25124][TID=34244] names: local=Local\{385FC524-96E3-4839-9909-1F2135D4F928} | global=Global\{385FC524-96E3-4839-9909-1F2135D4F928}
[2026-03-12 20:14:28][PID=25124][TID=34244] OpenFileMapping(local) => handle=00000314 err=183
[2026-03-12 20:14:28][PID=25124][TID=34244] MapViewOfFile => ptr=015A0000 err=183
[2026-03-12 20:14:28][PID=25124][TID=34244] get_shm success: shm_pid=25124
[2026-03-12 20:14:28][PID=25124][TID=34244] free_shm enter: ptr=015A0000 handle=00000314 shm_pid=25124
[2026-03-12 20:14:28][PID=25124][TID=34244] UnmapViewOfFile done
[2026-03-12 20:14:28][PID=25124][TID=34244] CloseHandle done
[2026-03-12 20:14:28][PID=25124][TID=34244] free_shm leave
[2026-03-12 20:14:28][PID=39836][TID=28432] free_shm enter: ptr=06130000 handle=00000B64 shm_pid=25124
[2026-03-12 20:14:28][PID=39836][TID=28432] UnmapViewOfFile done
[2026-03-12 20:14:28][PID=39836][TID=28432] CloseHandle done
[2026-03-12 20:14:28][PID=39836][TID=28432] free_shm leave
[2026-03-12 20:56:36][PID=40200][TID=16740] get_shm enter: targetPid=30860 create=1
[2026-03-12 20:56:36][PID=40200][TID=16740] names: local=Local\{385FC524-96E3-4839-9909-1F2135D4F928} | global=Global\{385FC524-96E3-4839-9909-1F2135D4F928}
[2026-03-12 20:56:36][PID=40200][TID=16740] OpenFileMapping(local) => handle=00000000 err=2
[2026-03-12 20:56:36][PID=40200][TID=16740] OpenFileMapping(global) => handle=00000000 err=2
[2026-03-12 20:56:36][PID=40200][TID=16740] CreateFileMapping(local) => handle=00000B50 err=0
[2026-03-12 20:56:36][PID=40200][TID=16740] MapViewOfFile => ptr=054B0000 err=183
[2026-03-12 20:56:36][PID=40200][TID=16740] get_shm success: shm_pid=30860
[2026-03-12 20:56:36][PID=40200][TID=16740] get_shm enter: targetPid=40200 create=0
[2026-03-12 20:56:36][PID=40200][TID=16740] names: local=Local\{385FC524-96E3-4839-9909-1F2135D4F928} | global=Global\{385FC524-96E3-4839-9909-1F2135D4F928}
[2026-03-12 20:56:36][PID=40200][TID=16740] OpenFileMapping(local) => handle=00000B7C err=183
[2026-03-12 20:56:36][PID=40200][TID=16740] MapViewOfFile => ptr=05CA0000 err=183
[2026-03-12 20:56:36][PID=40200][TID=16740] get_shm success: shm_pid=40200
[2026-03-12 20:56:36][PID=40200][TID=16740] free_shm enter: ptr=05CA0000 handle=00000B7C shm_pid=40200
[2026-03-12 20:56:36][PID=40200][TID=16740] UnmapViewOfFile done
[2026-03-12 20:56:36][PID=40200][TID=16740] CloseHandle done
[2026-03-12 20:56:36][PID=40200][TID=16740] free_shm leave
[2026-03-12 20:56:36][PID=30860][TID=21792] get_shm enter: targetPid=30860 create=0
[2026-03-12 20:56:36][PID=30860][TID=21792] names: local=Local\{385FC524-96E3-4839-9909-1F2135D4F928} | global=Global\{385FC524-96E3-4839-9909-1F2135D4F928}
[2026-03-12 20:56:36][PID=30860][TID=21792] OpenFileMapping(local) => handle=000002F0 err=183
[2026-03-12 20:56:36][PID=30860][TID=21792] MapViewOfFile => ptr=01510000 err=183
[2026-03-12 20:56:36][PID=30860][TID=21792] get_shm success: shm_pid=30860
[2026-03-12 20:56:36][PID=30860][TID=21792] free_shm enter: ptr=01510000 handle=000002F0 shm_pid=30860
[2026-03-12 20:56:36][PID=30860][TID=21792] UnmapViewOfFile done
[2026-03-12 20:56:36][PID=30860][TID=21792] CloseHandle done
[2026-03-12 20:56:36][PID=30860][TID=21792] free_shm leave
[2026-03-12 20:56:36][PID=40200][TID=16740] free_shm enter: ptr=054B0000 handle=00000B50 shm_pid=30860
[2026-03-12 20:56:36][PID=40200][TID=16740] UnmapViewOfFile done
[2026-03-12 20:56:36][PID=40200][TID=16740] CloseHandle done
[2026-03-12 20:56:36][PID=40200][TID=16740] free_shm leave
[2026-03-12 21:00:55][PID=39572][TID=22740] get_shm enter: targetPid=7664 create=1
[2026-03-12 21:00:55][PID=39572][TID=22740] names: local=Local\{385FC524-96E3-4839-9909-1F2135D4F928} | global=Global\{385FC524-96E3-4839-9909-1F2135D4F928}
[2026-03-12 21:00:55][PID=39572][TID=22740] OpenFileMapping(local) => handle=00000000 err=2
[2026-03-12 21:00:55][PID=39572][TID=22740] OpenFileMapping(global) => handle=00000000 err=2
[2026-03-12 21:00:55][PID=39572][TID=22740] CreateFileMapping(local) => handle=00000B4C err=0
[2026-03-12 21:00:55][PID=39572][TID=22740] MapViewOfFile => ptr=06240000 err=183
[2026-03-12 21:00:55][PID=39572][TID=22740] get_shm success: shm_pid=7664
[2026-03-12 21:00:55][PID=39572][TID=22740] get_shm enter: targetPid=39572 create=0
[2026-03-12 21:00:55][PID=39572][TID=22740] names: local=Local\{385FC524-96E3-4839-9909-1F2135D4F928} | global=Global\{385FC524-96E3-4839-9909-1F2135D4F928}
[2026-03-12 21:00:55][PID=39572][TID=22740] OpenFileMapping(local) => handle=00000B50 err=183
[2026-03-12 21:00:55][PID=39572][TID=22740] MapViewOfFile => ptr=063A0000 err=183
[2026-03-12 21:00:55][PID=39572][TID=22740] get_shm success: shm_pid=39572
[2026-03-12 21:00:55][PID=39572][TID=22740] free_shm enter: ptr=063A0000 handle=00000B50 shm_pid=39572
[2026-03-12 21:00:55][PID=39572][TID=22740] UnmapViewOfFile done
[2026-03-12 21:00:55][PID=39572][TID=22740] CloseHandle done
[2026-03-12 21:00:55][PID=39572][TID=22740] free_shm leave
[2026-03-12 21:00:55][PID=7664][TID=39972] get_shm enter: targetPid=7664 create=0
[2026-03-12 21:00:55][PID=7664][TID=39972] names: local=Local\{385FC524-96E3-4839-9909-1F2135D4F928} | global=Global\{385FC524-96E3-4839-9909-1F2135D4F928}
[2026-03-12 21:00:55][PID=7664][TID=39972] OpenFileMapping(local) => handle=00000310 err=183
[2026-03-12 21:00:55][PID=7664][TID=39972] MapViewOfFile => ptr=01550000 err=183
[2026-03-12 21:00:55][PID=7664][TID=39972] get_shm success: shm_pid=7664
[2026-03-12 21:00:55][PID=7664][TID=39972] free_shm enter: ptr=01550000 handle=00000310 shm_pid=7664
[2026-03-12 21:00:55][PID=7664][TID=39972] UnmapViewOfFile done
[2026-03-12 21:00:55][PID=7664][TID=39972] CloseHandle done
[2026-03-12 21:00:55][PID=7664][TID=39972] free_shm leave
[2026-03-12 21:00:56][PID=39572][TID=22740] free_shm enter: ptr=06240000 handle=00000B4C shm_pid=7664
[2026-03-12 21:00:56][PID=39572][TID=22740] UnmapViewOfFile done
[2026-03-12 21:00:56][PID=39572][TID=22740] CloseHandle done
[2026-03-12 21:00:56][PID=39572][TID=22740] free_shm leave
[2026-03-12 22:13:19][PID=19740][TID=28124] get_shm enter: targetPid=38012 create=1
[2026-03-12 22:13:19][PID=19740][TID=28124] names: local=Local\{385FC524-96E3-4839-9909-1F2135D4F928} | global=Global\{385FC524-96E3-4839-9909-1F2135D4F928}
[2026-03-12 22:13:19][PID=19740][TID=28124] OpenFileMapping(local) => handle=00000000 err=2
[2026-03-12 22:13:19][PID=19740][TID=28124] OpenFileMapping(global) => handle=00000000 err=2
[2026-03-12 22:13:19][PID=19740][TID=28124] CreateFileMapping(local) => handle=00000B58 err=0
[2026-03-12 22:13:19][PID=19740][TID=28124] MapViewOfFile => ptr=05270000 err=183
[2026-03-12 22:13:19][PID=19740][TID=28124] get_shm success: shm_pid=38012
[2026-03-12 22:13:19][PID=19740][TID=28124] get_shm enter: targetPid=19740 create=0
[2026-03-12 22:13:19][PID=19740][TID=28124] names: local=Local\{385FC524-96E3-4839-9909-1F2135D4F928} | global=Global\{385FC524-96E3-4839-9909-1F2135D4F928}
[2026-03-12 22:13:19][PID=19740][TID=28124] OpenFileMapping(local) => handle=00000B60 err=183
[2026-03-12 22:13:19][PID=19740][TID=28124] MapViewOfFile => ptr=05B30000 err=183
[2026-03-12 22:13:19][PID=19740][TID=28124] get_shm success: shm_pid=19740
[2026-03-12 22:13:19][PID=19740][TID=28124] free_shm enter: ptr=05B30000 handle=00000B60 shm_pid=19740
[2026-03-12 22:13:19][PID=19740][TID=28124] UnmapViewOfFile done
[2026-03-12 22:13:19][PID=19740][TID=28124] CloseHandle done
[2026-03-12 22:13:19][PID=19740][TID=28124] free_shm leave
[2026-03-12 22:13:19][PID=38012][TID=17524] get_shm enter: targetPid=38012 create=0
[2026-03-12 22:13:19][PID=38012][TID=17524] names: local=Local\{385FC524-96E3-4839-9909-1F2135D4F928} | global=Global\{385FC524-96E3-4839-9909-1F2135D4F928}
[2026-03-12 22:13:19][PID=38012][TID=17524] OpenFileMapping(local) => handle=00000324 err=183
[2026-03-12 22:13:19][PID=38012][TID=17524] MapViewOfFile => ptr=01340000 err=183
[2026-03-12 22:13:19][PID=38012][TID=17524] get_shm success: shm_pid=38012
[2026-03-12 22:13:19][PID=38012][TID=17524] free_shm enter: ptr=01340000 handle=00000324 shm_pid=38012
[2026-03-12 22:13:19][PID=38012][TID=17524] UnmapViewOfFile done
[2026-03-12 22:13:19][PID=38012][TID=17524] CloseHandle done
[2026-03-12 22:13:19][PID=38012][TID=17524] free_shm leave
[2026-03-12 22:13:19][PID=19740][TID=28124] free_shm enter: ptr=05270000 handle=00000B58 shm_pid=38012
[2026-03-12 22:13:19][PID=19740][TID=28124] UnmapViewOfFile done
[2026-03-12 22:13:19][PID=19740][TID=28124] CloseHandle done
[2026-03-12 22:13:19][PID=19740][TID=28124] free_shm leave
[2026-03-12 22:14:31][PID=30496][TID=2272] get_shm enter: targetPid=12512 create=1
[2026-03-12 22:14:31][PID=30496][TID=2272] names: local=Local\{385FC524-96E3-4839-9909-1F2135D4F928} | global=Global\{385FC524-96E3-4839-9909-1F2135D4F928}
[2026-03-12 22:14:31][PID=30496][TID=2272] OpenFileMapping(local) => handle=00000000 err=2
[2026-03-12 22:14:31][PID=30496][TID=2272] OpenFileMapping(global) => handle=00000000 err=2
[2026-03-12 22:14:31][PID=30496][TID=2272] CreateFileMapping(local) => handle=00000B50 err=0
[2026-03-12 22:14:31][PID=30496][TID=2272] MapViewOfFile => ptr=06950000 err=183
[2026-03-12 22:14:31][PID=30496][TID=2272] get_shm success: shm_pid=12512
[2026-03-12 22:14:31][PID=30496][TID=2272] get_shm enter: targetPid=30496 create=0
[2026-03-12 22:14:31][PID=30496][TID=2272] names: local=Local\{385FC524-96E3-4839-9909-1F2135D4F928} | global=Global\{385FC524-96E3-4839-9909-1F2135D4F928}
[2026-03-12 22:14:31][PID=30496][TID=2272] OpenFileMapping(local) => handle=00000B80 err=183
[2026-03-12 22:14:31][PID=30496][TID=2272] MapViewOfFile => ptr=06C80000 err=183
[2026-03-12 22:14:31][PID=30496][TID=2272] get_shm success: shm_pid=30496
[2026-03-12 22:14:31][PID=30496][TID=2272] free_shm enter: ptr=06C80000 handle=00000B80 shm_pid=30496
[2026-03-12 22:14:31][PID=30496][TID=2272] UnmapViewOfFile done
[2026-03-12 22:14:31][PID=30496][TID=2272] CloseHandle done
[2026-03-12 22:14:31][PID=30496][TID=2272] free_shm leave
[2026-03-12 22:14:31][PID=12512][TID=36344] get_shm enter: targetPid=12512 create=0
[2026-03-12 22:14:31][PID=12512][TID=36344] names: local=Local\{385FC524-96E3-4839-9909-1F2135D4F928} | global=Global\{385FC524-96E3-4839-9909-1F2135D4F928}
[2026-03-12 22:14:31][PID=12512][TID=36344] OpenFileMapping(local) => handle=0000030C err=183
[2026-03-12 22:14:32][PID=12512][TID=36344] MapViewOfFile => ptr=015D0000 err=183
[2026-03-12 22:14:32][PID=12512][TID=36344] get_shm success: shm_pid=12512
[2026-03-12 22:14:32][PID=12512][TID=36344] free_shm enter: ptr=015D0000 handle=0000030C shm_pid=12512
[2026-03-12 22:14:32][PID=12512][TID=36344] UnmapViewOfFile done
[2026-03-12 22:14:32][PID=12512][TID=36344] CloseHandle done
[2026-03-12 22:14:32][PID=12512][TID=36344] free_shm leave
[2026-03-12 22:14:32][PID=30496][TID=2272] free_shm enter: ptr=06950000 handle=00000B50 shm_pid=12512
[2026-03-12 22:14:32][PID=30496][TID=2272] UnmapViewOfFile done
[2026-03-12 22:14:32][PID=30496][TID=2272] CloseHandle done
[2026-03-12 22:14:32][PID=30496][TID=2272] free_shm leave
[2026-03-12 22:22:21][PID=7336][TID=41208] get_shm enter: targetPid=36824 create=1
[2026-03-12 22:22:21][PID=7336][TID=41208] names: local=Local\{385FC524-96E3-4839-9909-1F2135D4F928} | global=Global\{385FC524-96E3-4839-9909-1F2135D4F928}
[2026-03-12 22:22:21][PID=7336][TID=41208] OpenFileMapping(local) => handle=00000000 err=2
[2026-03-12 22:22:21][PID=7336][TID=41208] OpenFileMapping(global) => handle=00000000 err=2
[2026-03-12 22:22:21][PID=7336][TID=41208] CreateFileMapping(local) => handle=00000B6C err=0
[2026-03-12 22:22:21][PID=7336][TID=41208] MapViewOfFile => ptr=081D0000 err=183
[2026-03-12 22:22:21][PID=7336][TID=41208] get_shm success: shm_pid=36824
[2026-03-12 22:22:21][PID=7336][TID=41208] get_shm enter: targetPid=7336 create=0
[2026-03-12 22:22:21][PID=7336][TID=41208] names: local=Local\{385FC524-96E3-4839-9909-1F2135D4F928} | global=Global\{385FC524-96E3-4839-9909-1F2135D4F928}
[2026-03-12 22:22:21][PID=7336][TID=41208] OpenFileMapping(local) => handle=00000B60 err=183
[2026-03-12 22:22:21][PID=7336][TID=41208] MapViewOfFile => ptr=084D0000 err=183
[2026-03-12 22:22:21][PID=7336][TID=41208] get_shm success: shm_pid=7336
[2026-03-12 22:22:21][PID=7336][TID=41208] free_shm enter: ptr=084D0000 handle=00000B60 shm_pid=7336
[2026-03-12 22:22:21][PID=7336][TID=41208] UnmapViewOfFile done
[2026-03-12 22:22:21][PID=7336][TID=41208] CloseHandle done
[2026-03-12 22:22:21][PID=7336][TID=41208] free_shm leave
[2026-03-12 22:22:21][PID=36824][TID=31124] get_shm enter: targetPid=36824 create=0
[2026-03-12 22:22:21][PID=36824][TID=31124] names: local=Local\{385FC524-96E3-4839-9909-1F2135D4F928} | global=Global\{385FC524-96E3-4839-9909-1F2135D4F928}
[2026-03-12 22:22:21][PID=36824][TID=31124] OpenFileMapping(local) => handle=00000318 err=183
[2026-03-12 22:22:21][PID=36824][TID=31124] MapViewOfFile => ptr=01550000 err=183
[2026-03-12 22:22:21][PID=36824][TID=31124] get_shm success: shm_pid=36824
[2026-03-12 22:22:21][PID=36824][TID=31124] free_shm enter: ptr=01550000 handle=00000318 shm_pid=36824
[2026-03-12 22:22:21][PID=36824][TID=31124] UnmapViewOfFile done
[2026-03-12 22:22:21][PID=36824][TID=31124] CloseHandle done
[2026-03-12 22:22:21][PID=36824][TID=31124] free_shm leave
[2026-03-12 22:22:21][PID=7336][TID=41208] free_shm enter: ptr=081D0000 handle=00000B6C shm_pid=36824
[2026-03-12 22:22:21][PID=7336][TID=41208] UnmapViewOfFile done
[2026-03-12 22:22:21][PID=7336][TID=41208] CloseHandle done
[2026-03-12 22:22:21][PID=7336][TID=41208] free_shm leave
[2026-03-12 22:30:36][PID=13756][TID=5432] get_shm enter: targetPid=43028 create=1
[2026-03-12 22:30:36][PID=13756][TID=5432] names: local=Local\{385FC524-96E3-4839-9909-1F2135D4F928} | global=Global\{385FC524-96E3-4839-9909-1F2135D4F928}
[2026-03-12 22:30:36][PID=13756][TID=5432] OpenFileMapping(local) => handle=00000000 err=2
[2026-03-12 22:30:36][PID=13756][TID=5432] OpenFileMapping(global) => handle=00000000 err=2
[2026-03-12 22:30:36][PID=13756][TID=5432] CreateFileMapping(local) => handle=00000B60 err=0
[2026-03-12 22:30:36][PID=13756][TID=5432] MapViewOfFile => ptr=05D40000 err=183
[2026-03-12 22:30:36][PID=13756][TID=5432] get_shm success: shm_pid=43028
[2026-03-12 22:30:36][PID=13756][TID=5432] get_shm enter: targetPid=13756 create=0
[2026-03-12 22:30:36][PID=13756][TID=5432] names: local=Local\{385FC524-96E3-4839-9909-1F2135D4F928} | global=Global\{385FC524-96E3-4839-9909-1F2135D4F928}
[2026-03-12 22:30:36][PID=13756][TID=5432] OpenFileMapping(local) => handle=00000B6C err=183
[2026-03-12 22:30:36][PID=13756][TID=5432] MapViewOfFile => ptr=05EA0000 err=183
[2026-03-12 22:30:36][PID=13756][TID=5432] get_shm success: shm_pid=13756
[2026-03-12 22:30:36][PID=13756][TID=5432] free_shm enter: ptr=05EA0000 handle=00000B6C shm_pid=13756
[2026-03-12 22:30:36][PID=13756][TID=5432] UnmapViewOfFile done
[2026-03-12 22:30:36][PID=13756][TID=5432] CloseHandle done
[2026-03-12 22:30:36][PID=13756][TID=5432] free_shm leave
[2026-03-12 22:30:36][PID=43028][TID=7448] get_shm enter: targetPid=43028 create=0
[2026-03-12 22:30:36][PID=43028][TID=7448] names: local=Local\{385FC524-96E3-4839-9909-1F2135D4F928} | global=Global\{385FC524-96E3-4839-9909-1F2135D4F928}
[2026-03-12 22:30:36][PID=43028][TID=7448] OpenFileMapping(local) => handle=000002E8 err=183
[2026-03-12 22:30:36][PID=43028][TID=7448] MapViewOfFile => ptr=030A0000 err=183
[2026-03-12 22:30:36][PID=43028][TID=7448] get_shm success: shm_pid=43028
[2026-03-12 22:30:36][PID=43028][TID=7448] free_shm enter: ptr=030A0000 handle=000002E8 shm_pid=43028
[2026-03-12 22:30:36][PID=43028][TID=7448] UnmapViewOfFile done
[2026-03-12 22:30:36][PID=43028][TID=7448] CloseHandle done
[2026-03-12 22:30:36][PID=43028][TID=7448] free_shm leave
[2026-03-12 22:30:36][PID=13756][TID=5432] free_shm enter: ptr=05D40000 handle=00000B60 shm_pid=43028
[2026-03-12 22:30:36][PID=13756][TID=5432] UnmapViewOfFile done
[2026-03-12 22:30:36][PID=13756][TID=5432] CloseHandle done
[2026-03-12 22:30:36][PID=13756][TID=5432] free_shm leave
[2026-03-12 22:41:42][PID=40216][TID=8384] get_shm enter: targetPid=32784 create=1
[2026-03-12 22:41:42][PID=40216][TID=8384] names: local=Local\{385FC524-96E3-4839-9909-1F2135D4F928} | global=Global\{385FC524-96E3-4839-9909-1F2135D4F928}
[2026-03-12 22:41:42][PID=40216][TID=8384] OpenFileMapping(local) => handle=00000000 err=2
[2026-03-12 22:41:42][PID=40216][TID=8384] OpenFileMapping(global) => handle=00000000 err=2
[2026-03-12 22:41:42][PID=40216][TID=8384] CreateFileMapping(local) => handle=000009F4 err=0
[2026-03-12 22:41:42][PID=40216][TID=8384] MapViewOfFile => ptr=05C20000 err=183
[2026-03-12 22:41:42][PID=40216][TID=8384] get_shm success: shm_pid=32784
[2026-03-12 22:41:42][PID=40216][TID=8384] get_shm enter: targetPid=40216 create=0
[2026-03-12 22:41:42][PID=40216][TID=8384] names: local=Local\{385FC524-96E3-4839-9909-1F2135D4F928} | global=Global\{385FC524-96E3-4839-9909-1F2135D4F928}
[2026-03-12 22:41:42][PID=40216][TID=8384] OpenFileMapping(local) => handle=00000B50 err=183
[2026-03-12 22:41:42][PID=40216][TID=8384] MapViewOfFile => ptr=05D80000 err=183
[2026-03-12 22:41:42][PID=40216][TID=8384] get_shm success: shm_pid=40216
[2026-03-12 22:41:42][PID=40216][TID=8384] free_shm enter: ptr=05D80000 handle=00000B50 shm_pid=40216
[2026-03-12 22:41:42][PID=40216][TID=8384] UnmapViewOfFile done
[2026-03-12 22:41:42][PID=40216][TID=8384] CloseHandle done
[2026-03-12 22:41:42][PID=40216][TID=8384] free_shm leave
[2026-03-12 22:41:42][PID=32784][TID=43168] get_shm enter: targetPid=32784 create=0
[2026-03-12 22:41:42][PID=32784][TID=43168] names: local=Local\{385FC524-96E3-4839-9909-1F2135D4F928} | global=Global\{385FC524-96E3-4839-9909-1F2135D4F928}
[2026-03-12 22:41:42][PID=32784][TID=43168] OpenFileMapping(local) => handle=00000314 err=183
[2026-03-12 22:41:42][PID=32784][TID=43168] MapViewOfFile => ptr=01550000 err=183
[2026-03-12 22:41:42][PID=32784][TID=43168] get_shm success: shm_pid=32784
[2026-03-12 22:41:42][PID=32784][TID=43168] free_shm enter: ptr=01550000 handle=00000314 shm_pid=32784
[2026-03-12 22:41:42][PID=32784][TID=43168] UnmapViewOfFile done
[2026-03-12 22:41:42][PID=32784][TID=43168] CloseHandle done
[2026-03-12 22:41:42][PID=32784][TID=43168] free_shm leave
[2026-03-12 22:41:42][PID=40216][TID=8384] free_shm enter: ptr=05C20000 handle=000009F4 shm_pid=32784
[2026-03-12 22:41:42][PID=40216][TID=8384] UnmapViewOfFile done
[2026-03-12 22:41:42][PID=40216][TID=8384] CloseHandle done
[2026-03-12 22:41:42][PID=40216][TID=8384] free_shm leave
[2026-03-12 22:59:31][PID=40340][TID=38572] get_shm enter: targetPid=33504 create=1
[2026-03-12 22:59:31][PID=40340][TID=38572] names: local=Local\{385FC524-96E3-4839-9909-1F2135D4F928} | global=Global\{385FC524-96E3-4839-9909-1F2135D4F928}
[2026-03-12 22:59:31][PID=40340][TID=38572] OpenFileMapping(local) => handle=00000000 err=2
[2026-03-12 22:59:31][PID=40340][TID=38572] OpenFileMapping(global) => handle=00000000 err=2
[2026-03-12 22:59:31][PID=40340][TID=38572] CreateFileMapping(local) => handle=00000B84 err=0
[2026-03-12 22:59:31][PID=40340][TID=38572] MapViewOfFile => ptr=115F0000 err=183
[2026-03-12 22:59:31][PID=40340][TID=38572] get_shm success: shm_pid=33504
[2026-03-12 22:59:31][PID=40340][TID=38572] get_shm enter: targetPid=40340 create=0
[2026-03-12 22:59:31][PID=40340][TID=38572] names: local=Local\{385FC524-96E3-4839-9909-1F2135D4F928} | global=Global\{385FC524-96E3-4839-9909-1F2135D4F928}
[2026-03-12 22:59:31][PID=40340][TID=38572] OpenFileMapping(local) => handle=00000B94 err=183
[2026-03-12 22:59:31][PID=40340][TID=38572] MapViewOfFile => ptr=118F0000 err=183
[2026-03-12 22:59:31][PID=40340][TID=38572] get_shm success: shm_pid=40340
[2026-03-12 22:59:31][PID=40340][TID=38572] free_shm enter: ptr=118F0000 handle=00000B94 shm_pid=40340
[2026-03-12 22:59:31][PID=40340][TID=38572] UnmapViewOfFile done
[2026-03-12 22:59:31][PID=40340][TID=38572] CloseHandle done
[2026-03-12 22:59:31][PID=40340][TID=38572] free_shm leave
[2026-03-12 22:59:31][PID=33504][TID=40872] get_shm enter: targetPid=33504 create=0
[2026-03-12 22:59:31][PID=33504][TID=40872] names: local=Local\{385FC524-96E3-4839-9909-1F2135D4F928} | global=Global\{385FC524-96E3-4839-9909-1F2135D4F928}
[2026-03-12 22:59:31][PID=33504][TID=40872] OpenFileMapping(local) => handle=000002EC err=183
[2026-03-12 22:59:31][PID=33504][TID=40872] MapViewOfFile => ptr=01590000 err=183
[2026-03-12 22:59:31][PID=33504][TID=40872] get_shm success: shm_pid=33504
[2026-03-12 22:59:31][PID=33504][TID=40872] free_shm enter: ptr=01590000 handle=000002EC shm_pid=33504
[2026-03-12 22:59:31][PID=33504][TID=40872] UnmapViewOfFile done
[2026-03-12 22:59:31][PID=33504][TID=40872] CloseHandle done
[2026-03-12 22:59:31][PID=33504][TID=40872] free_shm leave
[2026-03-12 22:59:31][PID=40340][TID=38572] free_shm enter: ptr=115F0000 handle=00000B84 shm_pid=33504
[2026-03-12 22:59:31][PID=40340][TID=38572] UnmapViewOfFile done
[2026-03-12 22:59:31][PID=40340][TID=38572] CloseHandle done
[2026-03-12 22:59:31][PID=40340][TID=38572] free_shm leave
[2026-03-13 00:20:03][PID=17500][TID=30708] get_shm enter: targetPid=27156 create=1
[2026-03-13 00:20:03][PID=17500][TID=30708] names: local=Local\{385FC524-96E3-4839-9909-1F2135D4F928} | global=Global\{385FC524-96E3-4839-9909-1F2135D4F928}
[2026-03-13 00:20:03][PID=17500][TID=30708] OpenFileMapping(local) => handle=00000000 err=2
[2026-03-13 00:20:03][PID=17500][TID=30708] OpenFileMapping(global) => handle=00000000 err=2
[2026-03-13 00:20:03][PID=17500][TID=30708] CreateFileMapping(local) => handle=00000B80 err=0
[2026-03-13 00:20:03][PID=17500][TID=30708] MapViewOfFile => ptr=06320000 err=183
[2026-03-13 00:20:03][PID=17500][TID=30708] get_shm success: shm_pid=27156
[2026-03-13 00:20:03][PID=17500][TID=30708] get_shm enter: targetPid=17500 create=0
[2026-03-13 00:20:03][PID=17500][TID=30708] names: local=Local\{385FC524-96E3-4839-9909-1F2135D4F928} | global=Global\{385FC524-96E3-4839-9909-1F2135D4F928}
[2026-03-13 00:20:03][PID=17500][TID=30708] OpenFileMapping(local) => handle=0000085C err=183
[2026-03-13 00:20:03][PID=17500][TID=30708] MapViewOfFile => ptr=06480000 err=183
[2026-03-13 00:20:03][PID=17500][TID=30708] get_shm success: shm_pid=17500
[2026-03-13 00:20:03][PID=17500][TID=30708] free_shm enter: ptr=06480000 handle=0000085C shm_pid=17500
[2026-03-13 00:20:03][PID=17500][TID=30708] UnmapViewOfFile done
[2026-03-13 00:20:03][PID=17500][TID=30708] CloseHandle done
[2026-03-13 00:20:03][PID=17500][TID=30708] free_shm leave
[2026-03-13 00:20:03][PID=27156][TID=34696] get_shm enter: targetPid=27156 create=0
[2026-03-13 00:20:03][PID=27156][TID=34696] names: local=Local\{385FC524-96E3-4839-9909-1F2135D4F928} | global=Global\{385FC524-96E3-4839-9909-1F2135D4F928}
[2026-03-13 00:20:03][PID=27156][TID=34696] OpenFileMapping(local) => handle=000002E4 err=183
[2026-03-13 00:20:03][PID=27156][TID=34696] MapViewOfFile => ptr=02D50000 err=183
[2026-03-13 00:20:03][PID=27156][TID=34696] get_shm success: shm_pid=27156
[2026-03-13 00:20:03][PID=27156][TID=34696] free_shm enter: ptr=02D50000 handle=000002E4 shm_pid=27156
[2026-03-13 00:20:03][PID=27156][TID=34696] UnmapViewOfFile done
[2026-03-13 00:20:03][PID=27156][TID=34696] CloseHandle done
[2026-03-13 00:20:03][PID=27156][TID=34696] free_shm leave
[2026-03-13 00:20:03][PID=17500][TID=30708] free_shm enter: ptr=06320000 handle=00000B80 shm_pid=27156
[2026-03-13 00:20:03][PID=17500][TID=30708] UnmapViewOfFile done
[2026-03-13 00:20:03][PID=17500][TID=30708] CloseHandle done
[2026-03-13 00:20:03][PID=17500][TID=30708] free_shm leave
[2026-03-13 00:52:45][PID=31976][TID=18264] get_shm enter: targetPid=39768 create=1
[2026-03-13 00:52:45][PID=31976][TID=18264] names: local=Local\{385FC524-96E3-4839-9909-1F2135D4F928} | global=Global\{385FC524-96E3-4839-9909-1F2135D4F928}
[2026-03-13 00:52:45][PID=31976][TID=18264] OpenFileMapping(local) => handle=00000000 err=2
[2026-03-13 00:52:45][PID=31976][TID=18264] OpenFileMapping(global) => handle=00000000 err=2
[2026-03-13 00:52:45][PID=31976][TID=18264] CreateFileMapping(local) => handle=00000B70 err=0
[2026-03-13 00:52:45][PID=31976][TID=18264] MapViewOfFile => ptr=05C90000 err=183
[2026-03-13 00:52:45][PID=31976][TID=18264] get_shm success: shm_pid=39768
[2026-03-13 00:52:45][PID=31976][TID=18264] get_shm enter: targetPid=31976 create=0
[2026-03-13 00:52:45][PID=31976][TID=18264] names: local=Local\{385FC524-96E3-4839-9909-1F2135D4F928} | global=Global\{385FC524-96E3-4839-9909-1F2135D4F928}
[2026-03-13 00:52:45][PID=31976][TID=18264] OpenFileMapping(local) => handle=00000B7C err=183
[2026-03-13 00:52:45][PID=31976][TID=18264] MapViewOfFile => ptr=05D90000 err=183
[2026-03-13 00:52:45][PID=31976][TID=18264] get_shm success: shm_pid=31976
[2026-03-13 00:52:45][PID=31976][TID=18264] free_shm enter: ptr=05D90000 handle=00000B7C shm_pid=31976
[2026-03-13 00:52:45][PID=31976][TID=18264] UnmapViewOfFile done
[2026-03-13 00:52:45][PID=31976][TID=18264] CloseHandle done
[2026-03-13 00:52:45][PID=31976][TID=18264] free_shm leave
[2026-03-13 00:52:45][PID=39768][TID=36692] get_shm enter: targetPid=39768 create=0
[2026-03-13 00:52:45][PID=39768][TID=36692] names: local=Local\{385FC524-96E3-4839-9909-1F2135D4F928} | global=Global\{385FC524-96E3-4839-9909-1F2135D4F928}
[2026-03-13 00:52:45][PID=39768][TID=36692] OpenFileMapping(local) => handle=00000310 err=183
[2026-03-13 00:52:45][PID=39768][TID=36692] MapViewOfFile => ptr=015E0000 err=183
[2026-03-13 00:52:45][PID=39768][TID=36692] get_shm success: shm_pid=39768
[2026-03-13 00:52:45][PID=39768][TID=36692] free_shm enter: ptr=015E0000 handle=00000310 shm_pid=39768
[2026-03-13 00:52:45][PID=39768][TID=36692] UnmapViewOfFile done
[2026-03-13 00:52:45][PID=39768][TID=36692] CloseHandle done
[2026-03-13 00:52:45][PID=39768][TID=36692] free_shm leave
[2026-03-13 00:52:45][PID=31976][TID=18264] free_shm enter: ptr=05C90000 handle=00000B70 shm_pid=39768
[2026-03-13 00:52:45][PID=31976][TID=18264] UnmapViewOfFile done
[2026-03-13 00:52:46][PID=31976][TID=18264] CloseHandle done
[2026-03-13 00:52:46][PID=31976][TID=18264] free_shm leave
[2026-03-13 01:07:52][PID=34468][TID=40312] get_shm enter: targetPid=26232 create=1
[2026-03-13 01:07:52][PID=34468][TID=40312] names: local=Local\{385FC524-96E3-4839-9909-1F2135D4F928} | global=Global\{385FC524-96E3-4839-9909-1F2135D4F928}
[2026-03-13 01:07:52][PID=34468][TID=40312] OpenFileMapping(local) => handle=00000000 err=2
[2026-03-13 01:07:52][PID=34468][TID=40312] OpenFileMapping(global) => handle=00000000 err=2
[2026-03-13 01:07:52][PID=34468][TID=40312] CreateFileMapping(local) => handle=00000B60 err=0
[2026-03-13 01:07:52][PID=34468][TID=40312] MapViewOfFile => ptr=0F830000 err=183
[2026-03-13 01:07:52][PID=34468][TID=40312] get_shm success: shm_pid=26232
[2026-03-13 01:07:52][PID=34468][TID=40312] get_shm enter: targetPid=34468 create=0
[2026-03-13 01:07:52][PID=34468][TID=40312] names: local=Local\{385FC524-96E3-4839-9909-1F2135D4F928} | global=Global\{385FC524-96E3-4839-9909-1F2135D4F928}
[2026-03-13 01:07:52][PID=34468][TID=40312] OpenFileMapping(local) => handle=00000B18 err=183
[2026-03-13 01:07:52][PID=34468][TID=40312] MapViewOfFile => ptr=0FCA0000 err=183
[2026-03-13 01:07:52][PID=34468][TID=40312] get_shm success: shm_pid=34468
[2026-03-13 01:07:52][PID=34468][TID=40312] free_shm enter: ptr=0FCA0000 handle=00000B18 shm_pid=34468
[2026-03-13 01:07:52][PID=34468][TID=40312] UnmapViewOfFile done
[2026-03-13 01:07:52][PID=34468][TID=40312] CloseHandle done
[2026-03-13 01:07:52][PID=34468][TID=40312] free_shm leave
[2026-03-13 01:07:52][PID=26232][TID=42760] get_shm enter: targetPid=26232 create=0
[2026-03-13 01:07:52][PID=26232][TID=42760] names: local=Local\{385FC524-96E3-4839-9909-1F2135D4F928} | global=Global\{385FC524-96E3-4839-9909-1F2135D4F928}
[2026-03-13 01:07:52][PID=26232][TID=42760] OpenFileMapping(local) => handle=00000324 err=183
[2026-03-13 01:07:52][PID=26232][TID=42760] MapViewOfFile => ptr=01590000 err=183
[2026-03-13 01:07:52][PID=26232][TID=42760] get_shm success: shm_pid=26232
[2026-03-13 01:07:52][PID=26232][TID=42760] free_shm enter: ptr=01590000 handle=00000324 shm_pid=26232
[2026-03-13 01:07:52][PID=26232][TID=42760] UnmapViewOfFile done
[2026-03-13 01:07:52][PID=26232][TID=42760] CloseHandle done
[2026-03-13 01:07:52][PID=26232][TID=42760] free_shm leave
[2026-03-13 01:07:52][PID=34468][TID=40312] free_shm enter: ptr=0F830000 handle=00000B60 shm_pid=26232
[2026-03-13 01:07:52][PID=34468][TID=40312] UnmapViewOfFile done
[2026-03-13 01:07:52][PID=34468][TID=40312] CloseHandle done
[2026-03-13 01:07:52][PID=34468][TID=40312] free_shm leave
[2026-03-13 01:17:27][PID=27708][TID=24268] get_shm enter: targetPid=42692 create=1
[2026-03-13 01:17:27][PID=27708][TID=24268] names: local=Local\{385FC524-96E3-4839-9909-1F2135D4F928} | global=Global\{385FC524-96E3-4839-9909-1F2135D4F928}
[2026-03-13 01:17:27][PID=27708][TID=24268] OpenFileMapping(local) => handle=00000000 err=2
[2026-03-13 01:17:27][PID=27708][TID=24268] OpenFileMapping(global) => handle=00000000 err=2
[2026-03-13 01:17:27][PID=27708][TID=24268] CreateFileMapping(local) => handle=00000B50 err=0
[2026-03-13 01:17:27][PID=27708][TID=24268] MapViewOfFile => ptr=11450000 err=183
[2026-03-13 01:17:27][PID=27708][TID=24268] get_shm success: shm_pid=42692
[2026-03-13 01:17:27][PID=27708][TID=24268] get_shm enter: targetPid=27708 create=0
[2026-03-13 01:17:27][PID=27708][TID=24268] names: local=Local\{385FC524-96E3-4839-9909-1F2135D4F928} | global=Global\{385FC524-96E3-4839-9909-1F2135D4F928}
[2026-03-13 01:17:27][PID=27708][TID=24268] OpenFileMapping(local) => handle=00000B6C err=183
[2026-03-13 01:17:27][PID=27708][TID=24268] MapViewOfFile => ptr=116F0000 err=183
[2026-03-13 01:17:27][PID=27708][TID=24268] get_shm success: shm_pid=27708
[2026-03-13 01:17:27][PID=27708][TID=24268] free_shm enter: ptr=116F0000 handle=00000B6C shm_pid=27708
[2026-03-13 01:17:27][PID=27708][TID=24268] UnmapViewOfFile done
[2026-03-13 01:17:27][PID=27708][TID=24268] CloseHandle done
[2026-03-13 01:17:27][PID=27708][TID=24268] free_shm leave
[2026-03-13 01:17:27][PID=42692][TID=40760] get_shm enter: targetPid=42692 create=0
[2026-03-13 01:17:27][PID=42692][TID=40760] names: local=Local\{385FC524-96E3-4839-9909-1F2135D4F928} | global=Global\{385FC524-96E3-4839-9909-1F2135D4F928}
[2026-03-13 01:17:27][PID=42692][TID=40760] OpenFileMapping(local) => handle=0000030C err=183
[2026-03-13 01:17:27][PID=42692][TID=40760] MapViewOfFile => ptr=01550000 err=183
[2026-03-13 01:17:27][PID=42692][TID=40760] get_shm success: shm_pid=42692
[2026-03-13 01:17:27][PID=42692][TID=40760] free_shm enter: ptr=01550000 handle=0000030C shm_pid=42692
[2026-03-13 01:17:27][PID=42692][TID=40760] UnmapViewOfFile done
[2026-03-13 01:17:27][PID=42692][TID=40760] CloseHandle done
[2026-03-13 01:17:27][PID=42692][TID=40760] free_shm leave
[2026-03-13 01:17:27][PID=27708][TID=24268] free_shm enter: ptr=11450000 handle=00000B50 shm_pid=42692
[2026-03-13 01:17:27][PID=27708][TID=24268] UnmapViewOfFile done
[2026-03-13 01:17:27][PID=27708][TID=24268] CloseHandle done
[2026-03-13 01:17:27][PID=27708][TID=24268] free_shm leave
[2026-03-13 13:43:03][PID=21036][TID=10876] get_shm enter: targetPid=33376 create=1
[2026-03-13 13:43:03][PID=21036][TID=10876] names: local=Local\{385FC524-96E3-4839-9909-1F2135D4F928} | global=Global\{385FC524-96E3-4839-9909-1F2135D4F928}
[2026-03-13 13:43:03][PID=21036][TID=10876] OpenFileMapping(local) => handle=00000000 err=2
[2026-03-13 13:43:03][PID=21036][TID=10876] OpenFileMapping(global) => handle=00000000 err=2
[2026-03-13 13:43:03][PID=21036][TID=10876] CreateFileMapping(local) => handle=00000B68 err=0
[2026-03-13 13:43:03][PID=21036][TID=10876] MapViewOfFile => ptr=12090000 err=183
[2026-03-13 13:43:03][PID=21036][TID=10876] get_shm success: shm_pid=33376
[2026-03-13 13:43:03][PID=21036][TID=10876] get_shm enter: targetPid=21036 create=0
[2026-03-13 13:43:03][PID=21036][TID=10876] names: local=Local\{385FC524-96E3-4839-9909-1F2135D4F928} | global=Global\{385FC524-96E3-4839-9909-1F2135D4F928}
[2026-03-13 13:43:03][PID=21036][TID=10876] OpenFileMapping(local) => handle=00000B70 err=183
[2026-03-13 13:43:03][PID=21036][TID=10876] MapViewOfFile => ptr=123D0000 err=183
[2026-03-13 13:43:03][PID=21036][TID=10876] get_shm success: shm_pid=21036
[2026-03-13 13:43:03][PID=21036][TID=10876] free_shm enter: ptr=123D0000 handle=00000B70 shm_pid=21036
[2026-03-13 13:43:03][PID=21036][TID=10876] UnmapViewOfFile done
[2026-03-13 13:43:03][PID=21036][TID=10876] CloseHandle done
[2026-03-13 13:43:03][PID=21036][TID=10876] free_shm leave
[2026-03-13 13:43:03][PID=33376][TID=37248] get_shm enter: targetPid=33376 create=0
[2026-03-13 13:43:03][PID=33376][TID=37248] names: local=Local\{385FC524-96E3-4839-9909-1F2135D4F928} | global=Global\{385FC524-96E3-4839-9909-1F2135D4F928}
[2026-03-13 13:43:03][PID=33376][TID=37248] OpenFileMapping(local) => handle=000000EC err=183
[2026-03-13 13:43:03][PID=33376][TID=37248] MapViewOfFile => ptr=015D0000 err=183
[2026-03-13 13:43:03][PID=33376][TID=37248] get_shm success: shm_pid=33376
[2026-03-13 13:43:03][PID=33376][TID=37248] free_shm enter: ptr=015D0000 handle=000000EC shm_pid=33376
[2026-03-13 13:43:03][PID=33376][TID=37248] UnmapViewOfFile done
[2026-03-13 13:43:03][PID=33376][TID=37248] CloseHandle done
[2026-03-13 13:43:03][PID=33376][TID=37248] free_shm leave
[2026-03-13 13:43:03][PID=21036][TID=10876] free_shm enter: ptr=12090000 handle=00000B68 shm_pid=33376
[2026-03-13 13:43:03][PID=21036][TID=10876] UnmapViewOfFile done
[2026-03-13 13:43:03][PID=21036][TID=10876] CloseHandle done
[2026-03-13 13:43:03][PID=21036][TID=10876] free_shm leave
[2026-03-13 13:44:25][PID=5896][TID=41824] get_shm enter: targetPid=10296 create=1
[2026-03-13 13:44:25][PID=5896][TID=41824] names: local=Local\{385FC524-96E3-4839-9909-1F2135D4F928} | global=Global\{385FC524-96E3-4839-9909-1F2135D4F928}
[2026-03-13 13:44:25][PID=5896][TID=41824] OpenFileMapping(local) => handle=00000000 err=2
[2026-03-13 13:44:25][PID=5896][TID=41824] OpenFileMapping(global) => handle=00000000 err=2
[2026-03-13 13:44:25][PID=5896][TID=41824] CreateFileMapping(local) => handle=000008C0 err=0
[2026-03-13 13:44:25][PID=5896][TID=41824] MapViewOfFile => ptr=066D0000 err=183
[2026-03-13 13:44:25][PID=5896][TID=41824] get_shm success: shm_pid=10296
[2026-03-13 13:44:25][PID=5896][TID=41824] get_shm enter: targetPid=5896 create=0
[2026-03-13 13:44:25][PID=5896][TID=41824] names: local=Local\{385FC524-96E3-4839-9909-1F2135D4F928} | global=Global\{385FC524-96E3-4839-9909-1F2135D4F928}
[2026-03-13 13:44:25][PID=5896][TID=41824] OpenFileMapping(local) => handle=00000B24 err=183
[2026-03-13 13:44:26][PID=5896][TID=41824] MapViewOfFile => ptr=068A0000 err=183
[2026-03-13 13:44:26][PID=5896][TID=41824] get_shm success: shm_pid=5896
[2026-03-13 13:44:26][PID=5896][TID=41824] free_shm enter: ptr=068A0000 handle=00000B24 shm_pid=5896
[2026-03-13 13:44:26][PID=5896][TID=41824] UnmapViewOfFile done
[2026-03-13 13:44:26][PID=5896][TID=41824] CloseHandle done
[2026-03-13 13:44:26][PID=5896][TID=41824] free_shm leave
[2026-03-13 13:44:26][PID=10296][TID=22296] get_shm enter: targetPid=10296 create=0
[2026-03-13 13:44:26][PID=10296][TID=22296] names: local=Local\{385FC524-96E3-4839-9909-1F2135D4F928} | global=Global\{385FC524-96E3-4839-9909-1F2135D4F928}
[2026-03-13 13:44:26][PID=10296][TID=22296] OpenFileMapping(local) => handle=000000FC err=183
[2026-03-13 13:44:26][PID=10296][TID=22296] MapViewOfFile => ptr=01590000 err=183
[2026-03-13 13:44:26][PID=10296][TID=22296] get_shm success: shm_pid=10296
[2026-03-13 13:44:26][PID=10296][TID=22296] free_shm enter: ptr=01590000 handle=000000FC shm_pid=10296
[2026-03-13 13:44:26][PID=10296][TID=22296] UnmapViewOfFile done
[2026-03-13 13:44:26][PID=10296][TID=22296] CloseHandle done
[2026-03-13 13:44:26][PID=10296][TID=22296] free_shm leave
[2026-03-13 13:44:26][PID=5896][TID=41824] free_shm enter: ptr=066D0000 handle=000008C0 shm_pid=10296
[2026-03-13 13:44:26][PID=5896][TID=41824] UnmapViewOfFile done
[2026-03-13 13:44:26][PID=5896][TID=41824] CloseHandle done
[2026-03-13 13:44:26][PID=5896][TID=41824] free_shm leave
[2026-03-13 13:53:50][PID=28348][TID=41132] get_shm enter: targetPid=13100 create=1
[2026-03-13 13:53:50][PID=28348][TID=41132] names: local=Local\{385FC524-96E3-4839-9909-1F2135D4F928} | global=Global\{385FC524-96E3-4839-9909-1F2135D4F928}
[2026-03-13 13:53:50][PID=28348][TID=41132] OpenFileMapping(local) => handle=00000000 err=2
[2026-03-13 13:53:50][PID=28348][TID=41132] OpenFileMapping(global) => handle=00000000 err=2
[2026-03-13 13:53:50][PID=28348][TID=41132] CreateFileMapping(local) => handle=00000874 err=0
[2026-03-13 13:53:50][PID=28348][TID=41132] MapViewOfFile => ptr=06670000 err=183
[2026-03-13 13:53:50][PID=28348][TID=41132] get_shm success: shm_pid=13100
[2026-03-13 13:53:50][PID=28348][TID=41132] get_shm enter: targetPid=28348 create=0
[2026-03-13 13:53:50][PID=28348][TID=41132] names: local=Local\{385FC524-96E3-4839-9909-1F2135D4F928} | global=Global\{385FC524-96E3-4839-9909-1F2135D4F928}
[2026-03-13 13:53:50][PID=28348][TID=41132] OpenFileMapping(local) => handle=00000B48 err=183
[2026-03-13 13:53:50][PID=28348][TID=41132] MapViewOfFile => ptr=067D0000 err=183
[2026-03-13 13:53:50][PID=28348][TID=41132] get_shm success: shm_pid=28348
[2026-03-13 13:53:50][PID=28348][TID=41132] free_shm enter: ptr=067D0000 handle=00000B48 shm_pid=28348
[2026-03-13 13:53:50][PID=28348][TID=41132] UnmapViewOfFile done
[2026-03-13 13:53:50][PID=28348][TID=41132] CloseHandle done
[2026-03-13 13:53:50][PID=28348][TID=41132] free_shm leave
[2026-03-13 13:53:50][PID=13100][TID=36692] get_shm enter: targetPid=13100 create=0
[2026-03-13 13:53:50][PID=13100][TID=36692] names: local=Local\{385FC524-96E3-4839-9909-1F2135D4F928} | global=Global\{385FC524-96E3-4839-9909-1F2135D4F928}
[2026-03-13 13:53:50][PID=13100][TID=36692] OpenFileMapping(local) => handle=00000304 err=183
[2026-03-13 13:53:50][PID=13100][TID=36692] MapViewOfFile => ptr=01590000 err=183
[2026-03-13 13:53:50][PID=13100][TID=36692] get_shm success: shm_pid=13100
[2026-03-13 13:53:50][PID=13100][TID=36692] free_shm enter: ptr=01590000 handle=00000304 shm_pid=13100
[2026-03-13 13:53:50][PID=13100][TID=36692] UnmapViewOfFile done
[2026-03-13 13:53:50][PID=13100][TID=36692] CloseHandle done
[2026-03-13 13:53:50][PID=13100][TID=36692] free_shm leave
[2026-03-13 13:53:50][PID=28348][TID=41132] free_shm enter: ptr=06670000 handle=00000874 shm_pid=13100
[2026-03-13 13:53:50][PID=28348][TID=41132] UnmapViewOfFile done
[2026-03-13 13:53:50][PID=28348][TID=41132] CloseHandle done
[2026-03-13 13:53:50][PID=28348][TID=41132] free_shm leave
[2026-03-13 14:16:44][PID=31112][TID=2828] get_shm enter: targetPid=1464 create=1
[2026-03-13 14:16:44][PID=31112][TID=2828] names: local=Local\{385FC524-96E3-4839-9909-1F2135D4F928} | global=Global\{385FC524-96E3-4839-9909-1F2135D4F928}
[2026-03-13 14:16:44][PID=31112][TID=2828] OpenFileMapping(local) => handle=00000000 err=2
[2026-03-13 14:16:44][PID=31112][TID=2828] OpenFileMapping(global) => handle=00000000 err=2
[2026-03-13 14:16:44][PID=31112][TID=2828] CreateFileMapping(local) => handle=00000B6C err=0
[2026-03-13 14:16:44][PID=31112][TID=2828] MapViewOfFile => ptr=05ED0000 err=183
[2026-03-13 14:16:44][PID=31112][TID=2828] get_shm success: shm_pid=1464
[2026-03-13 14:16:44][PID=31112][TID=2828] get_shm enter: targetPid=31112 create=0
[2026-03-13 14:16:44][PID=31112][TID=2828] names: local=Local\{385FC524-96E3-4839-9909-1F2135D4F928} | global=Global\{385FC524-96E3-4839-9909-1F2135D4F928}
[2026-03-13 14:16:44][PID=31112][TID=2828] OpenFileMapping(local) => handle=000008C4 err=183
[2026-03-13 14:16:44][PID=31112][TID=2828] MapViewOfFile => ptr=05F00000 err=183
[2026-03-13 14:16:44][PID=31112][TID=2828] get_shm success: shm_pid=31112
[2026-03-13 14:16:44][PID=31112][TID=2828] free_shm enter: ptr=05F00000 handle=000008C4 shm_pid=31112
[2026-03-13 14:16:44][PID=31112][TID=2828] UnmapViewOfFile done
[2026-03-13 14:16:44][PID=31112][TID=2828] CloseHandle done
[2026-03-13 14:16:44][PID=31112][TID=2828] free_shm leave
[2026-03-13 14:16:44][PID=1464][TID=38432] get_shm enter: targetPid=1464 create=0
[2026-03-13 14:16:44][PID=1464][TID=38432] names: local=Local\{385FC524-96E3-4839-9909-1F2135D4F928} | global=Global\{385FC524-96E3-4839-9909-1F2135D4F928}
[2026-03-13 14:16:44][PID=1464][TID=38432] OpenFileMapping(local) => handle=000000E8 err=183
[2026-03-13 14:16:44][PID=1464][TID=38432] MapViewOfFile => ptr=01510000 err=183
[2026-03-13 14:16:44][PID=1464][TID=38432] get_shm success: shm_pid=1464
[2026-03-13 14:16:44][PID=1464][TID=38432] free_shm enter: ptr=01510000 handle=000000E8 shm_pid=1464
[2026-03-13 14:16:44][PID=1464][TID=38432] UnmapViewOfFile done
[2026-03-13 14:16:44][PID=1464][TID=38432] CloseHandle done
[2026-03-13 14:16:44][PID=1464][TID=38432] free_shm leave
[2026-03-13 14:16:44][PID=31112][TID=2828] free_shm enter: ptr=05ED0000 handle=00000B6C shm_pid=1464
[2026-03-13 14:16:44][PID=31112][TID=2828] UnmapViewOfFile done
[2026-03-13 14:16:44][PID=31112][TID=2828] CloseHandle done
[2026-03-13 14:16:44][PID=31112][TID=2828] free_shm leave
[2026-03-13 14:19:23][PID=18108][TID=20956] get_shm enter: targetPid=43596 create=1
[2026-03-13 14:19:23][PID=18108][TID=20956] names: local=Local\{385FC524-96E3-4839-9909-1F2135D4F928} | global=Global\{385FC524-96E3-4839-9909-1F2135D4F928}
[2026-03-13 14:19:23][PID=18108][TID=20956] OpenFileMapping(local) => handle=00000000 err=2
[2026-03-13 14:19:23][PID=18108][TID=20956] OpenFileMapping(global) => handle=00000000 err=2
[2026-03-13 14:19:23][PID=18108][TID=20956] CreateFileMapping(local) => handle=00000B5C err=0
[2026-03-13 14:19:23][PID=18108][TID=20956] MapViewOfFile => ptr=061F0000 err=183
[2026-03-13 14:19:23][PID=18108][TID=20956] get_shm success: shm_pid=43596
[2026-03-13 14:19:23][PID=18108][TID=20956] get_shm enter: targetPid=18108 create=0
[2026-03-13 14:19:23][PID=18108][TID=20956] names: local=Local\{385FC524-96E3-4839-9909-1F2135D4F928} | global=Global\{385FC524-96E3-4839-9909-1F2135D4F928}
[2026-03-13 14:19:23][PID=18108][TID=20956] OpenFileMapping(local) => handle=00000B00 err=183
[2026-03-13 14:19:23][PID=18108][TID=20956] MapViewOfFile => ptr=06350000 err=183
[2026-03-13 14:19:23][PID=18108][TID=20956] get_shm success: shm_pid=18108
[2026-03-13 14:19:23][PID=18108][TID=20956] free_shm enter: ptr=06350000 handle=00000B00 shm_pid=18108
[2026-03-13 14:19:23][PID=18108][TID=20956] UnmapViewOfFile done
[2026-03-13 14:19:23][PID=18108][TID=20956] CloseHandle done
[2026-03-13 14:19:23][PID=18108][TID=20956] free_shm leave
[2026-03-13 14:19:23][PID=43596][TID=36256] get_shm enter: targetPid=43596 create=0
[2026-03-13 14:19:23][PID=43596][TID=36256] names: local=Local\{385FC524-96E3-4839-9909-1F2135D4F928} | global=Global\{385FC524-96E3-4839-9909-1F2135D4F928}
[2026-03-13 14:19:23][PID=43596][TID=36256] OpenFileMapping(local) => handle=000000F4 err=183
[2026-03-13 14:19:23][PID=43596][TID=36256] MapViewOfFile => ptr=01550000 err=183
[2026-03-13 14:19:23][PID=43596][TID=36256] get_shm success: shm_pid=43596
[2026-03-13 14:19:23][PID=43596][TID=36256] free_shm enter: ptr=01550000 handle=000000F4 shm_pid=43596
[2026-03-13 14:19:23][PID=43596][TID=36256] UnmapViewOfFile done
[2026-03-13 14:19:23][PID=43596][TID=36256] CloseHandle done
[2026-03-13 14:19:23][PID=43596][TID=36256] free_shm leave
[2026-03-13 14:19:23][PID=18108][TID=20956] free_shm enter: ptr=061F0000 handle=00000B5C shm_pid=43596
[2026-03-13 14:19:23][PID=18108][TID=20956] UnmapViewOfFile done
[2026-03-13 14:19:23][PID=18108][TID=20956] CloseHandle done
[2026-03-13 14:19:23][PID=18108][TID=20956] free_shm leave
[2026-03-16 13:03:54][PID=26992][TID=37368] get_shm enter: targetPid=37048 create=1
[2026-03-16 13:03:54][PID=26992][TID=37368] names: local=Local\{385FC524-96E3-4839-9909-1F2135D4F928} | global=Global\{385FC524-96E3-4839-9909-1F2135D4F928}
[2026-03-16 13:03:54][PID=26992][TID=37368] OpenFileMapping(local) => handle=00000000 err=2
[2026-03-16 13:03:54][PID=26992][TID=37368] OpenFileMapping(global) => handle=00000000 err=2
[2026-03-16 13:03:54][PID=26992][TID=37368] CreateFileMapping(local) => handle=00000C24 err=0
[2026-03-16 13:03:54][PID=26992][TID=37368] MapViewOfFile => ptr=11A00000 err=183
[2026-03-16 13:03:54][PID=26992][TID=37368] get_shm success: shm_pid=37048
[2026-03-16 13:03:54][PID=26992][TID=37368] get_shm enter: targetPid=26992 create=0
[2026-03-16 13:03:54][PID=26992][TID=37368] names: local=Local\{385FC524-96E3-4839-9909-1F2135D4F928} | global=Global\{385FC524-96E3-4839-9909-1F2135D4F928}
[2026-03-16 13:03:54][PID=26992][TID=37368] OpenFileMapping(local) => handle=00000C3C err=183
[2026-03-16 13:03:54][PID=26992][TID=37368] MapViewOfFile => ptr=11A50000 err=183
[2026-03-16 13:03:54][PID=26992][TID=37368] get_shm success: shm_pid=26992
[2026-03-16 13:03:54][PID=26992][TID=37368] free_shm enter: ptr=11A50000 handle=00000C3C shm_pid=26992
[2026-03-16 13:03:54][PID=26992][TID=37368] UnmapViewOfFile done
[2026-03-16 13:03:54][PID=26992][TID=37368] CloseHandle done
[2026-03-16 13:03:54][PID=26992][TID=37368] free_shm leave
[2026-03-16 13:03:54][PID=37048][TID=30164] get_shm enter: targetPid=37048 create=0
[2026-03-16 13:03:54][PID=37048][TID=30164] names: local=Local\{385FC524-96E3-4839-9909-1F2135D4F928} | global=Global\{385FC524-96E3-4839-9909-1F2135D4F928}
[2026-03-16 13:03:54][PID=37048][TID=30164] OpenFileMapping(local) => handle=00000314 err=183
[2026-03-16 13:03:54][PID=37048][TID=30164] MapViewOfFile => ptr=01550000 err=183
[2026-03-16 13:03:54][PID=37048][TID=30164] get_shm success: shm_pid=37048
[2026-03-16 13:03:54][PID=37048][TID=30164] free_shm enter: ptr=01550000 handle=00000314 shm_pid=37048
[2026-03-16 13:03:54][PID=37048][TID=30164] UnmapViewOfFile done
[2026-03-16 13:03:54][PID=37048][TID=30164] CloseHandle done
[2026-03-16 13:03:54][PID=37048][TID=30164] free_shm leave
[2026-03-16 13:03:54][PID=26992][TID=37368] free_shm enter: ptr=11A00000 handle=00000C24 shm_pid=37048
[2026-03-16 13:03:54][PID=26992][TID=37368] UnmapViewOfFile done
[2026-03-16 13:03:54][PID=26992][TID=37368] CloseHandle done
[2026-03-16 13:03:54][PID=26992][TID=37368] free_shm leave
[2026-03-16 13:05:11][PID=32044][TID=34800] get_shm enter: targetPid=21512 create=1
[2026-03-16 13:05:11][PID=32044][TID=34800] names: local=Local\{385FC524-96E3-4839-9909-1F2135D4F928} | global=Global\{385FC524-96E3-4839-9909-1F2135D4F928}
[2026-03-16 13:05:11][PID=32044][TID=34800] OpenFileMapping(local) => handle=00000000 err=2
[2026-03-16 13:05:11][PID=32044][TID=34800] OpenFileMapping(global) => handle=00000000 err=2
[2026-03-16 13:05:11][PID=32044][TID=34800] CreateFileMapping(local) => handle=00000B48 err=0
[2026-03-16 13:05:11][PID=32044][TID=34800] MapViewOfFile => ptr=11970000 err=183
[2026-03-16 13:05:11][PID=32044][TID=34800] get_shm success: shm_pid=21512
[2026-03-16 13:05:11][PID=32044][TID=34800] get_shm enter: targetPid=32044 create=0
[2026-03-16 13:05:11][PID=32044][TID=34800] names: local=Local\{385FC524-96E3-4839-9909-1F2135D4F928} | global=Global\{385FC524-96E3-4839-9909-1F2135D4F928}
[2026-03-16 13:05:11][PID=32044][TID=34800] OpenFileMapping(local) => handle=00000B8C err=183
[2026-03-16 13:05:11][PID=32044][TID=34800] MapViewOfFile => ptr=11A10000 err=183
[2026-03-16 13:05:11][PID=32044][TID=34800] get_shm success: shm_pid=32044
[2026-03-16 13:05:11][PID=32044][TID=34800] free_shm enter: ptr=11A10000 handle=00000B8C shm_pid=32044
[2026-03-16 13:05:11][PID=32044][TID=34800] UnmapViewOfFile done
[2026-03-16 13:05:11][PID=32044][TID=34800] CloseHandle done
[2026-03-16 13:05:11][PID=32044][TID=34800] free_shm leave
[2026-03-16 13:05:11][PID=21512][TID=24016] get_shm enter: targetPid=21512 create=0
[2026-03-16 13:05:11][PID=21512][TID=24016] names: local=Local\{385FC524-96E3-4839-9909-1F2135D4F928} | global=Global\{385FC524-96E3-4839-9909-1F2135D4F928}
[2026-03-16 13:05:11][PID=21512][TID=24016] OpenFileMapping(local) => handle=00000318 err=183
[2026-03-16 13:05:11][PID=21512][TID=24016] MapViewOfFile => ptr=030A0000 err=183
[2026-03-16 13:05:11][PID=21512][TID=24016] get_shm success: shm_pid=21512
[2026-03-16 13:05:11][PID=21512][TID=24016] free_shm enter: ptr=030A0000 handle=00000318 shm_pid=21512
[2026-03-16 13:05:11][PID=21512][TID=24016] UnmapViewOfFile done
[2026-03-16 13:05:11][PID=21512][TID=24016] CloseHandle done
[2026-03-16 13:05:11][PID=21512][TID=24016] free_shm leave
[2026-03-16 13:05:11][PID=32044][TID=34800] free_shm enter: ptr=11970000 handle=00000B48 shm_pid=21512
[2026-03-16 13:05:11][PID=32044][TID=34800] UnmapViewOfFile done
[2026-03-16 13:05:11][PID=32044][TID=34800] CloseHandle done
[2026-03-16 13:05:11][PID=32044][TID=34800] free_shm leave
[2026-03-16 23:31:12][PID=20076][TID=27776] get_shm enter: targetPid=15088 create=1
[2026-03-16 23:31:12][PID=20076][TID=27776] names: local=Local\{385FC524-96E3-4839-9909-1F2135D4F928} | global=Global\{385FC524-96E3-4839-9909-1F2135D4F928}
[2026-03-16 23:31:12][PID=20076][TID=27776] OpenFileMapping(local) => handle=00000000 err=2
[2026-03-16 23:31:12][PID=20076][TID=27776] OpenFileMapping(global) => handle=00000000 err=2
[2026-03-16 23:31:12][PID=20076][TID=27776] CreateFileMapping(local) => handle=00000B44 err=0
[2026-03-16 23:31:12][PID=20076][TID=27776] MapViewOfFile => ptr=05470000 err=183
[2026-03-16 23:31:12][PID=20076][TID=27776] get_shm success: shm_pid=15088
[2026-03-16 23:31:12][PID=20076][TID=27776] get_shm enter: targetPid=20076 create=0
[2026-03-16 23:31:12][PID=20076][TID=27776] names: local=Local\{385FC524-96E3-4839-9909-1F2135D4F928} | global=Global\{385FC524-96E3-4839-9909-1F2135D4F928}
[2026-03-16 23:31:12][PID=20076][TID=27776] OpenFileMapping(local) => handle=00000B68 err=183
[2026-03-16 23:31:12][PID=20076][TID=27776] MapViewOfFile => ptr=054A0000 err=183
[2026-03-16 23:31:12][PID=20076][TID=27776] get_shm success: shm_pid=20076
[2026-03-16 23:31:12][PID=20076][TID=27776] free_shm enter: ptr=054A0000 handle=00000B68 shm_pid=20076
[2026-03-16 23:31:12][PID=20076][TID=27776] UnmapViewOfFile done
[2026-03-16 23:31:12][PID=20076][TID=27776] CloseHandle done
[2026-03-16 23:31:12][PID=20076][TID=27776] free_shm leave
[2026-03-16 23:31:12][PID=15088][TID=3092] get_shm enter: targetPid=15088 create=0
[2026-03-16 23:31:12][PID=15088][TID=3092] names: local=Local\{385FC524-96E3-4839-9909-1F2135D4F928} | global=Global\{385FC524-96E3-4839-9909-1F2135D4F928}
[2026-03-16 23:31:12][PID=15088][TID=3092] OpenFileMapping(local) => handle=000000C8 err=183
[2026-03-16 23:31:12][PID=15088][TID=3092] MapViewOfFile => ptr=01340000 err=183
[2026-03-16 23:31:12][PID=15088][TID=3092] get_shm success: shm_pid=15088
[2026-03-16 23:31:12][PID=15088][TID=3092] free_shm enter: ptr=01340000 handle=000000C8 shm_pid=15088
[2026-03-16 23:31:12][PID=15088][TID=3092] UnmapViewOfFile done
[2026-03-16 23:31:12][PID=15088][TID=3092] CloseHandle done
[2026-03-16 23:31:12][PID=15088][TID=3092] free_shm leave
[2026-03-16 23:31:12][PID=20076][TID=27776] free_shm enter: ptr=05470000 handle=00000B44 shm_pid=15088
[2026-03-16 23:31:12][PID=20076][TID=27776] UnmapViewOfFile done
[2026-03-16 23:31:12][PID=20076][TID=27776] CloseHandle done
[2026-03-16 23:31:12][PID=20076][TID=27776] free_shm leave
[2026-03-16 23:55:01][PID=22256][TID=3152] get_shm enter: targetPid=40792 create=1
[2026-03-16 23:55:01][PID=22256][TID=3152] names: local=Local\{385FC524-96E3-4839-9909-1F2135D4F928} | global=Global\{385FC524-96E3-4839-9909-1F2135D4F928}
[2026-03-16 23:55:01][PID=22256][TID=3152] OpenFileMapping(local) => handle=00000000 err=2
[2026-03-16 23:55:01][PID=22256][TID=3152] OpenFileMapping(global) => handle=00000000 err=2
[2026-03-16 23:55:01][PID=22256][TID=3152] CreateFileMapping(local) => handle=00000B44 err=0
[2026-03-16 23:55:01][PID=22256][TID=3152] MapViewOfFile => ptr=053A0000 err=183
[2026-03-16 23:55:01][PID=22256][TID=3152] get_shm success: shm_pid=40792
[2026-03-16 23:55:01][PID=22256][TID=3152] get_shm enter: targetPid=22256 create=0
[2026-03-16 23:55:01][PID=22256][TID=3152] names: local=Local\{385FC524-96E3-4839-9909-1F2135D4F928} | global=Global\{385FC524-96E3-4839-9909-1F2135D4F928}
[2026-03-16 23:55:01][PID=22256][TID=3152] OpenFileMapping(local) => handle=00000B7C err=183
[2026-03-16 23:55:01][PID=22256][TID=3152] MapViewOfFile => ptr=05E20000 err=183
[2026-03-16 23:55:01][PID=22256][TID=3152] get_shm success: shm_pid=22256
[2026-03-16 23:55:01][PID=22256][TID=3152] free_shm enter: ptr=05E20000 handle=00000B7C shm_pid=22256
[2026-03-16 23:55:01][PID=22256][TID=3152] UnmapViewOfFile done
[2026-03-16 23:55:01][PID=22256][TID=3152] CloseHandle done
[2026-03-16 23:55:01][PID=22256][TID=3152] free_shm leave
[2026-03-16 23:55:01][PID=40792][TID=17428] get_shm enter: targetPid=40792 create=0
[2026-03-16 23:55:01][PID=40792][TID=17428] names: local=Local\{385FC524-96E3-4839-9909-1F2135D4F928} | global=Global\{385FC524-96E3-4839-9909-1F2135D4F928}
[2026-03-16 23:55:01][PID=40792][TID=17428] OpenFileMapping(local) => handle=00000308 err=183
[2026-03-16 23:55:01][PID=40792][TID=17428] MapViewOfFile => ptr=01280000 err=183
[2026-03-16 23:55:01][PID=40792][TID=17428] get_shm success: shm_pid=40792
[2026-03-16 23:55:01][PID=40792][TID=17428] free_shm enter: ptr=01280000 handle=00000308 shm_pid=40792
[2026-03-16 23:55:01][PID=40792][TID=17428] UnmapViewOfFile done
[2026-03-16 23:55:01][PID=40792][TID=17428] CloseHandle done
[2026-03-16 23:55:01][PID=40792][TID=17428] free_shm leave
[2026-03-16 23:55:01][PID=22256][TID=3152] free_shm enter: ptr=053A0000 handle=00000B44 shm_pid=40792
[2026-03-16 23:55:01][PID=22256][TID=3152] UnmapViewOfFile done
[2026-03-16 23:55:01][PID=22256][TID=3152] CloseHandle done
[2026-03-16 23:55:01][PID=22256][TID=3152] free_shm leave
[2026-03-16 23:58:26][PID=30712][TID=17508] get_shm enter: targetPid=10572 create=1
[2026-03-16 23:58:26][PID=30712][TID=17508] names: local=Local\{385FC524-96E3-4839-9909-1F2135D4F928} | global=Global\{385FC524-96E3-4839-9909-1F2135D4F928}
[2026-03-16 23:58:26][PID=30712][TID=17508] OpenFileMapping(local) => handle=00000000 err=2
[2026-03-16 23:58:26][PID=30712][TID=17508] OpenFileMapping(global) => handle=00000000 err=2
[2026-03-16 23:58:26][PID=30712][TID=17508] CreateFileMapping(local) => handle=00000B70 err=0
[2026-03-16 23:58:26][PID=30712][TID=17508] MapViewOfFile => ptr=11200000 err=183
[2026-03-16 23:58:26][PID=30712][TID=17508] get_shm success: shm_pid=10572
[2026-03-16 23:58:26][PID=30712][TID=17508] get_shm enter: targetPid=30712 create=0
[2026-03-16 23:58:26][PID=30712][TID=17508] names: local=Local\{385FC524-96E3-4839-9909-1F2135D4F928} | global=Global\{385FC524-96E3-4839-9909-1F2135D4F928}
[2026-03-16 23:58:26][PID=30712][TID=17508] OpenFileMapping(local) => handle=00000B04 err=183
[2026-03-16 23:58:26][PID=30712][TID=17508] MapViewOfFile => ptr=11500000 err=183
[2026-03-16 23:58:26][PID=30712][TID=17508] get_shm success: shm_pid=30712
[2026-03-16 23:58:26][PID=30712][TID=17508] free_shm enter: ptr=11500000 handle=00000B04 shm_pid=30712
[2026-03-16 23:58:26][PID=30712][TID=17508] UnmapViewOfFile done
[2026-03-16 23:58:26][PID=30712][TID=17508] CloseHandle done
[2026-03-16 23:58:26][PID=30712][TID=17508] free_shm leave
[2026-03-16 23:58:27][PID=10572][TID=36148] get_shm enter: targetPid=10572 create=0
[2026-03-16 23:58:27][PID=10572][TID=36148] names: local=Local\{385FC524-96E3-4839-9909-1F2135D4F928} | global=Global\{385FC524-96E3-4839-9909-1F2135D4F928}
[2026-03-16 23:58:27][PID=10572][TID=36148] OpenFileMapping(local) => handle=0000010C err=183
[2026-03-16 23:58:27][PID=10572][TID=36148] MapViewOfFile => ptr=015D0000 err=183
[2026-03-16 23:58:27][PID=10572][TID=36148] get_shm success: shm_pid=10572
[2026-03-16 23:58:27][PID=10572][TID=36148] free_shm enter: ptr=015D0000 handle=0000010C shm_pid=10572
[2026-03-16 23:58:27][PID=10572][TID=36148] UnmapViewOfFile done
[2026-03-16 23:58:27][PID=10572][TID=36148] CloseHandle done
[2026-03-16 23:58:27][PID=10572][TID=36148] free_shm leave
[2026-03-16 23:58:27][PID=30712][TID=17508] free_shm enter: ptr=11200000 handle=00000B70 shm_pid=10572
[2026-03-16 23:58:27][PID=30712][TID=17508] UnmapViewOfFile done
[2026-03-16 23:58:27][PID=30712][TID=17508] CloseHandle done
[2026-03-16 23:58:27][PID=30712][TID=17508] free_shm leave
[2026-03-17 00:01:21][PID=6176][TID=28056] get_shm enter: targetPid=43472 create=1
[2026-03-17 00:01:21][PID=6176][TID=28056] names: local=Local\{385FC524-96E3-4839-9909-1F2135D4F928} | global=Global\{385FC524-96E3-4839-9909-1F2135D4F928}
[2026-03-17 00:01:21][PID=6176][TID=28056] OpenFileMapping(local) => handle=00000000 err=2
[2026-03-17 00:01:21][PID=6176][TID=28056] OpenFileMapping(global) => handle=00000000 err=2
[2026-03-17 00:01:21][PID=6176][TID=28056] CreateFileMapping(local) => handle=00000B74 err=0
[2026-03-17 00:01:21][PID=6176][TID=28056] MapViewOfFile => ptr=06280000 err=183
[2026-03-17 00:01:21][PID=6176][TID=28056] get_shm success: shm_pid=43472
[2026-03-17 00:01:21][PID=6176][TID=28056] get_shm enter: targetPid=6176 create=0
[2026-03-17 00:01:21][PID=6176][TID=28056] names: local=Local\{385FC524-96E3-4839-9909-1F2135D4F928} | global=Global\{385FC524-96E3-4839-9909-1F2135D4F928}
[2026-03-17 00:01:21][PID=6176][TID=28056] OpenFileMapping(local) => handle=00000B78 err=183
[2026-03-17 00:01:21][PID=6176][TID=28056] MapViewOfFile => ptr=063E0000 err=183
[2026-03-17 00:01:21][PID=6176][TID=28056] get_shm success: shm_pid=6176
[2026-03-17 00:01:21][PID=6176][TID=28056] free_shm enter: ptr=063E0000 handle=00000B78 shm_pid=6176
[2026-03-17 00:01:21][PID=6176][TID=28056] UnmapViewOfFile done
[2026-03-17 00:01:21][PID=6176][TID=28056] CloseHandle done
[2026-03-17 00:01:21][PID=6176][TID=28056] free_shm leave
[2026-03-17 00:01:21][PID=43472][TID=29316] get_shm enter: targetPid=43472 create=0
[2026-03-17 00:01:21][PID=43472][TID=29316] names: local=Local\{385FC524-96E3-4839-9909-1F2135D4F928} | global=Global\{385FC524-96E3-4839-9909-1F2135D4F928}
[2026-03-17 00:01:21][PID=43472][TID=29316] OpenFileMapping(local) => handle=0000031C err=183
[2026-03-17 00:01:21][PID=43472][TID=29316] MapViewOfFile => ptr=01450000 err=183
[2026-03-17 00:01:21][PID=43472][TID=29316] get_shm success: shm_pid=43472
[2026-03-17 00:01:21][PID=43472][TID=29316] free_shm enter: ptr=01450000 handle=0000031C shm_pid=43472
[2026-03-17 00:01:21][PID=43472][TID=29316] UnmapViewOfFile done
[2026-03-17 00:01:21][PID=43472][TID=29316] CloseHandle done
[2026-03-17 00:01:21][PID=43472][TID=29316] free_shm leave
[2026-03-17 00:01:21][PID=6176][TID=28056] free_shm enter: ptr=06280000 handle=00000B74 shm_pid=43472
[2026-03-17 00:01:21][PID=6176][TID=28056] UnmapViewOfFile done
[2026-03-17 00:01:21][PID=6176][TID=28056] CloseHandle done
[2026-03-17 00:01:21][PID=6176][TID=28056] free_shm leave
[2026-03-17 00:05:10][PID=4856][TID=37820] get_shm enter: targetPid=45208 create=1
[2026-03-17 00:05:10][PID=4856][TID=37820] names: local=Local\{385FC524-96E3-4839-9909-1F2135D4F928} | global=Global\{385FC524-96E3-4839-9909-1F2135D4F928}
[2026-03-17 00:05:10][PID=4856][TID=37820] OpenFileMapping(local) => handle=00000000 err=2
[2026-03-17 00:05:10][PID=4856][TID=37820] OpenFileMapping(global) => handle=00000000 err=2
[2026-03-17 00:05:10][PID=4856][TID=37820] CreateFileMapping(local) => handle=00000B60 err=0
[2026-03-17 00:05:10][PID=4856][TID=37820] MapViewOfFile => ptr=11240000 err=183
[2026-03-17 00:05:10][PID=4856][TID=37820] get_shm success: shm_pid=45208
[2026-03-17 00:05:10][PID=4856][TID=37820] get_shm enter: targetPid=4856 create=0
[2026-03-17 00:05:10][PID=4856][TID=37820] names: local=Local\{385FC524-96E3-4839-9909-1F2135D4F928} | global=Global\{385FC524-96E3-4839-9909-1F2135D4F928}
[2026-03-17 00:05:10][PID=4856][TID=37820] OpenFileMapping(local) => handle=00000B68 err=183
[2026-03-17 00:05:10][PID=4856][TID=37820] MapViewOfFile => ptr=114F0000 err=183
[2026-03-17 00:05:10][PID=4856][TID=37820] get_shm success: shm_pid=4856
[2026-03-17 00:05:10][PID=4856][TID=37820] free_shm enter: ptr=114F0000 handle=00000B68 shm_pid=4856
[2026-03-17 00:05:10][PID=4856][TID=37820] UnmapViewOfFile done
[2026-03-17 00:05:10][PID=4856][TID=37820] CloseHandle done
[2026-03-17 00:05:10][PID=4856][TID=37820] free_shm leave
[2026-03-17 00:05:10][PID=45208][TID=41640] get_shm enter: targetPid=45208 create=0
[2026-03-17 00:05:10][PID=45208][TID=41640] names: local=Local\{385FC524-96E3-4839-9909-1F2135D4F928} | global=Global\{385FC524-96E3-4839-9909-1F2135D4F928}
[2026-03-17 00:05:10][PID=45208][TID=41640] OpenFileMapping(local) => handle=00000304 err=183
[2026-03-17 00:05:10][PID=45208][TID=41640] MapViewOfFile => ptr=016B0000 err=183
[2026-03-17 00:05:10][PID=45208][TID=41640] get_shm success: shm_pid=45208
[2026-03-17 00:05:10][PID=45208][TID=41640] free_shm enter: ptr=016B0000 handle=00000304 shm_pid=45208
[2026-03-17 00:05:10][PID=45208][TID=41640] UnmapViewOfFile done
[2026-03-17 00:05:10][PID=45208][TID=41640] CloseHandle done
[2026-03-17 00:05:10][PID=45208][TID=41640] free_shm leave
[2026-03-17 00:05:10][PID=4856][TID=37820] free_shm enter: ptr=11240000 handle=00000B60 shm_pid=45208
[2026-03-17 00:05:10][PID=4856][TID=37820] UnmapViewOfFile done
[2026-03-17 00:05:10][PID=4856][TID=37820] CloseHandle done
[2026-03-17 00:05:10][PID=4856][TID=37820] free_shm leave
[2026-03-17 00:15:11][PID=30444][TID=27312] get_shm enter: targetPid=19876 create=1
[2026-03-17 00:15:11][PID=30444][TID=27312] names: local=Local\{385FC524-96E3-4839-9909-1F2135D4F928} | global=Global\{385FC524-96E3-4839-9909-1F2135D4F928}
[2026-03-17 00:15:11][PID=30444][TID=27312] OpenFileMapping(local) => handle=00000000 err=2
[2026-03-17 00:15:11][PID=30444][TID=27312] OpenFileMapping(global) => handle=00000000 err=2
[2026-03-17 00:15:11][PID=30444][TID=27312] CreateFileMapping(local) => handle=00000690 err=0
[2026-03-17 00:15:11][PID=30444][TID=27312] MapViewOfFile => ptr=11600000 err=183
[2026-03-17 00:15:11][PID=30444][TID=27312] get_shm success: shm_pid=19876
[2026-03-17 00:15:11][PID=30444][TID=27312] get_shm enter: targetPid=30444 create=0
[2026-03-17 00:15:11][PID=30444][TID=27312] names: local=Local\{385FC524-96E3-4839-9909-1F2135D4F928} | global=Global\{385FC524-96E3-4839-9909-1F2135D4F928}
[2026-03-17 00:15:11][PID=30444][TID=27312] OpenFileMapping(local) => handle=00000B7C err=183
[2026-03-17 00:15:11][PID=30444][TID=27312] MapViewOfFile => ptr=11570000 err=183
[2026-03-17 00:15:11][PID=30444][TID=27312] get_shm success: shm_pid=30444
[2026-03-17 00:15:11][PID=30444][TID=27312] free_shm enter: ptr=11570000 handle=00000B7C shm_pid=30444
[2026-03-17 00:15:11][PID=30444][TID=27312] UnmapViewOfFile done
[2026-03-17 00:15:11][PID=30444][TID=27312] CloseHandle done
[2026-03-17 00:15:11][PID=30444][TID=27312] free_shm leave
[2026-03-17 00:15:11][PID=19876][TID=10852] get_shm enter: targetPid=19876 create=0
[2026-03-17 00:15:11][PID=19876][TID=10852] names: local=Local\{385FC524-96E3-4839-9909-1F2135D4F928} | global=Global\{385FC524-96E3-4839-9909-1F2135D4F928}
[2026-03-17 00:15:11][PID=19876][TID=10852] OpenFileMapping(local) => handle=000000F4 err=183
[2026-03-17 00:15:11][PID=19876][TID=10852] MapViewOfFile => ptr=01590000 err=183
[2026-03-17 00:15:11][PID=19876][TID=10852] get_shm success: shm_pid=19876
[2026-03-17 00:15:11][PID=19876][TID=10852] free_shm enter: ptr=01590000 handle=000000F4 shm_pid=19876
[2026-03-17 00:15:11][PID=19876][TID=10852] UnmapViewOfFile done
[2026-03-17 00:15:11][PID=19876][TID=10852] CloseHandle done
[2026-03-17 00:15:11][PID=19876][TID=10852] free_shm leave
[2026-03-17 00:15:11][PID=30444][TID=27312] free_shm enter: ptr=11600000 handle=00000690 shm_pid=19876
[2026-03-17 00:15:11][PID=30444][TID=27312] UnmapViewOfFile done
[2026-03-17 00:15:11][PID=30444][TID=27312] CloseHandle done
[2026-03-17 00:15:11][PID=30444][TID=27312] free_shm leave
[2026-03-17 00:20:55][PID=38068][TID=892] get_shm enter: targetPid=21888 create=1
[2026-03-17 00:20:55][PID=38068][TID=892] names: local=Local\{385FC524-96E3-4839-9909-1F2135D4F928} | global=Global\{385FC524-96E3-4839-9909-1F2135D4F928}
[2026-03-17 00:20:55][PID=38068][TID=892] OpenFileMapping(local) => handle=00000000 err=2
[2026-03-17 00:20:55][PID=38068][TID=892] OpenFileMapping(global) => handle=00000000 err=2
[2026-03-17 00:20:55][PID=38068][TID=892] CreateFileMapping(local) => handle=00000B10 err=0
[2026-03-17 00:20:55][PID=38068][TID=892] MapViewOfFile => ptr=11420000 err=183
[2026-03-17 00:20:55][PID=38068][TID=892] get_shm success: shm_pid=21888
[2026-03-17 00:20:55][PID=38068][TID=892] get_shm enter: targetPid=38068 create=0
[2026-03-17 00:20:55][PID=38068][TID=892] names: local=Local\{385FC524-96E3-4839-9909-1F2135D4F928} | global=Global\{385FC524-96E3-4839-9909-1F2135D4F928}
[2026-03-17 00:20:55][PID=38068][TID=892] OpenFileMapping(local) => handle=00000B0C err=183
[2026-03-17 00:20:55][PID=38068][TID=892] MapViewOfFile => ptr=116B0000 err=183
[2026-03-17 00:20:55][PID=38068][TID=892] get_shm success: shm_pid=38068
[2026-03-17 00:20:55][PID=38068][TID=892] free_shm enter: ptr=116B0000 handle=00000B0C shm_pid=38068
[2026-03-17 00:20:55][PID=38068][TID=892] UnmapViewOfFile done
[2026-03-17 00:20:55][PID=38068][TID=892] CloseHandle done
[2026-03-17 00:20:55][PID=38068][TID=892] free_shm leave
[2026-03-17 00:20:55][PID=21888][TID=32228] get_shm enter: targetPid=21888 create=0
[2026-03-17 00:20:55][PID=21888][TID=32228] names: local=Local\{385FC524-96E3-4839-9909-1F2135D4F928} | global=Global\{385FC524-96E3-4839-9909-1F2135D4F928}
[2026-03-17 00:20:55][PID=21888][TID=32228] OpenFileMapping(local) => handle=0000031C err=183
[2026-03-17 00:20:55][PID=21888][TID=32228] MapViewOfFile => ptr=01410000 err=183
[2026-03-17 00:20:55][PID=21888][TID=32228] get_shm success: shm_pid=21888
[2026-03-17 00:20:55][PID=21888][TID=32228] free_shm enter: ptr=01410000 handle=0000031C shm_pid=21888
[2026-03-17 00:20:55][PID=21888][TID=32228] UnmapViewOfFile done
[2026-03-17 00:20:55][PID=21888][TID=32228] CloseHandle done
[2026-03-17 00:20:55][PID=21888][TID=32228] free_shm leave
[2026-03-17 00:20:56][PID=38068][TID=892] free_shm enter: ptr=11420000 handle=00000B10 shm_pid=21888
[2026-03-17 00:20:56][PID=38068][TID=892] UnmapViewOfFile done
[2026-03-17 00:20:56][PID=38068][TID=892] CloseHandle done
[2026-03-17 00:20:56][PID=38068][TID=892] free_shm leave
[2026-03-17 00:24:34][PID=31328][TID=25020] get_shm enter: targetPid=37324 create=1
[2026-03-17 00:24:34][PID=31328][TID=25020] names: local=Local\{385FC524-96E3-4839-9909-1F2135D4F928} | global=Global\{385FC524-96E3-4839-9909-1F2135D4F928}
[2026-03-17 00:24:34][PID=31328][TID=25020] OpenFileMapping(local) => handle=00000000 err=2
[2026-03-17 00:24:34][PID=31328][TID=25020] OpenFileMapping(global) => handle=00000000 err=2
[2026-03-17 00:24:34][PID=31328][TID=25020] CreateFileMapping(local) => handle=00000914 err=0
[2026-03-17 00:24:34][PID=31328][TID=25020] MapViewOfFile => ptr=116D0000 err=183
[2026-03-17 00:24:34][PID=31328][TID=25020] get_shm success: shm_pid=37324
[2026-03-17 00:24:34][PID=31328][TID=25020] get_shm enter: targetPid=31328 create=0
[2026-03-17 00:24:34][PID=31328][TID=25020] names: local=Local\{385FC524-96E3-4839-9909-1F2135D4F928} | global=Global\{385FC524-96E3-4839-9909-1F2135D4F928}
[2026-03-17 00:24:34][PID=31328][TID=25020] OpenFileMapping(local) => handle=00000B78 err=183
[2026-03-17 00:24:34][PID=31328][TID=25020] MapViewOfFile => ptr=11C40000 err=183
[2026-03-17 00:24:34][PID=31328][TID=25020] get_shm success: shm_pid=31328
[2026-03-17 00:24:34][PID=31328][TID=25020] free_shm enter: ptr=11C40000 handle=00000B78 shm_pid=31328
[2026-03-17 00:24:34][PID=31328][TID=25020] UnmapViewOfFile done
[2026-03-17 00:24:34][PID=31328][TID=25020] CloseHandle done
[2026-03-17 00:24:34][PID=31328][TID=25020] free_shm leave
[2026-03-17 00:24:34][PID=37324][TID=40856] get_shm enter: targetPid=37324 create=0
[2026-03-17 00:24:34][PID=37324][TID=40856] names: local=Local\{385FC524-96E3-4839-9909-1F2135D4F928} | global=Global\{385FC524-96E3-4839-9909-1F2135D4F928}
[2026-03-17 00:24:34][PID=37324][TID=40856] OpenFileMapping(local) => handle=000002EC err=183
[2026-03-17 00:24:34][PID=37324][TID=40856] MapViewOfFile => ptr=01370000 err=183
[2026-03-17 00:24:34][PID=37324][TID=40856] get_shm success: shm_pid=37324
[2026-03-17 00:24:34][PID=37324][TID=40856] free_shm enter: ptr=01370000 handle=000002EC shm_pid=37324
[2026-03-17 00:24:34][PID=37324][TID=40856] UnmapViewOfFile done
[2026-03-17 00:24:34][PID=37324][TID=40856] CloseHandle done
[2026-03-17 00:24:34][PID=37324][TID=40856] free_shm leave
[2026-03-17 00:24:34][PID=31328][TID=25020] free_shm enter: ptr=116D0000 handle=00000914 shm_pid=37324
[2026-03-17 00:24:34][PID=31328][TID=25020] UnmapViewOfFile done
[2026-03-17 00:24:34][PID=31328][TID=25020] CloseHandle done
[2026-03-17 00:24:34][PID=31328][TID=25020] free_shm leave
[2026-03-17 00:25:22][PID=28688][TID=22064] get_shm enter: targetPid=41016 create=1
[2026-03-17 00:25:22][PID=28688][TID=22064] names: local=Local\{385FC524-96E3-4839-9909-1F2135D4F928} | global=Global\{385FC524-96E3-4839-9909-1F2135D4F928}
[2026-03-17 00:25:22][PID=28688][TID=22064] OpenFileMapping(local) => handle=00000000 err=2
[2026-03-17 00:25:22][PID=28688][TID=22064] OpenFileMapping(global) => handle=00000000 err=2
[2026-03-17 00:25:22][PID=28688][TID=22064] CreateFileMapping(local) => handle=00000B68 err=0
[2026-03-17 00:25:22][PID=28688][TID=22064] MapViewOfFile => ptr=11CB0000 err=183
[2026-03-17 00:25:22][PID=28688][TID=22064] get_shm success: shm_pid=41016
[2026-03-17 00:25:22][PID=28688][TID=22064] get_shm enter: targetPid=28688 create=0
[2026-03-17 00:25:22][PID=28688][TID=22064] names: local=Local\{385FC524-96E3-4839-9909-1F2135D4F928} | global=Global\{385FC524-96E3-4839-9909-1F2135D4F928}
[2026-03-17 00:25:22][PID=28688][TID=22064] OpenFileMapping(local) => handle=00000B5C err=183
[2026-03-17 00:25:22][PID=28688][TID=22064] MapViewOfFile => ptr=11D30000 err=183
[2026-03-17 00:25:22][PID=28688][TID=22064] get_shm success: shm_pid=28688
[2026-03-17 00:25:22][PID=28688][TID=22064] free_shm enter: ptr=11D30000 handle=00000B5C shm_pid=28688
[2026-03-17 00:25:22][PID=28688][TID=22064] UnmapViewOfFile done
[2026-03-17 00:25:22][PID=28688][TID=22064] CloseHandle done
[2026-03-17 00:25:22][PID=28688][TID=22064] free_shm leave
[2026-03-17 00:25:22][PID=41016][TID=40444] get_shm enter: targetPid=41016 create=0
[2026-03-17 00:25:22][PID=41016][TID=40444] names: local=Local\{385FC524-96E3-4839-9909-1F2135D4F928} | global=Global\{385FC524-96E3-4839-9909-1F2135D4F928}
[2026-03-17 00:25:22][PID=41016][TID=40444] OpenFileMapping(local) => handle=00000304 err=183
[2026-03-17 00:25:22][PID=41016][TID=40444] MapViewOfFile => ptr=01670000 err=183
[2026-03-17 00:25:22][PID=41016][TID=40444] get_shm success: shm_pid=41016
[2026-03-17 00:25:22][PID=41016][TID=40444] free_shm enter: ptr=01670000 handle=00000304 shm_pid=41016
[2026-03-17 00:25:22][PID=41016][TID=40444] UnmapViewOfFile done
[2026-03-17 00:25:22][PID=41016][TID=40444] CloseHandle done
[2026-03-17 00:25:22][PID=41016][TID=40444] free_shm leave
[2026-03-17 00:25:22][PID=28688][TID=22064] free_shm enter: ptr=11CB0000 handle=00000B68 shm_pid=41016
[2026-03-17 00:25:22][PID=28688][TID=22064] UnmapViewOfFile done
[2026-03-17 00:25:22][PID=28688][TID=22064] CloseHandle done
[2026-03-17 00:25:22][PID=28688][TID=22064] free_shm leave
[2026-03-17 13:15:25][PID=15640][TID=21932] get_shm enter: targetPid=32888 create=1
[2026-03-17 13:15:25][PID=15640][TID=21932] names: local=Local\{385FC524-96E3-4839-9909-1F2135D4F928} | global=Global\{385FC524-96E3-4839-9909-1F2135D4F928}
[2026-03-17 13:15:25][PID=15640][TID=21932] OpenFileMapping(local) => handle=00000000 err=2
[2026-03-17 13:15:25][PID=15640][TID=21932] OpenFileMapping(global) => handle=00000000 err=2
[2026-03-17 13:15:25][PID=15640][TID=21932] CreateFileMapping(local) => handle=00000B54 err=0
[2026-03-17 13:15:25][PID=15640][TID=21932] MapViewOfFile => ptr=113C0000 err=183
[2026-03-17 13:15:25][PID=15640][TID=21932] get_shm success: shm_pid=32888
[2026-03-17 13:15:26][PID=15640][TID=21932] get_shm enter: targetPid=15640 create=0
[2026-03-17 13:15:26][PID=15640][TID=21932] names: local=Local\{385FC524-96E3-4839-9909-1F2135D4F928} | global=Global\{385FC524-96E3-4839-9909-1F2135D4F928}
[2026-03-17 13:15:26][PID=15640][TID=21932] OpenFileMapping(local) => handle=00000B60 err=183
[2026-03-17 13:15:26][PID=15640][TID=21932] MapViewOfFile => ptr=116F0000 err=183
[2026-03-17 13:15:26][PID=15640][TID=21932] get_shm success: shm_pid=15640
[2026-03-17 13:15:26][PID=15640][TID=21932] free_shm enter: ptr=116F0000 handle=00000B60 shm_pid=15640
[2026-03-17 13:15:26][PID=15640][TID=21932] UnmapViewOfFile done
[2026-03-17 13:15:26][PID=15640][TID=21932] CloseHandle done
[2026-03-17 13:15:26][PID=15640][TID=21932] free_shm leave
[2026-03-17 13:15:26][PID=32888][TID=22544] get_shm enter: targetPid=32888 create=0
[2026-03-17 13:15:26][PID=32888][TID=22544] names: local=Local\{385FC524-96E3-4839-9909-1F2135D4F928} | global=Global\{385FC524-96E3-4839-9909-1F2135D4F928}
[2026-03-17 13:15:26][PID=32888][TID=22544] OpenFileMapping(local) => handle=000000E4 err=183
[2026-03-17 13:15:26][PID=32888][TID=22544] MapViewOfFile => ptr=01860000 err=183
[2026-03-17 13:15:26][PID=32888][TID=22544] get_shm success: shm_pid=32888
[2026-03-17 13:15:26][PID=32888][TID=22544] free_shm enter: ptr=01860000 handle=000000E4 shm_pid=32888
[2026-03-17 13:15:26][PID=32888][TID=22544] UnmapViewOfFile done
[2026-03-17 13:15:26][PID=32888][TID=22544] CloseHandle done
[2026-03-17 13:15:26][PID=32888][TID=22544] free_shm leave
[2026-03-17 13:15:26][PID=15640][TID=21932] free_shm enter: ptr=113C0000 handle=00000B54 shm_pid=32888
[2026-03-17 13:15:26][PID=15640][TID=21932] UnmapViewOfFile done
[2026-03-17 13:15:26][PID=15640][TID=21932] CloseHandle done
[2026-03-17 13:15:26][PID=15640][TID=21932] free_shm leave
[2026-03-17 13:20:07][PID=27208][TID=43460] get_shm enter: targetPid=29536 create=1
[2026-03-17 13:20:07][PID=27208][TID=43460] names: local=Local\{385FC524-96E3-4839-9909-1F2135D4F928} | global=Global\{385FC524-96E3-4839-9909-1F2135D4F928}
[2026-03-17 13:20:07][PID=27208][TID=43460] OpenFileMapping(local) => handle=00000000 err=2
[2026-03-17 13:20:07][PID=27208][TID=43460] OpenFileMapping(global) => handle=00000000 err=2
[2026-03-17 13:20:07][PID=27208][TID=43460] CreateFileMapping(local) => handle=00000B60 err=0
[2026-03-17 13:20:07][PID=27208][TID=43460] MapViewOfFile => ptr=12340000 err=183
[2026-03-17 13:20:07][PID=27208][TID=43460] get_shm success: shm_pid=29536
[2026-03-17 13:20:07][PID=27208][TID=43460] get_shm enter: targetPid=27208 create=0
[2026-03-17 13:20:07][PID=27208][TID=43460] names: local=Local\{385FC524-96E3-4839-9909-1F2135D4F928} | global=Global\{385FC524-96E3-4839-9909-1F2135D4F928}
[2026-03-17 13:20:07][PID=27208][TID=43460] OpenFileMapping(local) => handle=00000B3C err=183
[2026-03-17 13:20:07][PID=27208][TID=43460] MapViewOfFile => ptr=123B0000 err=183
[2026-03-17 13:20:07][PID=27208][TID=43460] get_shm success: shm_pid=27208
[2026-03-17 13:20:07][PID=27208][TID=43460] free_shm enter: ptr=123B0000 handle=00000B3C shm_pid=27208
[2026-03-17 13:20:07][PID=27208][TID=43460] UnmapViewOfFile done
[2026-03-17 13:20:07][PID=27208][TID=43460] CloseHandle done
[2026-03-17 13:20:07][PID=27208][TID=43460] free_shm leave
[2026-03-17 13:21:07][PID=27208][TID=43460] get_shm enter: targetPid=18176 create=1
[2026-03-17 13:21:07][PID=27208][TID=43460] pid changed: old=29536 new=18176, free old mapping
[2026-03-17 13:21:07][PID=27208][TID=43460] free_shm enter: ptr=12340000 handle=00000B60 shm_pid=29536
[2026-03-17 13:21:07][PID=27208][TID=43460] UnmapViewOfFile done
[2026-03-17 13:21:07][PID=27208][TID=43460] CloseHandle done
[2026-03-17 13:21:07][PID=27208][TID=43460] free_shm leave
[2026-03-17 13:21:07][PID=27208][TID=43460] names: local=Local\{385FC524-96E3-4839-9909-1F2135D4F928} | global=Global\{385FC524-96E3-4839-9909-1F2135D4F928}
[2026-03-17 13:21:07][PID=27208][TID=43460] OpenFileMapping(local) => handle=00000000 err=2
[2026-03-17 13:21:07][PID=27208][TID=43460] OpenFileMapping(global) => handle=00000000 err=2
[2026-03-17 13:21:07][PID=27208][TID=43460] CreateFileMapping(local) => handle=00000B60 err=0
[2026-03-17 13:21:07][PID=27208][TID=43460] MapViewOfFile => ptr=01CB0000 err=183
[2026-03-17 13:21:07][PID=27208][TID=43460] get_shm success: shm_pid=18176
[2026-03-17 13:21:07][PID=27208][TID=43460] get_shm enter: targetPid=27208 create=0
[2026-03-17 13:21:07][PID=27208][TID=43460] names: local=Local\{385FC524-96E3-4839-9909-1F2135D4F928} | global=Global\{385FC524-96E3-4839-9909-1F2135D4F928}
[2026-03-17 13:21:07][PID=27208][TID=43460] OpenFileMapping(local) => handle=00000BCC err=183
[2026-03-17 13:21:07][PID=27208][TID=43460] MapViewOfFile => ptr=03600000 err=183
[2026-03-17 13:21:07][PID=27208][TID=43460] get_shm success: shm_pid=27208
[2026-03-17 13:21:07][PID=27208][TID=43460] free_shm enter: ptr=03600000 handle=00000BCC shm_pid=27208
[2026-03-17 13:21:07][PID=27208][TID=43460] UnmapViewOfFile done
[2026-03-17 13:21:07][PID=27208][TID=43460] CloseHandle done
[2026-03-17 13:21:07][PID=27208][TID=43460] free_shm leave
[2026-03-17 13:29:01][PID=38632][TID=33396] get_shm enter: targetPid=36116 create=1
[2026-03-17 13:29:01][PID=38632][TID=33396] names: local=Local\{385FC524-96E3-4839-9909-1F2135D4F928} | global=Global\{385FC524-96E3-4839-9909-1F2135D4F928}
[2026-03-17 13:29:01][PID=38632][TID=33396] OpenFileMapping(local) => handle=00000000 err=2
[2026-03-17 13:29:01][PID=38632][TID=33396] OpenFileMapping(global) => handle=00000000 err=2
[2026-03-17 13:29:01][PID=38632][TID=33396] CreateFileMapping(local) => handle=0000093C err=0
[2026-03-17 13:29:01][PID=38632][TID=33396] MapViewOfFile => ptr=11790000 err=183
[2026-03-17 13:29:01][PID=38632][TID=33396] get_shm success: shm_pid=36116
[2026-03-17 13:29:01][PID=38632][TID=33396] get_shm enter: targetPid=38632 create=0
[2026-03-17 13:29:01][PID=38632][TID=33396] names: local=Local\{385FC524-96E3-4839-9909-1F2135D4F928} | global=Global\{385FC524-96E3-4839-9909-1F2135D4F928}
[2026-03-17 13:29:01][PID=38632][TID=33396] OpenFileMapping(local) => handle=00000B7C err=183
[2026-03-17 13:29:01][PID=38632][TID=33396] MapViewOfFile => ptr=11B00000 err=183
[2026-03-17 13:29:01][PID=38632][TID=33396] get_shm success: shm_pid=38632
[2026-03-17 13:29:01][PID=38632][TID=33396] free_shm enter: ptr=11B00000 handle=00000B7C shm_pid=38632
[2026-03-17 13:29:01][PID=38632][TID=33396] UnmapViewOfFile done
[2026-03-17 13:29:01][PID=38632][TID=33396] CloseHandle done
[2026-03-17 13:29:01][PID=38632][TID=33396] free_shm leave
[2026-03-17 13:32:32][PID=22980][TID=8232] get_shm enter: targetPid=33068 create=1
[2026-03-17 13:32:32][PID=22980][TID=8232] names: local=Local\{385FC524-96E3-4839-9909-1F2135D4F928} | global=Global\{385FC524-96E3-4839-9909-1F2135D4F928}
[2026-03-17 13:32:32][PID=22980][TID=8232] OpenFileMapping(local) => handle=00000000 err=2
[2026-03-17 13:32:32][PID=22980][TID=8232] OpenFileMapping(global) => handle=00000000 err=2
[2026-03-17 13:32:32][PID=22980][TID=8232] CreateFileMapping(local) => handle=00000A08 err=0
[2026-03-17 13:32:32][PID=22980][TID=8232] MapViewOfFile => ptr=0FBA0000 err=183
[2026-03-17 13:32:32][PID=22980][TID=8232] get_shm success: shm_pid=33068
[2026-03-17 13:32:32][PID=22980][TID=8232] get_shm enter: targetPid=22980 create=0
[2026-03-17 13:32:32][PID=22980][TID=8232] names: local=Local\{385FC524-96E3-4839-9909-1F2135D4F928} | global=Global\{385FC524-96E3-4839-9909-1F2135D4F928}
[2026-03-17 13:32:32][PID=22980][TID=8232] OpenFileMapping(local) => handle=00000B28 err=183
[2026-03-17 13:32:32][PID=22980][TID=8232] MapViewOfFile => ptr=0FED0000 err=183
[2026-03-17 13:32:32][PID=22980][TID=8232] get_shm success: shm_pid=22980
[2026-03-17 13:32:32][PID=22980][TID=8232] free_shm enter: ptr=0FED0000 handle=00000B28 shm_pid=22980
[2026-03-17 13:32:32][PID=22980][TID=8232] UnmapViewOfFile done
[2026-03-17 13:32:32][PID=22980][TID=8232] CloseHandle done
[2026-03-17 13:32:32][PID=22980][TID=8232] free_shm leave
[2026-03-17 19:26:40][PID=22208][TID=21616] get_shm enter: targetPid=28232 create=1
[2026-03-17 19:26:40][PID=22208][TID=21616] names: local=Local\{385FC524-96E3-4839-9909-1F2135D4F928} | global=Global\{385FC524-96E3-4839-9909-1F2135D4F928}
[2026-03-17 19:26:40][PID=22208][TID=21616] OpenFileMapping(local) => handle=00000000 err=2
[2026-03-17 19:26:40][PID=22208][TID=21616] OpenFileMapping(global) => handle=00000000 err=2
[2026-03-17 19:26:40][PID=22208][TID=21616] CreateFileMapping(local) => handle=00000B28 err=0
[2026-03-17 19:26:40][PID=22208][TID=21616] MapViewOfFile => ptr=11CF0000 err=183
[2026-03-17 19:26:40][PID=22208][TID=21616] get_shm success: shm_pid=28232
[2026-03-17 19:26:40][PID=28232][TID=38148] get_shm enter: targetPid=28232 create=0
[2026-03-17 19:26:40][PID=28232][TID=38148] names: local=Local\{385FC524-96E3-4839-9909-1F2135D4F928} | global=Global\{385FC524-96E3-4839-9909-1F2135D4F928}
[2026-03-17 19:26:40][PID=28232][TID=38148] OpenFileMapping(local) => handle=00000304 err=183
[2026-03-17 19:26:40][PID=28232][TID=38148] MapViewOfFile => ptr=01590000 err=183
[2026-03-17 19:26:40][PID=28232][TID=38148] get_shm success: shm_pid=28232
[2026-03-17 19:26:40][PID=28232][TID=38148] free_shm enter: ptr=01590000 handle=00000304 shm_pid=28232
[2026-03-17 19:26:40][PID=28232][TID=38148] UnmapViewOfFile done
[2026-03-17 19:26:40][PID=28232][TID=38148] CloseHandle done
[2026-03-17 19:26:40][PID=28232][TID=38148] free_shm leave
[2026-03-17 19:26:51][PID=22208][TID=21616] get_shm enter: targetPid=43124 create=1
[2026-03-17 19:26:51][PID=22208][TID=21616] pid changed: old=28232 new=43124, free old mapping
[2026-03-17 19:26:51][PID=22208][TID=21616] free_shm enter: ptr=11CF0000 handle=00000B28 shm_pid=28232
[2026-03-17 19:26:51][PID=22208][TID=21616] UnmapViewOfFile done
[2026-03-17 19:26:51][PID=22208][TID=21616] CloseHandle done
[2026-03-17 19:26:51][PID=22208][TID=21616] free_shm leave
[2026-03-17 19:26:51][PID=22208][TID=21616] names: local=Local\{385FC524-96E3-4839-9909-1F2135D4F928} | global=Global\{385FC524-96E3-4839-9909-1F2135D4F928}
[2026-03-17 19:26:51][PID=22208][TID=21616] OpenFileMapping(local) => handle=00000000 err=2
[2026-03-17 19:26:51][PID=22208][TID=21616] OpenFileMapping(global) => handle=00000000 err=2
[2026-03-17 19:26:51][PID=22208][TID=21616] CreateFileMapping(local) => handle=00000B34 err=0
[2026-03-17 19:26:51][PID=22208][TID=21616] MapViewOfFile => ptr=06340000 err=183
[2026-03-17 19:26:51][PID=22208][TID=21616] get_shm success: shm_pid=43124
[2026-03-17 19:26:51][PID=43124][TID=25156] get_shm enter: targetPid=43124 create=0
[2026-03-17 19:26:51][PID=43124][TID=25156] names: local=Local\{385FC524-96E3-4839-9909-1F2135D4F928} | global=Global\{385FC524-96E3-4839-9909-1F2135D4F928}
[2026-03-17 19:26:51][PID=43124][TID=25156] OpenFileMapping(local) => handle=000002DC err=183
[2026-03-17 19:26:51][PID=43124][TID=25156] MapViewOfFile => ptr=015E0000 err=183
[2026-03-17 19:26:51][PID=43124][TID=25156] get_shm success: shm_pid=43124
[2026-03-17 19:26:51][PID=43124][TID=25156] free_shm enter: ptr=015E0000 handle=000002DC shm_pid=43124
[2026-03-17 19:26:51][PID=43124][TID=25156] UnmapViewOfFile done
[2026-03-17 19:26:51][PID=43124][TID=25156] CloseHandle done
[2026-03-17 19:26:51][PID=43124][TID=25156] free_shm leave
[2026-03-17 19:59:15][PID=22288][TID=28320] get_shm enter: targetPid=31660 create=1
[2026-03-17 19:59:15][PID=22288][TID=28320] names: local=Local\{385FC524-96E3-4839-9909-1F2135D4F928} | global=Global\{385FC524-96E3-4839-9909-1F2135D4F928}
[2026-03-17 19:59:15][PID=22288][TID=28320] OpenFileMapping(local) => handle=00000000 err=2
[2026-03-17 19:59:15][PID=22288][TID=28320] OpenFileMapping(global) => handle=00000000 err=2
[2026-03-17 19:59:15][PID=22288][TID=28320] CreateFileMapping(local) => handle=00000B60 err=0
[2026-03-17 19:59:15][PID=22288][TID=28320] MapViewOfFile => ptr=05BD0000 err=183
[2026-03-17 19:59:15][PID=22288][TID=28320] get_shm success: shm_pid=31660
[2026-03-17 19:59:15][PID=31660][TID=16628] get_shm enter: targetPid=31660 create=0
[2026-03-17 19:59:15][PID=31660][TID=16628] names: local=Local\{385FC524-96E3-4839-9909-1F2135D4F928} | global=Global\{385FC524-96E3-4839-9909-1F2135D4F928}
[2026-03-17 19:59:15][PID=31660][TID=16628] OpenFileMapping(local) => handle=00000304 err=183
[2026-03-17 19:59:15][PID=31660][TID=16628] MapViewOfFile => ptr=01A30000 err=183
[2026-03-17 19:59:15][PID=31660][TID=16628] get_shm success: shm_pid=31660
[2026-03-17 19:59:15][PID=31660][TID=16628] free_shm enter: ptr=01A30000 handle=00000304 shm_pid=31660
[2026-03-17 19:59:15][PID=31660][TID=16628] UnmapViewOfFile done
[2026-03-17 19:59:15][PID=31660][TID=16628] CloseHandle done
[2026-03-17 19:59:15][PID=31660][TID=16628] free_shm leave
[2026-03-17 20:17:48][PID=15820][TID=26372] get_shm enter: targetPid=14748 create=1
[2026-03-17 20:17:48][PID=15820][TID=26372] names: local=Local\{385FC524-96E3-4839-9909-1F2135D4F928} | global=Global\{385FC524-96E3-4839-9909-1F2135D4F928}
[2026-03-17 20:17:48][PID=15820][TID=26372] OpenFileMapping(local) => handle=00000000 err=2
[2026-03-17 20:17:48][PID=15820][TID=26372] OpenFileMapping(global) => handle=00000000 err=2
[2026-03-17 20:17:48][PID=15820][TID=26372] CreateFileMapping(local) => handle=00000B6C err=0
[2026-03-17 20:17:48][PID=15820][TID=26372] MapViewOfFile => ptr=05F40000 err=183
[2026-03-17 20:17:48][PID=15820][TID=26372] get_shm success: shm_pid=14748
[2026-03-17 20:17:48][PID=14748][TID=39600] get_shm enter: targetPid=14748 create=0
[2026-03-17 20:17:48][PID=14748][TID=39600] names: local=Local\{385FC524-96E3-4839-9909-1F2135D4F928} | global=Global\{385FC524-96E3-4839-9909-1F2135D4F928}
[2026-03-17 20:17:48][PID=14748][TID=39600] OpenFileMapping(local) => handle=00000308 err=183
[2026-03-17 20:17:48][PID=14748][TID=39600] MapViewOfFile => ptr=015D0000 err=183
[2026-03-17 20:17:48][PID=14748][TID=39600] get_shm success: shm_pid=14748
[2026-03-17 20:17:48][PID=14748][TID=39600] free_shm enter: ptr=015D0000 handle=00000308 shm_pid=14748
[2026-03-17 20:17:48][PID=14748][TID=39600] UnmapViewOfFile done
[2026-03-17 20:17:48][PID=14748][TID=39600] CloseHandle done
[2026-03-17 20:17:48][PID=14748][TID=39600] free_shm leave
[2026-03-17 20:36:36][PID=9596][TID=30572] get_shm enter: targetPid=24460 create=1
[2026-03-17 20:36:36][PID=9596][TID=30572] names: local=Local\{385FC524-96E3-4839-9909-1F2135D4F928} | global=Global\{385FC524-96E3-4839-9909-1F2135D4F928}
[2026-03-17 20:36:36][PID=9596][TID=30572] OpenFileMapping(local) => handle=00000000 err=2
[2026-03-17 20:36:36][PID=9596][TID=30572] OpenFileMapping(global) => handle=00000000 err=2
[2026-03-17 20:36:36][PID=9596][TID=30572] CreateFileMapping(local) => handle=00000B78 err=0
[2026-03-17 20:36:36][PID=9596][TID=30572] MapViewOfFile => ptr=12370000 err=183
[2026-03-17 20:36:36][PID=9596][TID=30572] get_shm success: shm_pid=24460
[2026-03-17 20:36:36][PID=24460][TID=10772] get_shm enter: targetPid=24460 create=0
[2026-03-17 20:36:36][PID=24460][TID=10772] names: local=Local\{385FC524-96E3-4839-9909-1F2135D4F928} | global=Global\{385FC524-96E3-4839-9909-1F2135D4F928}
[2026-03-17 20:36:36][PID=24460][TID=10772] OpenFileMapping(local) => handle=000000A0 err=183
[2026-03-17 20:36:36][PID=24460][TID=10772] MapViewOfFile => ptr=01550000 err=183
[2026-03-17 20:36:36][PID=24460][TID=10772] get_shm success: shm_pid=24460
[2026-03-17 20:36:36][PID=24460][TID=10772] free_shm enter: ptr=01550000 handle=000000A0 shm_pid=24460
[2026-03-17 20:36:36][PID=24460][TID=10772] UnmapViewOfFile done
[2026-03-17 20:36:36][PID=24460][TID=10772] CloseHandle done
[2026-03-17 20:36:36][PID=24460][TID=10772] free_shm leave
[2026-03-17 20:42:22][PID=35660][TID=41448] get_shm enter: targetPid=39272 create=1
[2026-03-17 20:42:22][PID=35660][TID=41448] names: local=Local\{385FC524-96E3-4839-9909-1F2135D4F928} | global=Global\{385FC524-96E3-4839-9909-1F2135D4F928}
[2026-03-17 20:42:22][PID=35660][TID=41448] OpenFileMapping(local) => handle=00000000 err=2
[2026-03-17 20:42:22][PID=35660][TID=41448] OpenFileMapping(global) => handle=00000000 err=2
[2026-03-17 20:42:22][PID=35660][TID=41448] CreateFileMapping(local) => handle=00000B68 err=0
[2026-03-17 20:42:22][PID=35660][TID=41448] MapViewOfFile => ptr=100B0000 err=183
[2026-03-17 20:42:22][PID=35660][TID=41448] get_shm success: shm_pid=39272
[2026-03-17 20:42:22][PID=39272][TID=33820] get_shm enter: targetPid=39272 create=0
[2026-03-17 20:42:22][PID=39272][TID=33820] names: local=Local\{385FC524-96E3-4839-9909-1F2135D4F928} | global=Global\{385FC524-96E3-4839-9909-1F2135D4F928}
[2026-03-17 20:42:22][PID=39272][TID=33820] OpenFileMapping(local) => handle=00000304 err=183
[2026-03-17 20:42:22][PID=39272][TID=33820] MapViewOfFile => ptr=01370000 err=183
[2026-03-17 20:42:22][PID=39272][TID=33820] get_shm success: shm_pid=39272
[2026-03-17 20:42:22][PID=39272][TID=33820] free_shm enter: ptr=01370000 handle=00000304 shm_pid=39272
[2026-03-17 20:42:22][PID=39272][TID=33820] UnmapViewOfFile done
[2026-03-17 20:42:22][PID=39272][TID=33820] CloseHandle done
[2026-03-17 20:42:22][PID=39272][TID=33820] free_shm leave
[2026-03-17 20:53:38][PID=33400][TID=44192] get_shm enter: targetPid=42844 create=1
[2026-03-17 20:53:38][PID=33400][TID=44192] names: local=Local\{385FC524-96E3-4839-9909-1F2135D4F928} | global=Global\{385FC524-96E3-4839-9909-1F2135D4F928}
[2026-03-17 20:53:38][PID=33400][TID=44192] OpenFileMapping(local) => handle=00000000 err=2
[2026-03-17 20:53:38][PID=33400][TID=44192] OpenFileMapping(global) => handle=00000000 err=2
[2026-03-17 20:53:38][PID=33400][TID=44192] CreateFileMapping(local) => handle=00000B50 err=0
[2026-03-17 20:53:38][PID=33400][TID=44192] MapViewOfFile => ptr=11300000 err=183
[2026-03-17 20:53:38][PID=33400][TID=44192] get_shm success: shm_pid=42844
[2026-03-17 20:53:38][PID=42844][TID=6924] get_shm enter: targetPid=42844 create=0
[2026-03-17 20:53:38][PID=42844][TID=6924] names: local=Local\{385FC524-96E3-4839-9909-1F2135D4F928} | global=Global\{385FC524-96E3-4839-9909-1F2135D4F928}
[2026-03-17 20:53:38][PID=42844][TID=6924] OpenFileMapping(local) => handle=00000304 err=183
[2026-03-17 20:53:38][PID=42844][TID=6924] MapViewOfFile => ptr=016F0000 err=183
[2026-03-17 20:53:38][PID=42844][TID=6924] get_shm success: shm_pid=42844
[2026-03-17 20:53:38][PID=42844][TID=6924] free_shm enter: ptr=016F0000 handle=00000304 shm_pid=42844
[2026-03-17 20:53:38][PID=42844][TID=6924] UnmapViewOfFile done
[2026-03-17 20:53:38][PID=42844][TID=6924] CloseHandle done
[2026-03-17 20:53:38][PID=42844][TID=6924] free_shm leave
[2026-03-17 20:54:45][PID=33400][TID=44192] get_shm enter: targetPid=30936 create=1
[2026-03-17 20:54:45][PID=33400][TID=44192] pid changed: old=42844 new=30936, free old mapping
[2026-03-17 20:54:45][PID=33400][TID=44192] free_shm enter: ptr=11300000 handle=00000B50 shm_pid=42844
[2026-03-17 20:54:45][PID=33400][TID=44192] UnmapViewOfFile done
[2026-03-17 20:54:45][PID=33400][TID=44192] CloseHandle done
[2026-03-17 20:54:45][PID=33400][TID=44192] free_shm leave
[2026-03-17 20:54:45][PID=33400][TID=44192] names: local=Local\{385FC524-96E3-4839-9909-1F2135D4F928} | global=Global\{385FC524-96E3-4839-9909-1F2135D4F928}
[2026-03-17 20:54:45][PID=33400][TID=44192] OpenFileMapping(local) => handle=00000000 err=2
[2026-03-17 20:54:45][PID=33400][TID=44192] OpenFileMapping(global) => handle=00000000 err=2
[2026-03-17 20:54:45][PID=33400][TID=44192] CreateFileMapping(local) => handle=00000B8C err=0
[2026-03-17 20:54:45][PID=33400][TID=44192] MapViewOfFile => ptr=00970000 err=183
[2026-03-17 20:54:45][PID=33400][TID=44192] get_shm success: shm_pid=30936
[2026-03-17 20:54:45][PID=30936][TID=19500] get_shm enter: targetPid=30936 create=0
[2026-03-17 20:54:45][PID=30936][TID=19500] names: local=Local\{385FC524-96E3-4839-9909-1F2135D4F928} | global=Global\{385FC524-96E3-4839-9909-1F2135D4F928}
[2026-03-17 20:54:45][PID=30936][TID=19500] OpenFileMapping(local) => handle=000000E4 err=183
[2026-03-17 20:54:45][PID=30936][TID=19500] MapViewOfFile => ptr=015E0000 err=183
[2026-03-17 20:54:45][PID=30936][TID=19500] get_shm success: shm_pid=30936
[2026-03-17 20:54:45][PID=30936][TID=19500] free_shm enter: ptr=015E0000 handle=000000E4 shm_pid=30936
[2026-03-17 20:54:45][PID=30936][TID=19500] UnmapViewOfFile done
[2026-03-17 20:54:45][PID=30936][TID=19500] CloseHandle done
[2026-03-17 20:54:45][PID=30936][TID=19500] free_shm leave
[2026-03-17 21:53:04][PID=30044][TID=29952] get_shm enter: targetPid=30044 create=0
[2026-03-17 21:53:04][PID=30044][TID=29952] names: local=Local\{385FC524-96E3-4839-9909-1F2135D4F928} | global=Global\{385FC524-96E3-4839-9909-1F2135D4F928}
[2026-03-17 21:53:04][PID=30044][TID=29952] OpenFileMapping(local) => handle=00000000 err=2
[2026-03-17 21:53:04][PID=30044][TID=29952] OpenFileMapping(global) => handle=00000000 err=2
[2026-03-17 21:53:04][PID=30044][TID=29952] open failed and create=false, start retry...
[2026-03-17 21:53:10][PID=30044][TID=29952] retry failed after 50 attempts, lastErr=2
[2026-03-17 21:53:10][PID=30044][TID=29952] get_shm fail: mapping handle is NULL, lastErr=183
[2026-03-17 21:53:40][PID=16344][TID=45184] get_shm enter: targetPid=16344 create=0
[2026-03-17 21:53:40][PID=16344][TID=45184] names: local=Local\{385FC524-96E3-4839-9909-1F2135D4F928} | global=Global\{385FC524-96E3-4839-9909-1F2135D4F928}
[2026-03-17 21:53:40][PID=16344][TID=45184] OpenFileMapping(local) => handle=00000000 err=2
[2026-03-17 21:53:40][PID=16344][TID=45184] OpenFileMapping(global) => handle=00000000 err=2
[2026-03-17 21:53:40][PID=16344][TID=45184] open failed and create=false, start retry...
[2026-03-17 21:53:45][PID=16344][TID=45184] retry failed after 50 attempts, lastErr=2
[2026-03-17 21:53:45][PID=16344][TID=45184] get_shm fail: mapping handle is NULL, lastErr=183
[2026-03-17 22:13:51][PID=21668][TID=38224] get_shm enter: targetPid=26892 create=1
[2026-03-17 22:13:51][PID=21668][TID=38224] names: local=Local\{385FC524-96E3-4839-9909-1F2135D4F928} | global=Global\{385FC524-96E3-4839-9909-1F2135D4F928}
[2026-03-17 22:13:51][PID=21668][TID=38224] OpenFileMapping(local) => handle=00000000 err=2
[2026-03-17 22:13:51][PID=21668][TID=38224] OpenFileMapping(global) => handle=00000000 err=2
[2026-03-17 22:13:51][PID=21668][TID=38224] CreateFileMapping(local) => handle=00000B50 err=0
[2026-03-17 22:13:51][PID=21668][TID=38224] MapViewOfFile => ptr=11750000 err=183
[2026-03-17 22:13:51][PID=21668][TID=38224] get_shm success: shm_pid=26892
[2026-03-17 22:13:58][PID=21668][TID=38224] get_shm enter: targetPid=6252 create=1
[2026-03-17 22:13:58][PID=21668][TID=38224] pid changed: old=26892 new=6252, free old mapping
[2026-03-17 22:13:58][PID=21668][TID=38224] free_shm enter: ptr=11750000 handle=00000B50 shm_pid=26892
[2026-03-17 22:13:58][PID=21668][TID=38224] UnmapViewOfFile done
[2026-03-17 22:13:58][PID=21668][TID=38224] CloseHandle done
[2026-03-17 22:13:58][PID=21668][TID=38224] free_shm leave
[2026-03-17 22:13:58][PID=21668][TID=38224] names: local=Local\{385FC524-96E3-4839-9909-1F2135D4F928} | global=Global\{385FC524-96E3-4839-9909-1F2135D4F928}
[2026-03-17 22:13:58][PID=21668][TID=38224] OpenFileMapping(local) => handle=00000000 err=2
[2026-03-17 22:13:58][PID=21668][TID=38224] OpenFileMapping(global) => handle=00000000 err=2
[2026-03-17 22:13:58][PID=21668][TID=38224] CreateFileMapping(local) => handle=00000B50 err=0
[2026-03-17 22:13:58][PID=21668][TID=38224] MapViewOfFile => ptr=05780000 err=183
[2026-03-17 22:13:58][PID=21668][TID=38224] get_shm success: shm_pid=6252
[2026-03-17 22:14:17][PID=21668][TID=38224] get_shm enter: targetPid=20388 create=1
[2026-03-17 22:14:17][PID=21668][TID=38224] pid changed: old=6252 new=20388, free old mapping
[2026-03-17 22:14:17][PID=21668][TID=38224] free_shm enter: ptr=05780000 handle=00000B50 shm_pid=6252
[2026-03-17 22:14:17][PID=21668][TID=38224] UnmapViewOfFile done
[2026-03-17 22:14:17][PID=21668][TID=38224] CloseHandle done
[2026-03-17 22:14:17][PID=21668][TID=38224] free_shm leave
[2026-03-17 22:14:17][PID=21668][TID=38224] names: local=Local\{385FC524-96E3-4839-9909-1F2135D4F928} | global=Global\{385FC524-96E3-4839-9909-1F2135D4F928}
[2026-03-17 22:14:17][PID=21668][TID=38224] OpenFileMapping(local) => handle=00000000 err=2
[2026-03-17 22:14:17][PID=21668][TID=38224] OpenFileMapping(global) => handle=00000000 err=2
[2026-03-17 22:14:17][PID=21668][TID=38224] CreateFileMapping(local) => handle=00000B74 err=0
[2026-03-17 22:14:17][PID=21668][TID=38224] MapViewOfFile => ptr=05780000 err=183
[2026-03-17 22:14:17][PID=21668][TID=38224] get_shm success: shm_pid=20388
[2026-03-17 22:33:54][PID=43272][TID=2596] get_shm enter: targetPid=43272 create=0
[2026-03-17 22:33:54][PID=43272][TID=2596] names: local=Local\{385FC524-96E3-4839-9909-1F2135D4F928} | global=Global\{385FC524-96E3-4839-9909-1F2135D4F928}
[2026-03-17 22:33:54][PID=43272][TID=2596] OpenFileMapping(local) => handle=00000000 err=2
[2026-03-17 22:33:54][PID=43272][TID=2596] OpenFileMapping(global) => handle=00000000 err=2
[2026-03-17 22:33:54][PID=43272][TID=2596] open failed and create=false, start retry...
[2026-03-17 22:33:59][PID=43272][TID=2596] retry failed after 50 attempts, lastErr=2
[2026-03-17 22:33:59][PID=43272][TID=2596] get_shm fail: mapping handle is NULL, lastErr=183
[2026-03-17 22:35:10][PID=44588][TID=27044] get_shm enter: targetPid=44588 create=0
[2026-03-17 22:35:10][PID=44588][TID=27044] names: local=Local\{385FC524-96E3-4839-9909-1F2135D4F928} | global=Global\{385FC524-96E3-4839-9909-1F2135D4F928}
[2026-03-17 22:35:10][PID=44588][TID=27044] OpenFileMapping(local) => handle=00000000 err=2
[2026-03-17 22:35:10][PID=44588][TID=27044] OpenFileMapping(global) => handle=00000000 err=2
[2026-03-17 22:35:10][PID=44588][TID=27044] open failed and create=false, start retry...
[2026-03-17 22:35:15][PID=44588][TID=27044] retry failed after 50 attempts, lastErr=2
[2026-03-17 22:35:15][PID=44588][TID=27044] get_shm fail: mapping handle is NULL, lastErr=183
[2026-03-17 22:56:44][PID=7988][TID=44588] get_shm enter: targetPid=7988 create=0
[2026-03-17 22:56:44][PID=7988][TID=44588] names: local=Local\{385FC524-96E3-4839-9909-1F2135D4F928} | global=Global\{385FC524-96E3-4839-9909-1F2135D4F928}
[2026-03-17 22:56:44][PID=7988][TID=44588] OpenFileMapping(local) => handle=00000000 err=2
[2026-03-17 22:56:44][PID=7988][TID=44588] OpenFileMapping(global) => handle=00000000 err=2
[2026-03-17 22:56:44][PID=7988][TID=44588] open failed and create=false, start retry...
[2026-03-17 22:56:49][PID=7988][TID=44588] retry failed after 50 attempts, lastErr=2
[2026-03-17 22:56:49][PID=7988][TID=44588] get_shm fail: mapping handle is NULL, lastErr=183
[2026-03-17 23:07:34][PID=44976][TID=22432] get_shm enter: targetPid=25400 create=1
[2026-03-17 23:07:34][PID=44976][TID=22432] names: local=Local\{385FC524-96E3-4839-9909-1F2135D4F928} | global=Global\{385FC524-96E3-4839-9909-1F2135D4F928}
[2026-03-17 23:07:34][PID=44976][TID=22432] OpenFileMapping(local) => handle=00000000 err=2
[2026-03-17 23:07:34][PID=44976][TID=22432] OpenFileMapping(global) => handle=00000000 err=2
[2026-03-17 23:07:34][PID=44976][TID=22432] CreateFileMapping(local) => handle=00000AF8 err=0
[2026-03-17 23:07:34][PID=44976][TID=22432] MapViewOfFile => ptr=10B40000 err=183
[2026-03-17 23:07:34][PID=44976][TID=22432] get_shm success: shm_pid=25400
[2026-03-17 23:07:34][PID=44976][TID=22432] get_shm enter: targetPid=44976 create=0
[2026-03-17 23:07:34][PID=44976][TID=22432] names: local=Local\{385FC524-96E3-4839-9909-1F2135D4F928} | global=Global\{385FC524-96E3-4839-9909-1F2135D4F928}
[2026-03-17 23:07:34][PID=44976][TID=22432] OpenFileMapping(local) => handle=00000B10 err=183
[2026-03-17 23:07:34][PID=44976][TID=22432] MapViewOfFile => ptr=10E10000 err=183
[2026-03-17 23:07:34][PID=44976][TID=22432] get_shm success: shm_pid=44976
[2026-03-17 23:07:34][PID=44976][TID=22432] free_shm enter: ptr=10E10000 handle=00000B10 shm_pid=44976
[2026-03-17 23:07:34][PID=44976][TID=22432] UnmapViewOfFile done
[2026-03-17 23:07:34][PID=44976][TID=22432] CloseHandle done
[2026-03-17 23:07:34][PID=44976][TID=22432] free_shm leave
[2026-03-17 23:56:36][PID=45432][TID=32056] get_shm enter: targetPid=25620 create=1
[2026-03-17 23:56:36][PID=45432][TID=32056] names: local=Local\{385FC524-96E3-4839-9909-1F2135D4F928} | global=Global\{385FC524-96E3-4839-9909-1F2135D4F928}
[2026-03-17 23:56:36][PID=45432][TID=32056] OpenFileMapping(local) => handle=00000000 err=2
[2026-03-17 23:56:36][PID=45432][TID=32056] OpenFileMapping(global) => handle=00000000 err=2
[2026-03-17 23:56:36][PID=45432][TID=32056] CreateFileMapping(local) => handle=00000B24 err=0
[2026-03-17 23:56:36][PID=45432][TID=32056] MapViewOfFile => ptr=05500000 err=183
[2026-03-17 23:56:36][PID=45432][TID=32056] get_shm success: shm_pid=25620
[2026-03-17 23:56:36][PID=45432][TID=32056] get_shm enter: targetPid=45432 create=0
[2026-03-17 23:56:36][PID=45432][TID=32056] names: local=Local\{385FC524-96E3-4839-9909-1F2135D4F928} | global=Global\{385FC524-96E3-4839-9909-1F2135D4F928}
[2026-03-17 23:56:36][PID=45432][TID=32056] OpenFileMapping(local) => handle=00000AC8 err=183
[2026-03-17 23:56:36][PID=45432][TID=32056] MapViewOfFile => ptr=05530000 err=183
[2026-03-17 23:56:36][PID=45432][TID=32056] get_shm success: shm_pid=45432
[2026-03-17 23:56:36][PID=45432][TID=32056] free_shm enter: ptr=05530000 handle=00000AC8 shm_pid=45432
[2026-03-17 23:56:36][PID=45432][TID=32056] UnmapViewOfFile done
[2026-03-17 23:56:36][PID=45432][TID=32056] CloseHandle done
[2026-03-17 23:56:36][PID=45432][TID=32056] free_shm leave
[2026-03-18 11:42:12][PID=37808][TID=36288] get_shm enter: targetPid=37524 create=1
[2026-03-18 11:42:12][PID=37808][TID=36288] names: local=Local\{385FC524-96E3-4839-9909-1F2135D4F928} | global=Global\{385FC524-96E3-4839-9909-1F2135D4F928}
[2026-03-18 11:42:12][PID=37808][TID=36288] OpenFileMapping(local) => handle=00000000 err=2
[2026-03-18 11:42:12][PID=37808][TID=36288] OpenFileMapping(global) => handle=00000000 err=2
[2026-03-18 11:42:12][PID=37808][TID=36288] CreateFileMapping(local) => handle=00000AF4 err=0
[2026-03-18 11:42:12][PID=37808][TID=36288] MapViewOfFile => ptr=06000000 err=183
[2026-03-18 11:42:12][PID=37808][TID=36288] get_shm success: shm_pid=37524
[2026-03-18 11:42:12][PID=37808][TID=36288] get_shm enter: targetPid=37808 create=0
[2026-03-18 11:42:12][PID=37808][TID=36288] names: local=Local\{385FC524-96E3-4839-9909-1F2135D4F928} | global=Global\{385FC524-96E3-4839-9909-1F2135D4F928}
[2026-03-18 11:42:12][PID=37808][TID=36288] OpenFileMapping(local) => handle=00000AC4 err=183
[2026-03-18 11:42:12][PID=37808][TID=36288] MapViewOfFile => ptr=06160000 err=183
[2026-03-18 11:42:12][PID=37808][TID=36288] get_shm success: shm_pid=37808
[2026-03-18 11:42:12][PID=37808][TID=36288] free_shm enter: ptr=06160000 handle=00000AC4 shm_pid=37808
[2026-03-18 11:42:12][PID=37808][TID=36288] UnmapViewOfFile done
[2026-03-18 11:42:12][PID=37808][TID=36288] CloseHandle done
[2026-03-18 11:42:12][PID=37808][TID=36288] free_shm leave
[2026-03-18 11:42:22][PID=37808][TID=36288] get_shm enter: targetPid=23540 create=1
[2026-03-18 11:42:22][PID=37808][TID=36288] pid changed: old=37524 new=23540, free old mapping
[2026-03-18 11:42:22][PID=37808][TID=36288] free_shm enter: ptr=06000000 handle=00000AF4 shm_pid=37524
[2026-03-18 11:42:22][PID=37808][TID=36288] UnmapViewOfFile done
[2026-03-18 11:42:22][PID=37808][TID=36288] CloseHandle done
[2026-03-18 11:42:22][PID=37808][TID=36288] free_shm leave
[2026-03-18 11:42:22][PID=37808][TID=36288] names: local=Local\{385FC524-96E3-4839-9909-1F2135D4F928} | global=Global\{385FC524-96E3-4839-9909-1F2135D4F928}
[2026-03-18 11:42:22][PID=37808][TID=36288] OpenFileMapping(local) => handle=00000000 err=2
[2026-03-18 11:42:22][PID=37808][TID=36288] OpenFileMapping(global) => handle=00000000 err=2
[2026-03-18 11:42:22][PID=37808][TID=36288] CreateFileMapping(local) => handle=00000BD8 err=0
[2026-03-18 11:42:22][PID=37808][TID=36288] MapViewOfFile => ptr=06000000 err=183
[2026-03-18 11:42:22][PID=37808][TID=36288] get_shm success: shm_pid=23540
[2026-03-18 11:42:22][PID=37808][TID=36288] get_shm enter: targetPid=37808 create=0
[2026-03-18 11:42:22][PID=37808][TID=36288] names: local=Local\{385FC524-96E3-4839-9909-1F2135D4F928} | global=Global\{385FC524-96E3-4839-9909-1F2135D4F928}
[2026-03-18 11:42:22][PID=37808][TID=36288] OpenFileMapping(local) => handle=00000AD0 err=183
[2026-03-18 11:42:22][PID=37808][TID=36288] MapViewOfFile => ptr=061A0000 err=183
[2026-03-18 11:42:22][PID=37808][TID=36288] get_shm success: shm_pid=37808
[2026-03-18 11:42:22][PID=37808][TID=36288] free_shm enter: ptr=061A0000 handle=00000AD0 shm_pid=37808
[2026-03-18 11:42:22][PID=37808][TID=36288] UnmapViewOfFile done
[2026-03-18 11:42:22][PID=37808][TID=36288] CloseHandle done
[2026-03-18 11:42:22][PID=37808][TID=36288] free_shm leave
[2026-03-18 12:17:02][PID=16612][TID=7652] get_shm enter: targetPid=1004 create=1
[2026-03-18 12:17:02][PID=16612][TID=7652] names: local=Local\{385FC524-96E3-4839-9909-1F2135D4F928} | global=Global\{385FC524-96E3-4839-9909-1F2135D4F928}
[2026-03-18 12:17:02][PID=16612][TID=7652] OpenFileMapping(local) => handle=00000000 err=2
[2026-03-18 12:17:02][PID=16612][TID=7652] OpenFileMapping(global) => handle=00000000 err=2
[2026-03-18 12:17:02][PID=16612][TID=7652] CreateFileMapping(local) => handle=00000A00 err=0
[2026-03-18 12:17:02][PID=16612][TID=7652] MapViewOfFile => ptr=11C00000 err=183
[2026-03-18 12:17:02][PID=16612][TID=7652] get_shm success: shm_pid=1004
[2026-03-18 12:17:02][PID=16612][TID=7652] get_shm enter: targetPid=16612 create=0
[2026-03-18 12:17:02][PID=16612][TID=7652] names: local=Local\{385FC524-96E3-4839-9909-1F2135D4F928} | global=Global\{385FC524-96E3-4839-9909-1F2135D4F928}
[2026-03-18 12:17:03][PID=16612][TID=7652] OpenFileMapping(local) => handle=00000B10 err=183
[2026-03-18 12:17:03][PID=16612][TID=7652] MapViewOfFile => ptr=11DE0000 err=183
[2026-03-18 12:17:03][PID=16612][TID=7652] get_shm success: shm_pid=16612
[2026-03-18 12:17:03][PID=16612][TID=7652] free_shm enter: ptr=11DE0000 handle=00000B10 shm_pid=16612
[2026-03-18 12:17:03][PID=16612][TID=7652] UnmapViewOfFile done
[2026-03-18 12:17:03][PID=16612][TID=7652] CloseHandle done
[2026-03-18 12:17:03][PID=16612][TID=7652] free_shm leave
[2026-03-18 12:17:05][PID=1004][TID=22112] get_shm enter: targetPid=1004 create=0
[2026-03-18 12:17:05][PID=1004][TID=22112] names: local=Local\{385FC524-96E3-4839-9909-1F2135D4F928} | global=Global\{385FC524-96E3-4839-9909-1F2135D4F928}
[2026-03-18 12:17:05][PID=1004][TID=22112] OpenFileMapping(local) => handle=00000300 err=183
[2026-03-18 12:17:05][PID=1004][TID=22112] MapViewOfFile => ptr=03020000 err=183
[2026-03-18 12:17:05][PID=1004][TID=22112] get_shm success: shm_pid=1004
[2026-03-18 12:17:05][PID=1004][TID=22112] free_shm enter: ptr=03020000 handle=00000300 shm_pid=1004
[2026-03-18 12:17:05][PID=1004][TID=22112] UnmapViewOfFile done
[2026-03-18 12:17:05][PID=1004][TID=22112] CloseHandle done
[2026-03-18 12:17:05][PID=1004][TID=22112] free_shm leave
[2026-03-18 12:23:56][PID=38596][TID=41272] get_shm enter: targetPid=45104 create=1
[2026-03-18 12:23:56][PID=38596][TID=41272] names: local=Local\{385FC524-96E3-4839-9909-1F2135D4F928} | global=Global\{385FC524-96E3-4839-9909-1F2135D4F928}
[2026-03-18 12:23:56][PID=38596][TID=41272] OpenFileMapping(local) => handle=00000000 err=2
[2026-03-18 12:23:56][PID=38596][TID=41272] OpenFileMapping(global) => handle=00000000 err=2
[2026-03-18 12:23:56][PID=38596][TID=41272] CreateFileMapping(local) => handle=00000B0C err=0
[2026-03-18 12:23:56][PID=38596][TID=41272] MapViewOfFile => ptr=05290000 err=183
[2026-03-18 12:23:56][PID=38596][TID=41272] get_shm success: shm_pid=45104
[2026-03-18 12:23:56][PID=38596][TID=41272] get_shm enter: targetPid=38596 create=0
[2026-03-18 12:23:56][PID=38596][TID=41272] names: local=Local\{385FC524-96E3-4839-9909-1F2135D4F928} | global=Global\{385FC524-96E3-4839-9909-1F2135D4F928}
[2026-03-18 12:23:56][PID=38596][TID=41272] OpenFileMapping(local) => handle=00000B10 err=183
[2026-03-18 12:23:56][PID=38596][TID=41272] MapViewOfFile => ptr=053F0000 err=183
[2026-03-18 12:23:56][PID=38596][TID=41272] get_shm success: shm_pid=38596
[2026-03-18 12:23:56][PID=38596][TID=41272] free_shm enter: ptr=053F0000 handle=00000B10 shm_pid=38596
[2026-03-18 12:23:56][PID=38596][TID=41272] UnmapViewOfFile done
[2026-03-18 12:23:56][PID=38596][TID=41272] CloseHandle done
[2026-03-18 12:23:56][PID=38596][TID=41272] free_shm leave
[2026-03-18 12:23:59][PID=45104][TID=40492] get_shm enter: targetPid=45104 create=0
[2026-03-18 12:23:59][PID=45104][TID=40492] names: local=Local\{385FC524-96E3-4839-9909-1F2135D4F928} | global=Global\{385FC524-96E3-4839-9909-1F2135D4F928}
[2026-03-18 12:23:59][PID=45104][TID=40492] OpenFileMapping(local) => handle=00000308 err=183
[2026-03-18 12:23:59][PID=45104][TID=40492] MapViewOfFile => ptr=03160000 err=183
[2026-03-18 12:23:59][PID=45104][TID=40492] get_shm success: shm_pid=45104
[2026-03-18 12:23:59][PID=45104][TID=40492] free_shm enter: ptr=03160000 handle=00000308 shm_pid=45104
[2026-03-18 12:23:59][PID=45104][TID=40492] UnmapViewOfFile done
[2026-03-18 12:23:59][PID=45104][TID=40492] CloseHandle done
[2026-03-18 12:23:59][PID=45104][TID=40492] free_shm leave
[2026-03-18 12:25:24][PID=38596][TID=41272] get_shm enter: targetPid=9876 create=1
[2026-03-18 12:25:24][PID=38596][TID=41272] pid changed: old=45104 new=9876, free old mapping
[2026-03-18 12:25:24][PID=38596][TID=41272] free_shm enter: ptr=05290000 handle=00000B0C shm_pid=45104
[2026-03-18 12:25:24][PID=38596][TID=41272] UnmapViewOfFile done
[2026-03-18 12:25:24][PID=38596][TID=41272] CloseHandle done
[2026-03-18 12:25:24][PID=38596][TID=41272] free_shm leave
[2026-03-18 12:25:24][PID=38596][TID=41272] names: local=Local\{385FC524-96E3-4839-9909-1F2135D4F928} | global=Global\{385FC524-96E3-4839-9909-1F2135D4F928}
[2026-03-18 12:25:24][PID=38596][TID=41272] OpenFileMapping(local) => handle=00000000 err=2
[2026-03-18 12:25:24][PID=38596][TID=41272] OpenFileMapping(global) => handle=00000000 err=2
[2026-03-18 12:25:24][PID=38596][TID=41272] CreateFileMapping(local) => handle=00000B0C err=0
[2026-03-18 12:25:24][PID=38596][TID=41272] MapViewOfFile => ptr=00D80000 err=183
[2026-03-18 12:25:24][PID=38596][TID=41272] get_shm success: shm_pid=9876
[2026-03-18 12:25:24][PID=38596][TID=41272] get_shm enter: targetPid=38596 create=0
[2026-03-18 12:25:24][PID=38596][TID=41272] names: local=Local\{385FC524-96E3-4839-9909-1F2135D4F928} | global=Global\{385FC524-96E3-4839-9909-1F2135D4F928}
[2026-03-18 12:25:24][PID=38596][TID=41272] OpenFileMapping(local) => handle=00000B50 err=183
[2026-03-18 12:25:24][PID=38596][TID=41272] MapViewOfFile => ptr=00F70000 err=183
[2026-03-18 12:25:24][PID=38596][TID=41272] get_shm success: shm_pid=38596
[2026-03-18 12:25:24][PID=38596][TID=41272] free_shm enter: ptr=00F70000 handle=00000B50 shm_pid=38596
[2026-03-18 12:25:24][PID=38596][TID=41272] UnmapViewOfFile done
[2026-03-18 12:25:24][PID=38596][TID=41272] CloseHandle done
[2026-03-18 12:25:24][PID=38596][TID=41272] free_shm leave
[2026-03-18 12:25:27][PID=9876][TID=29784] get_shm enter: targetPid=9876 create=0
[2026-03-18 12:25:27][PID=9876][TID=29784] names: local=Local\{385FC524-96E3-4839-9909-1F2135D4F928} | global=Global\{385FC524-96E3-4839-9909-1F2135D4F928}
[2026-03-18 12:25:27][PID=9876][TID=29784] OpenFileMapping(local) => handle=000002EC err=183
[2026-03-18 12:25:27][PID=9876][TID=29784] MapViewOfFile => ptr=01410000 err=183
[2026-03-18 12:25:27][PID=9876][TID=29784] get_shm success: shm_pid=9876
[2026-03-18 12:25:27][PID=9876][TID=29784] free_shm enter: ptr=01410000 handle=000002EC shm_pid=9876
[2026-03-18 12:25:27][PID=9876][TID=29784] UnmapViewOfFile done
[2026-03-18 12:25:27][PID=9876][TID=29784] CloseHandle done
[2026-03-18 12:25:27][PID=9876][TID=29784] free_shm leave
[2026-03-18 12:32:33][PID=37964][TID=44764] get_shm enter: targetPid=31660 create=1
[2026-03-18 12:32:33][PID=37964][TID=44764] names: local=Local\{385FC524-96E3-4839-9909-1F2135D4F928} | global=Global\{385FC524-96E3-4839-9909-1F2135D4F928}
[2026-03-18 12:32:33][PID=37964][TID=44764] OpenFileMapping(local) => handle=00000000 err=2
[2026-03-18 12:32:33][PID=37964][TID=44764] OpenFileMapping(global) => handle=00000000 err=2
[2026-03-18 12:32:33][PID=37964][TID=44764] CreateFileMapping(local) => handle=00000ACC err=0
[2026-03-18 12:32:33][PID=37964][TID=44764] MapViewOfFile => ptr=11DE0000 err=183
[2026-03-18 12:32:33][PID=37964][TID=44764] get_shm success: shm_pid=31660
[2026-03-18 12:32:33][PID=37964][TID=44764] get_shm enter: targetPid=37964 create=0
[2026-03-18 12:32:33][PID=37964][TID=44764] names: local=Local\{385FC524-96E3-4839-9909-1F2135D4F928} | global=Global\{385FC524-96E3-4839-9909-1F2135D4F928}
[2026-03-18 12:32:33][PID=37964][TID=44764] OpenFileMapping(local) => handle=00000B10 err=183
[2026-03-18 12:32:33][PID=37964][TID=44764] MapViewOfFile => ptr=11F60000 err=183
[2026-03-18 12:32:33][PID=37964][TID=44764] get_shm success: shm_pid=37964
[2026-03-18 12:32:33][PID=37964][TID=44764] free_shm enter: ptr=11F60000 handle=00000B10 shm_pid=37964
[2026-03-18 12:32:33][PID=37964][TID=44764] UnmapViewOfFile done
[2026-03-18 12:32:33][PID=37964][TID=44764] CloseHandle done
[2026-03-18 12:32:33][PID=37964][TID=44764] free_shm leave
[2026-03-18 12:32:36][PID=31660][TID=20380] get_shm enter: targetPid=31660 create=0
[2026-03-18 12:32:36][PID=31660][TID=20380] names: local=Local\{385FC524-96E3-4839-9909-1F2135D4F928} | global=Global\{385FC524-96E3-4839-9909-1F2135D4F928}
[2026-03-18 12:32:36][PID=31660][TID=20380] OpenFileMapping(local) => handle=0000030C err=183
[2026-03-18 12:32:36][PID=31660][TID=20380] MapViewOfFile => ptr=01B70000 err=183
[2026-03-18 12:32:36][PID=31660][TID=20380] get_shm success: shm_pid=31660
[2026-03-18 12:32:36][PID=31660][TID=20380] free_shm enter: ptr=01B70000 handle=0000030C shm_pid=31660
[2026-03-18 12:32:36][PID=31660][TID=20380] UnmapViewOfFile done
[2026-03-18 12:32:36][PID=31660][TID=20380] CloseHandle done
[2026-03-18 12:32:36][PID=31660][TID=20380] free_shm leave
[2026-03-18 12:36:53][PID=30960][TID=15612] get_shm enter: targetPid=40492 create=1
[2026-03-18 12:36:53][PID=30960][TID=15612] names: local=Local\{385FC524-96E3-4839-9909-1F2135D4F928} | global=Global\{385FC524-96E3-4839-9909-1F2135D4F928}
[2026-03-18 12:36:53][PID=30960][TID=15612] OpenFileMapping(local) => handle=00000000 err=2
[2026-03-18 12:36:53][PID=30960][TID=15612] OpenFileMapping(global) => handle=00000000 err=2
[2026-03-18 12:36:53][PID=30960][TID=15612] CreateFileMapping(local) => handle=00000B28 err=0
[2026-03-18 12:36:53][PID=30960][TID=15612] MapViewOfFile => ptr=06100000 err=183
[2026-03-18 12:36:53][PID=30960][TID=15612] get_shm success: shm_pid=40492
[2026-03-18 12:36:53][PID=30960][TID=15612] get_shm enter: targetPid=30960 create=0
[2026-03-18 12:36:53][PID=30960][TID=15612] names: local=Local\{385FC524-96E3-4839-9909-1F2135D4F928} | global=Global\{385FC524-96E3-4839-9909-1F2135D4F928}
[2026-03-18 12:36:53][PID=30960][TID=15612] OpenFileMapping(local) => handle=00000B2C err=183
[2026-03-18 12:36:53][PID=30960][TID=15612] MapViewOfFile => ptr=06260000 err=183
[2026-03-18 12:36:53][PID=30960][TID=15612] get_shm success: shm_pid=30960
[2026-03-18 12:36:53][PID=30960][TID=15612] free_shm enter: ptr=06260000 handle=00000B2C shm_pid=30960
[2026-03-18 12:36:53][PID=30960][TID=15612] UnmapViewOfFile done
[2026-03-18 12:36:53][PID=30960][TID=15612] CloseHandle done
[2026-03-18 12:36:53][PID=30960][TID=15612] free_shm leave
[2026-03-18 12:36:55][PID=40492][TID=19984] get_shm enter: targetPid=40492 create=0
[2026-03-18 12:36:55][PID=40492][TID=19984] names: local=Local\{385FC524-96E3-4839-9909-1F2135D4F928} | global=Global\{385FC524-96E3-4839-9909-1F2135D4F928}
[2026-03-18 12:36:55][PID=40492][TID=19984] OpenFileMapping(local) => handle=0000030C err=183
[2026-03-18 12:36:55][PID=40492][TID=19984] MapViewOfFile => ptr=015F0000 err=183
[2026-03-18 12:36:55][PID=40492][TID=19984] get_shm success: shm_pid=40492
[2026-03-18 12:36:55][PID=40492][TID=19984] free_shm enter: ptr=015F0000 handle=0000030C shm_pid=40492
[2026-03-18 12:36:55][PID=40492][TID=19984] UnmapViewOfFile done
[2026-03-18 12:36:55][PID=40492][TID=19984] CloseHandle done
[2026-03-18 12:36:55][PID=40492][TID=19984] free_shm leave
[2026-03-18 12:44:37][PID=43128][TID=37196] get_shm enter: targetPid=32432 create=1
[2026-03-18 12:44:37][PID=43128][TID=37196] names: local=Local\{385FC524-96E3-4839-9909-1F2135D4F928} | global=Global\{385FC524-96E3-4839-9909-1F2135D4F928}
[2026-03-18 12:44:37][PID=43128][TID=37196] OpenFileMapping(local) => handle=00000000 err=2
[2026-03-18 12:44:37][PID=43128][TID=37196] OpenFileMapping(global) => handle=00000000 err=2
[2026-03-18 12:44:37][PID=43128][TID=37196] CreateFileMapping(local) => handle=00000B1C err=0
[2026-03-18 12:44:37][PID=43128][TID=37196] MapViewOfFile => ptr=12000000 err=183
[2026-03-18 12:44:37][PID=43128][TID=37196] get_shm success: shm_pid=32432
[2026-03-18 12:44:37][PID=43128][TID=37196] get_shm enter: targetPid=43128 create=0
[2026-03-18 12:44:37][PID=43128][TID=37196] names: local=Local\{385FC524-96E3-4839-9909-1F2135D4F928} | global=Global\{385FC524-96E3-4839-9909-1F2135D4F928}
[2026-03-18 12:44:37][PID=43128][TID=37196] OpenFileMapping(local) => handle=00000B30 err=183
[2026-03-18 12:44:37][PID=43128][TID=37196] MapViewOfFile => ptr=12160000 err=183
[2026-03-18 12:44:37][PID=43128][TID=37196] get_shm success: shm_pid=43128
[2026-03-18 12:44:37][PID=43128][TID=37196] free_shm enter: ptr=12160000 handle=00000B30 shm_pid=43128
[2026-03-18 12:44:37][PID=43128][TID=37196] UnmapViewOfFile done
[2026-03-18 12:44:37][PID=43128][TID=37196] CloseHandle done
[2026-03-18 12:44:37][PID=43128][TID=37196] free_shm leave
[2026-03-18 12:44:40][PID=32432][TID=31184] get_shm enter: targetPid=32432 create=0
[2026-03-18 12:44:40][PID=32432][TID=31184] names: local=Local\{385FC524-96E3-4839-9909-1F2135D4F928} | global=Global\{385FC524-96E3-4839-9909-1F2135D4F928}
[2026-03-18 12:44:40][PID=32432][TID=31184] OpenFileMapping(local) => handle=00000314 err=183
[2026-03-18 12:44:40][PID=32432][TID=31184] MapViewOfFile => ptr=03020000 err=183
[2026-03-18 12:44:40][PID=32432][TID=31184] get_shm success: shm_pid=32432
[2026-03-18 12:44:40][PID=32432][TID=31184] free_shm enter: ptr=03020000 handle=00000314 shm_pid=32432
[2026-03-18 12:44:40][PID=32432][TID=31184] UnmapViewOfFile done
[2026-03-18 12:44:40][PID=32432][TID=31184] CloseHandle done
[2026-03-18 12:44:40][PID=32432][TID=31184] free_shm leave
[2026-03-18 12:44:45][PID=43128][TID=37196] free_shm enter: ptr=12000000 handle=00000B1C shm_pid=32432
[2026-03-18 12:44:45][PID=43128][TID=37196] UnmapViewOfFile done
[2026-03-18 12:44:45][PID=43128][TID=37196] CloseHandle done
[2026-03-18 12:44:45][PID=43128][TID=37196] free_shm leave
[2026-03-18 12:49:43][PID=2632][TID=17564] get_shm enter: targetPid=9996 create=1
[2026-03-18 12:49:43][PID=2632][TID=17564] names: local=Local\{385FC524-96E3-4839-9909-1F2135D4F928} | global=Global\{385FC524-96E3-4839-9909-1F2135D4F928}
[2026-03-18 12:49:43][PID=2632][TID=17564] OpenFileMapping(local) => handle=00000000 err=2
[2026-03-18 12:49:43][PID=2632][TID=17564] OpenFileMapping(global) => handle=00000000 err=2
[2026-03-18 12:49:43][PID=2632][TID=17564] CreateFileMapping(local) => handle=00000B1C err=0
[2026-03-18 12:49:43][PID=2632][TID=17564] MapViewOfFile => ptr=10DA0000 err=183
[2026-03-18 12:49:43][PID=2632][TID=17564] get_shm success: shm_pid=9996
[2026-03-18 12:49:43][PID=9996][TID=33468] get_shm enter: targetPid=9996 create=0
[2026-03-18 12:49:43][PID=9996][TID=33468] names: local=Local\{385FC524-96E3-4839-9909-1F2135D4F928} | global=Global\{385FC524-96E3-4839-9909-1F2135D4F928}
[2026-03-18 12:49:43][PID=9996][TID=33468] OpenFileMapping(local) => handle=0000030C err=183
[2026-03-18 12:49:43][PID=9996][TID=33468] MapViewOfFile => ptr=016A0000 err=183
[2026-03-18 12:49:43][PID=9996][TID=33468] get_shm success: shm_pid=9996
[2026-03-18 12:49:43][PID=9996][TID=33468] free_shm enter: ptr=016A0000 handle=0000030C shm_pid=9996
[2026-03-18 12:49:43][PID=9996][TID=33468] UnmapViewOfFile done
[2026-03-18 12:49:43][PID=9996][TID=33468] CloseHandle done
[2026-03-18 12:49:43][PID=9996][TID=33468] free_shm leave
[2026-03-18 12:49:47][PID=2632][TID=17564] free_shm enter: ptr=10DA0000 handle=00000B1C shm_pid=9996
[2026-03-18 12:49:47][PID=2632][TID=17564] UnmapViewOfFile done
[2026-03-18 12:49:47][PID=2632][TID=17564] CloseHandle done
[2026-03-18 12:49:47][PID=2632][TID=17564] free_shm leave
[2026-03-18 13:40:37][PID=42796][TID=37492] get_shm enter: targetPid=15544 create=1
[2026-03-18 13:40:37][PID=42796][TID=37492] names: local=Local\{385FC524-96E3-4839-9909-1F2135D4F928} | global=Global\{385FC524-96E3-4839-9909-1F2135D4F928}
[2026-03-18 13:40:37][PID=42796][TID=37492] OpenFileMapping(local) => handle=00000000 err=2
[2026-03-18 13:40:37][PID=42796][TID=37492] OpenFileMapping(global) => handle=00000000 err=2
[2026-03-18 13:40:37][PID=42796][TID=37492] CreateFileMapping(local) => handle=00000B00 err=0
[2026-03-18 13:40:37][PID=42796][TID=37492] MapViewOfFile => ptr=04F60000 err=183
[2026-03-18 13:40:37][PID=42796][TID=37492] get_shm success: shm_pid=15544
[2026-03-18 13:40:37][PID=15544][TID=33912] get_shm enter: targetPid=15544 create=0
[2026-03-18 13:40:37][PID=15544][TID=33912] names: local=Local\{385FC524-96E3-4839-9909-1F2135D4F928} | global=Global\{385FC524-96E3-4839-9909-1F2135D4F928}
[2026-03-18 13:40:37][PID=15544][TID=33912] OpenFileMapping(local) => handle=0000030C err=183
[2026-03-18 13:40:37][PID=15544][TID=33912] MapViewOfFile => ptr=015E0000 err=183
[2026-03-18 13:40:37][PID=15544][TID=33912] get_shm success: shm_pid=15544
[2026-03-18 13:40:37][PID=15544][TID=33912] free_shm enter: ptr=015E0000 handle=0000030C shm_pid=15544
[2026-03-18 13:40:37][PID=15544][TID=33912] UnmapViewOfFile done
[2026-03-18 13:40:37][PID=15544][TID=33912] CloseHandle done
[2026-03-18 13:40:37][PID=15544][TID=33912] free_shm leave
[2026-03-18 13:40:42][PID=42796][TID=37492] free_shm enter: ptr=04F60000 handle=00000B00 shm_pid=15544
[2026-03-18 13:40:42][PID=42796][TID=37492] UnmapViewOfFile done
[2026-03-18 13:40:42][PID=42796][TID=37492] CloseHandle done
[2026-03-18 13:40:42][PID=42796][TID=37492] free_shm leave
[2026-03-18 13:45:37][PID=43364][TID=9624] get_shm enter: targetPid=23560 create=1
[2026-03-18 13:45:37][PID=43364][TID=9624] names: local=Local\{385FC524-96E3-4839-9909-1F2135D4F928} | global=Global\{385FC524-96E3-4839-9909-1F2135D4F928}
[2026-03-18 13:45:37][PID=43364][TID=9624] OpenFileMapping(local) => handle=00000000 err=2
[2026-03-18 13:45:37][PID=43364][TID=9624] OpenFileMapping(global) => handle=00000000 err=2
[2026-03-18 13:45:37][PID=43364][TID=9624] CreateFileMapping(local) => handle=00000B30 err=0
[2026-03-18 13:45:37][PID=43364][TID=9624] MapViewOfFile => ptr=124B0000 err=183
[2026-03-18 13:45:37][PID=43364][TID=9624] get_shm success: shm_pid=23560
[2026-03-18 13:45:37][PID=23560][TID=24132] get_shm enter: targetPid=23560 create=0
[2026-03-18 13:45:37][PID=23560][TID=24132] names: local=Local\{385FC524-96E3-4839-9909-1F2135D4F928} | global=Global\{385FC524-96E3-4839-9909-1F2135D4F928}
[2026-03-18 13:45:37][PID=23560][TID=24132] OpenFileMapping(local) => handle=00000300 err=183
[2026-03-18 13:45:37][PID=23560][TID=24132] MapViewOfFile => ptr=01550000 err=183
[2026-03-18 13:45:37][PID=23560][TID=24132] get_shm success: shm_pid=23560
[2026-03-18 13:45:37][PID=23560][TID=24132] free_shm enter: ptr=01550000 handle=00000300 shm_pid=23560
[2026-03-18 13:45:37][PID=23560][TID=24132] UnmapViewOfFile done
[2026-03-18 13:45:37][PID=23560][TID=24132] CloseHandle done
[2026-03-18 13:45:37][PID=23560][TID=24132] free_shm leave
[2026-03-18 13:45:42][PID=43364][TID=9624] free_shm enter: ptr=124B0000 handle=00000B30 shm_pid=23560
[2026-03-18 13:45:42][PID=43364][TID=9624] UnmapViewOfFile done
[2026-03-18 13:45:42][PID=43364][TID=9624] CloseHandle done
[2026-03-18 13:45:42][PID=43364][TID=9624] free_shm leave
[2026-03-18 13:51:06][PID=29376][TID=27308] get_shm enter: targetPid=30864 create=1
[2026-03-18 13:51:06][PID=29376][TID=27308] names: local=Local\{385FC524-96E3-4839-9909-1F2135D4F928} | global=Global\{385FC524-96E3-4839-9909-1F2135D4F928}
[2026-03-18 13:51:06][PID=29376][TID=27308] OpenFileMapping(local) => handle=00000000 err=2
[2026-03-18 13:51:06][PID=29376][TID=27308] OpenFileMapping(global) => handle=00000000 err=2
[2026-03-18 13:51:06][PID=29376][TID=27308] CreateFileMapping(local) => handle=00000AE8 err=0
[2026-03-18 13:51:06][PID=29376][TID=27308] MapViewOfFile => ptr=11F60000 err=183
[2026-03-18 13:51:06][PID=29376][TID=27308] get_shm success: shm_pid=30864
[2026-03-18 13:51:06][PID=30864][TID=5156] get_shm enter: targetPid=30864 create=0
[2026-03-18 13:51:06][PID=30864][TID=5156] names: local=Local\{385FC524-96E3-4839-9909-1F2135D4F928} | global=Global\{385FC524-96E3-4839-9909-1F2135D4F928}
[2026-03-18 13:51:06][PID=30864][TID=5156] OpenFileMapping(local) => handle=0000030C err=183
[2026-03-18 13:51:06][PID=30864][TID=5156] MapViewOfFile => ptr=01330000 err=183
[2026-03-18 13:51:06][PID=30864][TID=5156] get_shm success: shm_pid=30864
[2026-03-18 13:51:06][PID=30864][TID=5156] free_shm enter: ptr=01330000 handle=0000030C shm_pid=30864
[2026-03-18 13:51:06][PID=30864][TID=5156] UnmapViewOfFile done
[2026-03-18 13:51:06][PID=30864][TID=5156] CloseHandle done
[2026-03-18 13:51:06][PID=30864][TID=5156] free_shm leave
[2026-03-18 13:51:11][PID=29376][TID=27308] free_shm enter: ptr=11F60000 handle=00000AE8 shm_pid=30864
[2026-03-18 13:51:11][PID=29376][TID=27308] UnmapViewOfFile done
[2026-03-18 13:51:11][PID=29376][TID=27308] CloseHandle done
[2026-03-18 13:51:11][PID=29376][TID=27308] free_shm leave
[2026-03-18 13:55:00][PID=44708][TID=21252] get_shm enter: targetPid=45456 create=1
[2026-03-18 13:55:00][PID=44708][TID=21252] names: local=Local\{385FC524-96E3-4839-9909-1F2135D4F928} | global=Global\{385FC524-96E3-4839-9909-1F2135D4F928}
[2026-03-18 13:55:00][PID=44708][TID=21252] OpenFileMapping(local) => handle=00000000 err=2
[2026-03-18 13:55:00][PID=44708][TID=21252] OpenFileMapping(global) => handle=00000000 err=2
[2026-03-18 13:55:00][PID=44708][TID=21252] CreateFileMapping(local) => handle=00000B50 err=0
[2026-03-18 13:55:00][PID=44708][TID=21252] MapViewOfFile => ptr=057D0000 err=183
[2026-03-18 13:55:00][PID=44708][TID=21252] get_shm success: shm_pid=45456
[2026-03-18 13:55:00][PID=45456][TID=18692] get_shm enter: targetPid=45456 create=0
[2026-03-18 13:55:00][PID=45456][TID=18692] names: local=Local\{385FC524-96E3-4839-9909-1F2135D4F928} | global=Global\{385FC524-96E3-4839-9909-1F2135D4F928}
[2026-03-18 13:55:00][PID=45456][TID=18692] OpenFileMapping(local) => handle=00000304 err=183
[2026-03-18 13:55:00][PID=45456][TID=18692] MapViewOfFile => ptr=015E0000 err=183
[2026-03-18 13:55:00][PID=45456][TID=18692] get_shm success: shm_pid=45456
[2026-03-18 13:55:00][PID=45456][TID=18692] free_shm enter: ptr=015E0000 handle=00000304 shm_pid=45456
[2026-03-18 13:55:00][PID=45456][TID=18692] UnmapViewOfFile done
[2026-03-18 13:55:00][PID=45456][TID=18692] CloseHandle done
[2026-03-18 13:55:00][PID=45456][TID=18692] free_shm leave
[2026-03-18 13:55:05][PID=44708][TID=21252] free_shm enter: ptr=057D0000 handle=00000B50 shm_pid=45456
[2026-03-18 13:55:05][PID=44708][TID=21252] UnmapViewOfFile done
[2026-03-18 13:55:05][PID=44708][TID=21252] CloseHandle done
[2026-03-18 13:55:05][PID=44708][TID=21252] free_shm leave
[2026-03-18 13:59:35][PID=35296][TID=22864] get_shm enter: targetPid=39592 create=1
[2026-03-18 13:59:35][PID=35296][TID=22864] names: local=Local\{385FC524-96E3-4839-9909-1F2135D4F928} | global=Global\{385FC524-96E3-4839-9909-1F2135D4F928}
[2026-03-18 13:59:35][PID=35296][TID=22864] OpenFileMapping(local) => handle=00000000 err=2
[2026-03-18 13:59:35][PID=35296][TID=22864] OpenFileMapping(global) => handle=00000000 err=2
[2026-03-18 13:59:35][PID=35296][TID=22864] CreateFileMapping(local) => handle=00000AE8 err=0
[2026-03-18 13:59:35][PID=35296][TID=22864] MapViewOfFile => ptr=04FD0000 err=183
[2026-03-18 13:59:35][PID=35296][TID=22864] get_shm success: shm_pid=39592
[2026-03-18 13:59:35][PID=39592][TID=10752] get_shm enter: targetPid=39592 create=0
[2026-03-18 13:59:35][PID=39592][TID=10752] names: local=Local\{385FC524-96E3-4839-9909-1F2135D4F928} | global=Global\{385FC524-96E3-4839-9909-1F2135D4F928}
[2026-03-18 13:59:35][PID=39592][TID=10752] OpenFileMapping(local) => handle=0000030C err=183
[2026-03-18 13:59:35][PID=39592][TID=10752] MapViewOfFile => ptr=01420000 err=183
[2026-03-18 13:59:35][PID=39592][TID=10752] get_shm success: shm_pid=39592
[2026-03-18 13:59:35][PID=39592][TID=10752] free_shm enter: ptr=01420000 handle=0000030C shm_pid=39592
[2026-03-18 13:59:35][PID=39592][TID=10752] UnmapViewOfFile done
[2026-03-18 13:59:35][PID=39592][TID=10752] CloseHandle done
[2026-03-18 13:59:35][PID=39592][TID=10752] free_shm leave
[2026-03-18 13:59:35][PID=35296][TID=22864] free_shm enter: ptr=04FD0000 handle=00000AE8 shm_pid=39592
[2026-03-18 13:59:35][PID=35296][TID=22864] UnmapViewOfFile done
[2026-03-18 13:59:35][PID=35296][TID=22864] CloseHandle done
[2026-03-18 13:59:35][PID=35296][TID=22864] free_shm leave
[2026-03-18 14:12:31][PID=27344][TID=40592] get_shm enter: targetPid=33768 create=1
[2026-03-18 14:12:31][PID=27344][TID=40592] names: local=Local\{385FC524-96E3-4839-9909-1F2135D4F928} | global=Global\{385FC524-96E3-4839-9909-1F2135D4F928}
[2026-03-18 14:12:31][PID=27344][TID=40592] OpenFileMapping(local) => handle=00000000 err=2
[2026-03-18 14:12:31][PID=27344][TID=40592] OpenFileMapping(global) => handle=00000000 err=2
[2026-03-18 14:12:31][PID=27344][TID=40592] CreateFileMapping(local) => handle=00000AD4 err=0
[2026-03-18 14:12:31][PID=27344][TID=40592] MapViewOfFile => ptr=11750000 err=183
[2026-03-18 14:12:31][PID=27344][TID=40592] get_shm success: shm_pid=33768
[2026-03-18 14:12:31][PID=33768][TID=24448] get_shm enter: targetPid=33768 create=0
[2026-03-18 14:12:31][PID=33768][TID=24448] names: local=Local\{385FC524-96E3-4839-9909-1F2135D4F928} | global=Global\{385FC524-96E3-4839-9909-1F2135D4F928}
[2026-03-18 14:12:31][PID=33768][TID=24448] OpenFileMapping(local) => handle=000000E8 err=183
[2026-03-18 14:12:31][PID=33768][TID=24448] MapViewOfFile => ptr=01AB0000 err=183
[2026-03-18 14:12:31][PID=33768][TID=24448] get_shm success: shm_pid=33768
[2026-03-18 14:12:31][PID=33768][TID=24448] free_shm enter: ptr=01AB0000 handle=000000E8 shm_pid=33768
[2026-03-18 14:12:31][PID=33768][TID=24448] UnmapViewOfFile done
[2026-03-18 14:12:31][PID=33768][TID=24448] CloseHandle done
[2026-03-18 14:12:31][PID=33768][TID=24448] free_shm leave
[2026-03-18 14:12:31][PID=27344][TID=40592] free_shm enter: ptr=11750000 handle=00000AD4 shm_pid=33768
[2026-03-18 14:12:31][PID=27344][TID=40592] UnmapViewOfFile done
[2026-03-18 14:12:31][PID=27344][TID=40592] CloseHandle done
[2026-03-18 14:12:31][PID=27344][TID=40592] free_shm leave
[2026-03-18 14:16:33][PID=39716][TID=33628] get_shm enter: targetPid=35096 create=1
[2026-03-18 14:16:33][PID=39716][TID=33628] names: local=Local\{385FC524-96E3-4839-9909-1F2135D4F928} | global=Global\{385FC524-96E3-4839-9909-1F2135D4F928}
[2026-03-18 14:16:33][PID=39716][TID=33628] OpenFileMapping(local) => handle=00000000 err=2
[2026-03-18 14:16:33][PID=39716][TID=33628] OpenFileMapping(global) => handle=00000000 err=2
[2026-03-18 14:16:33][PID=39716][TID=33628] CreateFileMapping(local) => handle=00000AD8 err=0
[2026-03-18 14:16:33][PID=39716][TID=33628] MapViewOfFile => ptr=05A70000 err=183
[2026-03-18 14:16:33][PID=39716][TID=33628] get_shm success: shm_pid=35096
[2026-03-18 14:16:33][PID=35096][TID=7988] get_shm enter: targetPid=35096 create=0
[2026-03-18 14:16:33][PID=35096][TID=7988] names: local=Local\{385FC524-96E3-4839-9909-1F2135D4F928} | global=Global\{385FC524-96E3-4839-9909-1F2135D4F928}
[2026-03-18 14:16:33][PID=35096][TID=7988] OpenFileMapping(local) => handle=00000318 err=183
[2026-03-18 14:16:33][PID=35096][TID=7988] MapViewOfFile => ptr=015E0000 err=183
[2026-03-18 14:16:33][PID=35096][TID=7988] get_shm success: shm_pid=35096
[2026-03-18 14:16:33][PID=35096][TID=7988] free_shm enter: ptr=015E0000 handle=00000318 shm_pid=35096
[2026-03-18 14:16:33][PID=35096][TID=7988] UnmapViewOfFile done
[2026-03-18 14:16:33][PID=35096][TID=7988] CloseHandle done
[2026-03-18 14:16:33][PID=35096][TID=7988] free_shm leave
[2026-03-18 14:18:04][PID=39716][TID=33628] free_shm enter: ptr=05A70000 handle=00000AD8 shm_pid=35096
[2026-03-18 14:18:04][PID=39716][TID=33628] UnmapViewOfFile done
[2026-03-18 14:18:04][PID=39716][TID=33628] CloseHandle done
[2026-03-18 14:18:04][PID=39716][TID=33628] free_shm leave
[2026-03-18 14:19:01][PID=11012][TID=36296] get_shm enter: targetPid=2884 create=1
[2026-03-18 14:19:01][PID=11012][TID=36296] names: local=Local\{385FC524-96E3-4839-9909-1F2135D4F928} | global=Global\{385FC524-96E3-4839-9909-1F2135D4F928}
[2026-03-18 14:19:01][PID=11012][TID=36296] OpenFileMapping(local) => handle=00000000 err=2
[2026-03-18 14:19:01][PID=11012][TID=36296] OpenFileMapping(global) => handle=00000000 err=2
[2026-03-18 14:19:01][PID=11012][TID=36296] CreateFileMapping(local) => handle=00000B10 err=0
[2026-03-18 14:19:01][PID=11012][TID=36296] MapViewOfFile => ptr=12030000 err=183
[2026-03-18 14:19:01][PID=11012][TID=36296] get_shm success: shm_pid=2884
[2026-03-18 14:19:01][PID=2884][TID=22132] get_shm enter: targetPid=2884 create=0
[2026-03-18 14:19:01][PID=2884][TID=22132] names: local=Local\{385FC524-96E3-4839-9909-1F2135D4F928} | global=Global\{385FC524-96E3-4839-9909-1F2135D4F928}
[2026-03-18 14:19:01][PID=2884][TID=22132] OpenFileMapping(local) => handle=0000031C err=183
[2026-03-18 14:19:01][PID=2884][TID=22132] MapViewOfFile => ptr=01560000 err=183
[2026-03-18 14:19:01][PID=2884][TID=22132] get_shm success: shm_pid=2884
[2026-03-18 14:19:01][PID=2884][TID=22132] free_shm enter: ptr=01560000 handle=0000031C shm_pid=2884
[2026-03-18 14:19:01][PID=2884][TID=22132] UnmapViewOfFile done
[2026-03-18 14:19:01][PID=2884][TID=22132] CloseHandle done
[2026-03-18 14:19:01][PID=2884][TID=22132] free_shm leave
[2026-03-18 14:19:01][PID=11012][TID=36296] free_shm enter: ptr=12030000 handle=00000B10 shm_pid=2884
[2026-03-18 14:19:01][PID=11012][TID=36296] UnmapViewOfFile done
[2026-03-18 14:19:01][PID=11012][TID=36296] CloseHandle done
[2026-03-18 14:19:01][PID=11012][TID=36296] free_shm leave
[2026-03-18 14:20:27][PID=18676][TID=32956] get_shm enter: targetPid=27184 create=1
[2026-03-18 14:20:27][PID=18676][TID=32956] names: local=Local\{385FC524-96E3-4839-9909-1F2135D4F928} | global=Global\{385FC524-96E3-4839-9909-1F2135D4F928}
[2026-03-18 14:20:27][PID=18676][TID=32956] OpenFileMapping(local) => handle=00000000 err=2
[2026-03-18 14:20:27][PID=18676][TID=32956] OpenFileMapping(global) => handle=00000000 err=2
[2026-03-18 14:20:27][PID=18676][TID=32956] CreateFileMapping(local) => handle=00000B20 err=0
[2026-03-18 14:20:27][PID=18676][TID=32956] MapViewOfFile => ptr=12210000 err=183
[2026-03-18 14:20:27][PID=18676][TID=32956] get_shm success: shm_pid=27184
[2026-03-18 14:20:27][PID=27184][TID=12344] get_shm enter: targetPid=27184 create=0
[2026-03-18 14:20:27][PID=27184][TID=12344] names: local=Local\{385FC524-96E3-4839-9909-1F2135D4F928} | global=Global\{385FC524-96E3-4839-9909-1F2135D4F928}
[2026-03-18 14:20:27][PID=27184][TID=12344] OpenFileMapping(local) => handle=00000300 err=183
[2026-03-18 14:20:27][PID=27184][TID=12344] MapViewOfFile => ptr=01C00000 err=183
[2026-03-18 14:20:27][PID=27184][TID=12344] get_shm success: shm_pid=27184
[2026-03-18 14:20:27][PID=27184][TID=12344] free_shm enter: ptr=01C00000 handle=00000300 shm_pid=27184
[2026-03-18 14:20:27][PID=27184][TID=12344] UnmapViewOfFile done
[2026-03-18 14:20:27][PID=27184][TID=12344] CloseHandle done
[2026-03-18 14:20:27][PID=27184][TID=12344] free_shm leave
[2026-03-18 14:20:27][PID=18676][TID=32956] free_shm enter: ptr=12210000 handle=00000B20 shm_pid=27184
[2026-03-18 14:20:27][PID=18676][TID=32956] UnmapViewOfFile done
[2026-03-18 14:20:27][PID=18676][TID=32956] CloseHandle done
[2026-03-18 14:20:27][PID=18676][TID=32956] free_shm leave
[2026-03-18 14:32:37][PID=31612][TID=22524] get_shm enter: targetPid=33640 create=1
[2026-03-18 14:32:37][PID=31612][TID=22524] names: local=Local\{385FC524-96E3-4839-9909-1F2135D4F928} | global=Global\{385FC524-96E3-4839-9909-1F2135D4F928}
[2026-03-18 14:32:37][PID=31612][TID=22524] OpenFileMapping(local) => handle=00000000 err=2
[2026-03-18 14:32:37][PID=31612][TID=22524] OpenFileMapping(global) => handle=00000000 err=2
[2026-03-18 14:32:37][PID=31612][TID=22524] CreateFileMapping(local) => handle=00000B1C err=0
[2026-03-18 14:32:37][PID=31612][TID=22524] MapViewOfFile => ptr=11730000 err=183
[2026-03-18 14:32:37][PID=31612][TID=22524] get_shm success: shm_pid=33640
[2026-03-18 14:32:37][PID=33640][TID=37508] get_shm enter: targetPid=33640 create=0
[2026-03-18 14:32:37][PID=33640][TID=37508] names: local=Local\{385FC524-96E3-4839-9909-1F2135D4F928} | global=Global\{385FC524-96E3-4839-9909-1F2135D4F928}
[2026-03-18 14:32:37][PID=33640][TID=37508] OpenFileMapping(local) => handle=00000300 err=183
[2026-03-18 14:32:37][PID=33640][TID=37508] MapViewOfFile => ptr=01590000 err=183
[2026-03-18 14:32:37][PID=33640][TID=37508] get_shm success: shm_pid=33640
[2026-03-18 14:32:37][PID=33640][TID=37508] free_shm enter: ptr=01590000 handle=00000300 shm_pid=33640
[2026-03-18 14:32:37][PID=33640][TID=37508] UnmapViewOfFile done
[2026-03-18 14:32:37][PID=33640][TID=37508] CloseHandle done
[2026-03-18 14:32:37][PID=33640][TID=37508] free_shm leave
[2026-03-18 14:32:37][PID=31612][TID=22524] free_shm enter: ptr=11730000 handle=00000B1C shm_pid=33640
[2026-03-18 14:32:37][PID=31612][TID=22524] UnmapViewOfFile done
[2026-03-18 14:32:37][PID=31612][TID=22524] CloseHandle done
[2026-03-18 14:32:37][PID=31612][TID=22524] free_shm leave
[2026-03-18 14:35:20][PID=32072][TID=23640] get_shm enter: targetPid=35928 create=1
[2026-03-18 14:35:20][PID=32072][TID=23640] names: local=Local\{385FC524-96E3-4839-9909-1F2135D4F928} | global=Global\{385FC524-96E3-4839-9909-1F2135D4F928}
[2026-03-18 14:35:20][PID=32072][TID=23640] OpenFileMapping(local) => handle=00000000 err=2
[2026-03-18 14:35:20][PID=32072][TID=23640] OpenFileMapping(global) => handle=00000000 err=2
[2026-03-18 14:35:20][PID=32072][TID=23640] CreateFileMapping(local) => handle=00000B2C err=0
[2026-03-18 14:35:20][PID=32072][TID=23640] MapViewOfFile => ptr=11D80000 err=183
[2026-03-18 14:35:20][PID=32072][TID=23640] get_shm success: shm_pid=35928
[2026-03-18 14:35:21][PID=35928][TID=37148] get_shm enter: targetPid=35928 create=0
[2026-03-18 14:35:21][PID=35928][TID=37148] names: local=Local\{385FC524-96E3-4839-9909-1F2135D4F928} | global=Global\{385FC524-96E3-4839-9909-1F2135D4F928}
[2026-03-18 14:35:21][PID=35928][TID=37148] OpenFileMapping(local) => handle=000000F0 err=183
[2026-03-18 14:35:21][PID=35928][TID=37148] MapViewOfFile => ptr=01560000 err=183
[2026-03-18 14:35:21][PID=35928][TID=37148] get_shm success: shm_pid=35928
[2026-03-18 14:35:21][PID=35928][TID=37148] free_shm enter: ptr=01560000 handle=000000F0 shm_pid=35928
[2026-03-18 14:35:21][PID=35928][TID=37148] UnmapViewOfFile done
[2026-03-18 14:35:21][PID=35928][TID=37148] CloseHandle done
[2026-03-18 14:35:21][PID=35928][TID=37148] free_shm leave
[2026-03-18 14:35:21][PID=32072][TID=23640] free_shm enter: ptr=11D80000 handle=00000B2C shm_pid=35928
[2026-03-18 14:35:21][PID=32072][TID=23640] UnmapViewOfFile done
[2026-03-18 14:35:21][PID=32072][TID=23640] CloseHandle done
[2026-03-18 14:35:21][PID=32072][TID=23640] free_shm leave
[2026-03-18 14:39:57][PID=42828][TID=28264] get_shm enter: targetPid=40060 create=1
[2026-03-18 14:39:57][PID=42828][TID=28264] names: local=Local\{385FC524-96E3-4839-9909-1F2135D4F928} | global=Global\{385FC524-96E3-4839-9909-1F2135D4F928}
[2026-03-18 14:39:57][PID=42828][TID=28264] OpenFileMapping(local) => handle=00000000 err=2
[2026-03-18 14:39:57][PID=42828][TID=28264] OpenFileMapping(global) => handle=00000000 err=2
[2026-03-18 14:39:57][PID=42828][TID=28264] CreateFileMapping(local) => handle=00000AF8 err=0
[2026-03-18 14:39:57][PID=42828][TID=28264] MapViewOfFile => ptr=11A30000 err=183
[2026-03-18 14:39:57][PID=42828][TID=28264] get_shm success: shm_pid=40060
[2026-03-18 14:39:57][PID=40060][TID=44300] get_shm enter: targetPid=40060 create=0
[2026-03-18 14:39:57][PID=40060][TID=44300] names: local=Local\{385FC524-96E3-4839-9909-1F2135D4F928} | global=Global\{385FC524-96E3-4839-9909-1F2135D4F928}
[2026-03-18 14:39:57][PID=40060][TID=44300] OpenFileMapping(local) => handle=000002F0 err=183
[2026-03-18 14:39:57][PID=40060][TID=44300] MapViewOfFile => ptr=015F0000 err=183
[2026-03-18 14:39:57][PID=40060][TID=44300] get_shm success: shm_pid=40060
[2026-03-18 14:39:57][PID=40060][TID=44300] free_shm enter: ptr=015F0000 handle=000002F0 shm_pid=40060
[2026-03-18 14:39:57][PID=40060][TID=44300] UnmapViewOfFile done
[2026-03-18 14:39:57][PID=40060][TID=44300] CloseHandle done
[2026-03-18 14:39:57][PID=40060][TID=44300] free_shm leave
[2026-03-18 14:39:57][PID=42828][TID=28264] free_shm enter: ptr=11A30000 handle=00000AF8 shm_pid=40060
[2026-03-18 14:39:57][PID=42828][TID=28264] UnmapViewOfFile done
[2026-03-18 14:39:57][PID=42828][TID=28264] CloseHandle done
[2026-03-18 14:39:57][PID=42828][TID=28264] free_shm leave
[2026-03-18 14:45:08][PID=12428][TID=38056] get_shm enter: targetPid=1984 create=1
[2026-03-18 14:45:08][PID=12428][TID=38056] names: local=Local\{385FC524-96E3-4839-9909-1F2135D4F928} | global=Global\{385FC524-96E3-4839-9909-1F2135D4F928}
[2026-03-18 14:45:08][PID=12428][TID=38056] OpenFileMapping(local) => handle=00000000 err=2
[2026-03-18 14:45:08][PID=12428][TID=38056] OpenFileMapping(global) => handle=00000000 err=2
[2026-03-18 14:45:08][PID=12428][TID=38056] CreateFileMapping(local) => handle=00000AF0 err=0
[2026-03-18 14:45:08][PID=12428][TID=38056] MapViewOfFile => ptr=11160000 err=183
[2026-03-18 14:45:08][PID=12428][TID=38056] get_shm success: shm_pid=1984
[2026-03-18 14:45:08][PID=1984][TID=45972] get_shm enter: targetPid=1984 create=0
[2026-03-18 14:45:08][PID=1984][TID=45972] names: local=Local\{385FC524-96E3-4839-9909-1F2135D4F928} | global=Global\{385FC524-96E3-4839-9909-1F2135D4F928}
[2026-03-18 14:45:08][PID=1984][TID=45972] OpenFileMapping(local) => handle=00000300 err=183
[2026-03-18 14:45:08][PID=1984][TID=45972] MapViewOfFile => ptr=03370000 err=183
[2026-03-18 14:45:08][PID=1984][TID=45972] get_shm success: shm_pid=1984
[2026-03-18 14:45:08][PID=1984][TID=45972] free_shm enter: ptr=03370000 handle=00000300 shm_pid=1984
[2026-03-18 14:45:08][PID=1984][TID=45972] UnmapViewOfFile done
[2026-03-18 14:45:08][PID=1984][TID=45972] CloseHandle done
[2026-03-18 14:45:08][PID=1984][TID=45972] free_shm leave
[2026-03-18 14:45:08][PID=12428][TID=38056] free_shm enter: ptr=11160000 handle=00000AF0 shm_pid=1984
[2026-03-18 14:45:08][PID=12428][TID=38056] UnmapViewOfFile done
[2026-03-18 14:45:08][PID=12428][TID=38056] CloseHandle done
[2026-03-18 14:45:08][PID=12428][TID=38056] free_shm leave
[2026-03-18 14:46:07][PID=32032][TID=38308] get_shm enter: targetPid=31264 create=1
[2026-03-18 14:46:07][PID=32032][TID=38308] names: local=Local\{385FC524-96E3-4839-9909-1F2135D4F928} | global=Global\{385FC524-96E3-4839-9909-1F2135D4F928}
[2026-03-18 14:46:07][PID=32032][TID=38308] OpenFileMapping(local) => handle=00000000 err=2
[2026-03-18 14:46:07][PID=32032][TID=38308] OpenFileMapping(global) => handle=00000000 err=2
[2026-03-18 14:46:07][PID=32032][TID=38308] CreateFileMapping(local) => handle=00000AF4 err=0
[2026-03-18 14:46:07][PID=32032][TID=38308] MapViewOfFile => ptr=06720000 err=183
[2026-03-18 14:46:07][PID=32032][TID=38308] get_shm success: shm_pid=31264
[2026-03-18 14:46:07][PID=31264][TID=2504] get_shm enter: targetPid=31264 create=0
[2026-03-18 14:46:07][PID=31264][TID=2504] names: local=Local\{385FC524-96E3-4839-9909-1F2135D4F928} | global=Global\{385FC524-96E3-4839-9909-1F2135D4F928}
[2026-03-18 14:46:07][PID=31264][TID=2504] OpenFileMapping(local) => handle=00000300 err=183
[2026-03-18 14:46:07][PID=31264][TID=2504] MapViewOfFile => ptr=01D00000 err=183
[2026-03-18 14:46:07][PID=31264][TID=2504] get_shm success: shm_pid=31264
[2026-03-18 14:46:07][PID=31264][TID=2504] free_shm enter: ptr=01D00000 handle=00000300 shm_pid=31264
[2026-03-18 14:46:07][PID=31264][TID=2504] UnmapViewOfFile done
[2026-03-18 14:46:07][PID=31264][TID=2504] CloseHandle done
[2026-03-18 14:46:07][PID=31264][TID=2504] free_shm leave
[2026-03-18 14:46:07][PID=32032][TID=38308] free_shm enter: ptr=06720000 handle=00000AF4 shm_pid=31264
[2026-03-18 14:46:07][PID=32032][TID=38308] UnmapViewOfFile done
[2026-03-18 14:46:07][PID=32032][TID=38308] CloseHandle done
[2026-03-18 14:46:07][PID=32032][TID=38308] free_shm leave
[2026-03-18 14:54:10][PID=16304][TID=40768] get_shm enter: targetPid=30316 create=1
[2026-03-18 14:54:10][PID=16304][TID=40768] names: local=Local\{385FC524-96E3-4839-9909-1F2135D4F928} | global=Global\{385FC524-96E3-4839-9909-1F2135D4F928}
[2026-03-18 14:54:10][PID=16304][TID=40768] OpenFileMapping(local) => handle=00000000 err=2
[2026-03-18 14:54:10][PID=16304][TID=40768] OpenFileMapping(global) => handle=00000000 err=2
[2026-03-18 14:54:10][PID=16304][TID=40768] CreateFileMapping(local) => handle=00000AC0 err=0
[2026-03-18 14:54:10][PID=16304][TID=40768] MapViewOfFile => ptr=13130000 err=183
[2026-03-18 14:54:10][PID=16304][TID=40768] get_shm success: shm_pid=30316
[2026-03-18 14:54:10][PID=30316][TID=23724] get_shm enter: targetPid=30316 create=0
[2026-03-18 14:54:10][PID=30316][TID=23724] names: local=Local\{385FC524-96E3-4839-9909-1F2135D4F928} | global=Global\{385FC524-96E3-4839-9909-1F2135D4F928}
[2026-03-18 14:54:10][PID=30316][TID=23724] OpenFileMapping(local) => handle=000000C8 err=183
[2026-03-18 14:54:10][PID=30316][TID=23724] MapViewOfFile => ptr=01590000 err=183
[2026-03-18 14:54:10][PID=30316][TID=23724] get_shm success: shm_pid=30316
[2026-03-18 14:54:10][PID=30316][TID=23724] free_shm enter: ptr=01590000 handle=000000C8 shm_pid=30316
[2026-03-18 14:54:10][PID=30316][TID=23724] UnmapViewOfFile done
[2026-03-18 14:54:10][PID=30316][TID=23724] CloseHandle done
[2026-03-18 14:54:10][PID=30316][TID=23724] free_shm leave
[2026-03-18 14:54:15][PID=16304][TID=40768] free_shm enter: ptr=13130000 handle=00000AC0 shm_pid=30316
[2026-03-18 14:54:15][PID=16304][TID=40768] UnmapViewOfFile done
[2026-03-18 14:54:15][PID=16304][TID=40768] CloseHandle done
[2026-03-18 14:54:15][PID=16304][TID=40768] free_shm leave
[2026-03-18 14:54:56][PID=26448][TID=32908] get_shm enter: targetPid=17940 create=1
[2026-03-18 14:54:56][PID=26448][TID=32908] names: local=Local\{385FC524-96E3-4839-9909-1F2135D4F928} | global=Global\{385FC524-96E3-4839-9909-1F2135D4F928}
[2026-03-18 14:54:56][PID=26448][TID=32908] OpenFileMapping(local) => handle=00000000 err=2
[2026-03-18 14:54:56][PID=26448][TID=32908] OpenFileMapping(global) => handle=00000000 err=2
[2026-03-18 14:54:56][PID=26448][TID=32908] CreateFileMapping(local) => handle=00000B2C err=0
[2026-03-18 14:54:56][PID=26448][TID=32908] MapViewOfFile => ptr=130F0000 err=183
[2026-03-18 14:54:56][PID=26448][TID=32908] get_shm success: shm_pid=17940
[2026-03-18 14:54:56][PID=17940][TID=17740] get_shm enter: targetPid=17940 create=0
[2026-03-18 14:54:56][PID=17940][TID=17740] names: local=Local\{385FC524-96E3-4839-9909-1F2135D4F928} | global=Global\{385FC524-96E3-4839-9909-1F2135D4F928}
[2026-03-18 14:54:56][PID=17940][TID=17740] OpenFileMapping(local) => handle=000000E0 err=183
[2026-03-18 14:54:56][PID=17940][TID=17740] MapViewOfFile => ptr=01340000 err=183
[2026-03-18 14:54:56][PID=17940][TID=17740] get_shm success: shm_pid=17940
[2026-03-18 14:54:56][PID=17940][TID=17740] free_shm enter: ptr=01340000 handle=000000E0 shm_pid=17940
[2026-03-18 14:54:56][PID=17940][TID=17740] UnmapViewOfFile done
[2026-03-18 14:54:56][PID=17940][TID=17740] CloseHandle done
[2026-03-18 14:54:56][PID=17940][TID=17740] free_shm leave
[2026-03-18 14:54:56][PID=26448][TID=32908] free_shm enter: ptr=130F0000 handle=00000B2C shm_pid=17940
[2026-03-18 14:54:56][PID=26448][TID=32908] UnmapViewOfFile done
[2026-03-18 14:54:56][PID=26448][TID=32908] CloseHandle done
[2026-03-18 14:54:56][PID=26448][TID=32908] free_shm leave
[2026-03-18 14:55:47][PID=33844][TID=14876] get_shm enter: targetPid=45204 create=1
[2026-03-18 14:55:47][PID=33844][TID=14876] names: local=Local\{385FC524-96E3-4839-9909-1F2135D4F928} | global=Global\{385FC524-96E3-4839-9909-1F2135D4F928}
[2026-03-18 14:55:47][PID=33844][TID=14876] OpenFileMapping(local) => handle=00000000 err=2
[2026-03-18 14:55:47][PID=33844][TID=14876] OpenFileMapping(global) => handle=00000000 err=2
[2026-03-18 14:55:47][PID=33844][TID=14876] CreateFileMapping(local) => handle=00000B40 err=0
[2026-03-18 14:55:47][PID=33844][TID=14876] MapViewOfFile => ptr=10D50000 err=183
[2026-03-18 14:55:47][PID=33844][TID=14876] get_shm success: shm_pid=45204
[2026-03-18 14:55:47][PID=45204][TID=16628] get_shm enter: targetPid=45204 create=0
[2026-03-18 14:55:47][PID=45204][TID=16628] names: local=Local\{385FC524-96E3-4839-9909-1F2135D4F928} | global=Global\{385FC524-96E3-4839-9909-1F2135D4F928}
[2026-03-18 14:55:47][PID=45204][TID=16628] OpenFileMapping(local) => handle=00000324 err=183
[2026-03-18 14:55:47][PID=45204][TID=16628] MapViewOfFile => ptr=01B30000 err=183
[2026-03-18 14:55:47][PID=45204][TID=16628] get_shm success: shm_pid=45204
[2026-03-18 14:55:47][PID=45204][TID=16628] free_shm enter: ptr=01B30000 handle=00000324 shm_pid=45204
[2026-03-18 14:55:47][PID=45204][TID=16628] UnmapViewOfFile done
[2026-03-18 14:55:47][PID=45204][TID=16628] CloseHandle done
[2026-03-18 14:55:47][PID=45204][TID=16628] free_shm leave
[2026-03-18 14:55:47][PID=33844][TID=14876] free_shm enter: ptr=10D50000 handle=00000B40 shm_pid=45204
[2026-03-18 14:55:47][PID=33844][TID=14876] UnmapViewOfFile done
[2026-03-18 14:55:47][PID=33844][TID=14876] CloseHandle done
[2026-03-18 14:55:47][PID=33844][TID=14876] free_shm leave
[2026-03-18 14:56:52][PID=45760][TID=24612] get_shm enter: targetPid=37524 create=1
[2026-03-18 14:56:52][PID=45760][TID=24612] names: local=Local\{385FC524-96E3-4839-9909-1F2135D4F928} | global=Global\{385FC524-96E3-4839-9909-1F2135D4F928}
[2026-03-18 14:56:52][PID=45760][TID=24612] OpenFileMapping(local) => handle=00000000 err=2
[2026-03-18 14:56:52][PID=45760][TID=24612] OpenFileMapping(global) => handle=00000000 err=2
[2026-03-18 14:56:52][PID=45760][TID=24612] CreateFileMapping(local) => handle=00000B18 err=0
[2026-03-18 14:56:52][PID=45760][TID=24612] MapViewOfFile => ptr=10480000 err=183
[2026-03-18 14:56:52][PID=45760][TID=24612] get_shm success: shm_pid=37524
[2026-03-18 14:56:52][PID=37524][TID=12344] get_shm enter: targetPid=37524 create=0
[2026-03-18 14:56:52][PID=37524][TID=12344] names: local=Local\{385FC524-96E3-4839-9909-1F2135D4F928} | global=Global\{385FC524-96E3-4839-9909-1F2135D4F928}
[2026-03-18 14:56:52][PID=37524][TID=12344] OpenFileMapping(local) => handle=0000030C err=183
[2026-03-18 14:56:52][PID=37524][TID=12344] MapViewOfFile => ptr=01460000 err=183
[2026-03-18 14:56:52][PID=37524][TID=12344] get_shm success: shm_pid=37524
[2026-03-18 14:56:52][PID=37524][TID=12344] free_shm enter: ptr=01460000 handle=0000030C shm_pid=37524
[2026-03-18 14:56:52][PID=37524][TID=12344] UnmapViewOfFile done
[2026-03-18 14:56:52][PID=37524][TID=12344] CloseHandle done
[2026-03-18 14:56:52][PID=37524][TID=12344] free_shm leave
[2026-03-18 14:56:52][PID=45760][TID=24612] free_shm enter: ptr=10480000 handle=00000B18 shm_pid=37524
[2026-03-18 14:56:52][PID=45760][TID=24612] UnmapViewOfFile done
[2026-03-18 14:56:52][PID=45760][TID=24612] CloseHandle done
[2026-03-18 14:56:52][PID=45760][TID=24612] free_shm leave
[2026-03-18 14:57:42][PID=39772][TID=8436] get_shm enter: targetPid=23636 create=1
[2026-03-18 14:57:42][PID=39772][TID=8436] names: local=Local\{385FC524-96E3-4839-9909-1F2135D4F928} | global=Global\{385FC524-96E3-4839-9909-1F2135D4F928}
[2026-03-18 14:57:42][PID=39772][TID=8436] OpenFileMapping(local) => handle=00000000 err=2
[2026-03-18 14:57:42][PID=39772][TID=8436] OpenFileMapping(global) => handle=00000000 err=2
[2026-03-18 14:57:42][PID=39772][TID=8436] CreateFileMapping(local) => handle=00000ACC err=0
[2026-03-18 14:57:42][PID=39772][TID=8436] MapViewOfFile => ptr=10900000 err=183
[2026-03-18 14:57:42][PID=39772][TID=8436] get_shm success: shm_pid=23636
[2026-03-18 14:57:42][PID=23636][TID=16236] get_shm enter: targetPid=23636 create=0
[2026-03-18 14:57:42][PID=23636][TID=16236] names: local=Local\{385FC524-96E3-4839-9909-1F2135D4F928} | global=Global\{385FC524-96E3-4839-9909-1F2135D4F928}
[2026-03-18 14:57:42][PID=23636][TID=16236] OpenFileMapping(local) => handle=00000318 err=183
[2026-03-18 14:57:42][PID=23636][TID=16236] MapViewOfFile => ptr=01AB0000 err=183
[2026-03-18 14:57:42][PID=23636][TID=16236] get_shm success: shm_pid=23636
[2026-03-18 14:57:42][PID=23636][TID=16236] free_shm enter: ptr=01AB0000 handle=00000318 shm_pid=23636
[2026-03-18 14:57:42][PID=23636][TID=16236] UnmapViewOfFile done
[2026-03-18 14:57:42][PID=23636][TID=16236] CloseHandle done
[2026-03-18 14:57:42][PID=23636][TID=16236] free_shm leave
[2026-03-18 14:57:42][PID=39772][TID=8436] free_shm enter: ptr=10900000 handle=00000ACC shm_pid=23636
[2026-03-18 14:57:42][PID=39772][TID=8436] UnmapViewOfFile done
[2026-03-18 14:57:42][PID=39772][TID=8436] CloseHandle done
[2026-03-18 14:57:42][PID=39772][TID=8436] free_shm leave
[2026-03-18 15:02:46][PID=35588][TID=23688] get_shm enter: targetPid=20608 create=1
[2026-03-18 15:02:46][PID=35588][TID=23688] names: local=Local\{385FC524-96E3-4839-9909-1F2135D4F928} | global=Global\{385FC524-96E3-4839-9909-1F2135D4F928}
[2026-03-18 15:02:46][PID=35588][TID=23688] OpenFileMapping(local) => handle=00000000 err=2
[2026-03-18 15:02:46][PID=35588][TID=23688] OpenFileMapping(global) => handle=00000000 err=2
[2026-03-18 15:02:46][PID=35588][TID=23688] CreateFileMapping(local) => handle=00000AE0 err=0
[2026-03-18 15:02:46][PID=35588][TID=23688] MapViewOfFile => ptr=08FF0000 err=183
[2026-03-18 15:02:46][PID=35588][TID=23688] get_shm success: shm_pid=20608
[2026-03-18 15:02:46][PID=20608][TID=31180] get_shm enter: targetPid=20608 create=0
[2026-03-18 15:02:46][PID=20608][TID=31180] names: local=Local\{385FC524-96E3-4839-9909-1F2135D4F928} | global=Global\{385FC524-96E3-4839-9909-1F2135D4F928}
[2026-03-18 15:02:46][PID=20608][TID=31180] OpenFileMapping(local) => handle=000000E8 err=183
[2026-03-18 15:02:46][PID=20608][TID=31180] MapViewOfFile => ptr=015E0000 err=183
[2026-03-18 15:02:46][PID=20608][TID=31180] get_shm success: shm_pid=20608
[2026-03-18 15:02:46][PID=20608][TID=31180] free_shm enter: ptr=015E0000 handle=000000E8 shm_pid=20608
[2026-03-18 15:02:46][PID=20608][TID=31180] UnmapViewOfFile done
[2026-03-18 15:02:46][PID=20608][TID=31180] CloseHandle done
[2026-03-18 15:02:46][PID=20608][TID=31180] free_shm leave
[2026-03-18 15:02:46][PID=35588][TID=23688] free_shm enter: ptr=08FF0000 handle=00000AE0 shm_pid=20608
[2026-03-18 15:02:46][PID=35588][TID=23688] UnmapViewOfFile done
[2026-03-18 15:02:46][PID=35588][TID=23688] CloseHandle done
[2026-03-18 15:02:46][PID=35588][TID=23688] free_shm leave
[2026-03-18 15:03:50][PID=33172][TID=27196] get_shm enter: targetPid=38108 create=1
[2026-03-18 15:03:50][PID=33172][TID=27196] names: local=Local\{385FC524-96E3-4839-9909-1F2135D4F928} | global=Global\{385FC524-96E3-4839-9909-1F2135D4F928}
[2026-03-18 15:03:50][PID=33172][TID=27196] OpenFileMapping(local) => handle=00000000 err=2
[2026-03-18 15:03:50][PID=33172][TID=27196] OpenFileMapping(global) => handle=00000000 err=2
[2026-03-18 15:03:50][PID=33172][TID=27196] CreateFileMapping(local) => handle=00000AF8 err=0
[2026-03-18 15:03:50][PID=33172][TID=27196] MapViewOfFile => ptr=05850000 err=183
[2026-03-18 15:03:50][PID=33172][TID=27196] get_shm success: shm_pid=38108
[2026-03-18 15:03:50][PID=38108][TID=40988] get_shm enter: targetPid=38108 create=0
[2026-03-18 15:03:50][PID=38108][TID=40988] names: local=Local\{385FC524-96E3-4839-9909-1F2135D4F928} | global=Global\{385FC524-96E3-4839-9909-1F2135D4F928}
[2026-03-18 15:03:50][PID=38108][TID=40988] OpenFileMapping(local) => handle=000002E8 err=183
[2026-03-18 15:03:50][PID=38108][TID=40988] MapViewOfFile => ptr=015D0000 err=183
[2026-03-18 15:03:50][PID=38108][TID=40988] get_shm success: shm_pid=38108
[2026-03-18 15:03:50][PID=38108][TID=40988] free_shm enter: ptr=015D0000 handle=000002E8 shm_pid=38108
[2026-03-18 15:03:50][PID=38108][TID=40988] UnmapViewOfFile done
[2026-03-18 15:03:50][PID=38108][TID=40988] CloseHandle done
[2026-03-18 15:03:50][PID=38108][TID=40988] free_shm leave
[2026-03-18 15:03:50][PID=33172][TID=27196] free_shm enter: ptr=05850000 handle=00000AF8 shm_pid=38108
[2026-03-18 15:03:50][PID=33172][TID=27196] UnmapViewOfFile done
[2026-03-18 15:03:50][PID=33172][TID=27196] CloseHandle done
[2026-03-18 15:03:50][PID=33172][TID=27196] free_shm leave
[2026-03-18 15:10:34][PID=22864][TID=36348] get_shm enter: targetPid=43956 create=1
[2026-03-18 15:10:34][PID=22864][TID=36348] names: local=Local\{385FC524-96E3-4839-9909-1F2135D4F928} | global=Global\{385FC524-96E3-4839-9909-1F2135D4F928}
[2026-03-18 15:10:34][PID=22864][TID=36348] OpenFileMapping(local) => handle=00000000 err=2
[2026-03-18 15:10:34][PID=22864][TID=36348] OpenFileMapping(global) => handle=00000000 err=2
[2026-03-18 15:10:34][PID=22864][TID=36348] CreateFileMapping(local) => handle=00000B20 err=0
[2026-03-18 15:10:34][PID=22864][TID=36348] MapViewOfFile => ptr=11750000 err=183
[2026-03-18 15:10:34][PID=22864][TID=36348] get_shm success: shm_pid=43956
[2026-03-18 15:10:34][PID=43956][TID=30316] get_shm enter: targetPid=43956 create=0
[2026-03-18 15:10:34][PID=43956][TID=30316] names: local=Local\{385FC524-96E3-4839-9909-1F2135D4F928} | global=Global\{385FC524-96E3-4839-9909-1F2135D4F928}
[2026-03-18 15:10:34][PID=43956][TID=30316] OpenFileMapping(local) => handle=00000318 err=183
[2026-03-18 15:10:34][PID=43956][TID=30316] MapViewOfFile => ptr=015D0000 err=183
[2026-03-18 15:10:34][PID=43956][TID=30316] get_shm success: shm_pid=43956
[2026-03-18 15:10:34][PID=43956][TID=30316] free_shm enter: ptr=015D0000 handle=00000318 shm_pid=43956
[2026-03-18 15:10:34][PID=43956][TID=30316] UnmapViewOfFile done
[2026-03-18 15:10:34][PID=43956][TID=30316] CloseHandle done
[2026-03-18 15:10:34][PID=43956][TID=30316] free_shm leave
[2026-03-18 15:10:34][PID=22864][TID=36348] free_shm enter: ptr=11750000 handle=00000B20 shm_pid=43956
[2026-03-18 15:10:34][PID=22864][TID=36348] UnmapViewOfFile done
[2026-03-18 15:10:34][PID=22864][TID=36348] CloseHandle done
[2026-03-18 15:10:34][PID=22864][TID=36348] free_shm leave
[2026-03-18 15:13:36][PID=28628][TID=34128] get_shm enter: targetPid=18068 create=1
[2026-03-18 15:13:36][PID=28628][TID=34128] names: local=Local\{385FC524-96E3-4839-9909-1F2135D4F928} | global=Global\{385FC524-96E3-4839-9909-1F2135D4F928}
[2026-03-18 15:13:36][PID=28628][TID=34128] OpenFileMapping(local) => handle=00000000 err=2
[2026-03-18 15:13:36][PID=28628][TID=34128] OpenFileMapping(global) => handle=00000000 err=2
[2026-03-18 15:13:36][PID=28628][TID=34128] CreateFileMapping(local) => handle=00000B20 err=0
[2026-03-18 15:13:36][PID=28628][TID=34128] MapViewOfFile => ptr=11380000 err=183
[2026-03-18 15:13:36][PID=28628][TID=34128] get_shm success: shm_pid=18068
[2026-03-18 15:13:36][PID=18068][TID=20356] get_shm enter: targetPid=18068 create=0
[2026-03-18 15:13:36][PID=18068][TID=20356] names: local=Local\{385FC524-96E3-4839-9909-1F2135D4F928} | global=Global\{385FC524-96E3-4839-9909-1F2135D4F928}
[2026-03-18 15:13:36][PID=18068][TID=20356] OpenFileMapping(local) => handle=00000318 err=183
[2026-03-18 15:13:36][PID=18068][TID=20356] MapViewOfFile => ptr=01560000 err=183
[2026-03-18 15:13:36][PID=18068][TID=20356] get_shm success: shm_pid=18068
[2026-03-18 15:13:36][PID=18068][TID=20356] free_shm enter: ptr=01560000 handle=00000318 shm_pid=18068
[2026-03-18 15:13:36][PID=18068][TID=20356] UnmapViewOfFile done
[2026-03-18 15:13:36][PID=18068][TID=20356] CloseHandle done
[2026-03-18 15:13:36][PID=18068][TID=20356] free_shm leave
[2026-03-18 15:13:36][PID=28628][TID=34128] free_shm enter: ptr=11380000 handle=00000B20 shm_pid=18068
[2026-03-18 15:13:36][PID=28628][TID=34128] UnmapViewOfFile done
[2026-03-18 15:13:36][PID=28628][TID=34128] CloseHandle done
[2026-03-18 15:13:36][PID=28628][TID=34128] free_shm leave
[2026-03-18 15:16:00][PID=36636][TID=6176] get_shm enter: targetPid=23572 create=1
[2026-03-18 15:16:00][PID=36636][TID=6176] names: local=Local\{385FC524-96E3-4839-9909-1F2135D4F928} | global=Global\{385FC524-96E3-4839-9909-1F2135D4F928}
[2026-03-18 15:16:00][PID=36636][TID=6176] OpenFileMapping(local) => handle=00000000 err=2
[2026-03-18 15:16:00][PID=36636][TID=6176] OpenFileMapping(global) => handle=00000000 err=2
[2026-03-18 15:16:00][PID=36636][TID=6176] CreateFileMapping(local) => handle=00000B44 err=0
[2026-03-18 15:16:00][PID=36636][TID=6176] MapViewOfFile => ptr=11B20000 err=183
[2026-03-18 15:16:00][PID=36636][TID=6176] get_shm success: shm_pid=23572
[2026-03-18 15:16:00][PID=23572][TID=37096] get_shm enter: targetPid=23572 create=0
[2026-03-18 15:16:00][PID=23572][TID=37096] names: local=Local\{385FC524-96E3-4839-9909-1F2135D4F928} | global=Global\{385FC524-96E3-4839-9909-1F2135D4F928}
[2026-03-18 15:16:00][PID=23572][TID=37096] OpenFileMapping(local) => handle=000000E0 err=183
[2026-03-18 15:16:00][PID=23572][TID=37096] MapViewOfFile => ptr=01550000 err=183
[2026-03-18 15:16:00][PID=23572][TID=37096] get_shm success: shm_pid=23572
[2026-03-18 15:16:00][PID=23572][TID=37096] free_shm enter: ptr=01550000 handle=000000E0 shm_pid=23572
[2026-03-18 15:16:00][PID=23572][TID=37096] UnmapViewOfFile done
[2026-03-18 15:16:00][PID=23572][TID=37096] CloseHandle done
[2026-03-18 15:16:00][PID=23572][TID=37096] free_shm leave
[2026-03-18 15:16:00][PID=36636][TID=6176] free_shm enter: ptr=11B20000 handle=00000B44 shm_pid=23572
[2026-03-18 15:16:00][PID=36636][TID=6176] UnmapViewOfFile done
[2026-03-18 15:16:00][PID=36636][TID=6176] CloseHandle done
[2026-03-18 15:16:00][PID=36636][TID=6176] free_shm leave
[2026-03-18 15:18:34][PID=30956][TID=38872] get_shm enter: targetPid=37144 create=1
[2026-03-18 15:18:34][PID=30956][TID=38872] names: local=Local\{385FC524-96E3-4839-9909-1F2135D4F928} | global=Global\{385FC524-96E3-4839-9909-1F2135D4F928}
[2026-03-18 15:18:34][PID=30956][TID=38872] OpenFileMapping(local) => handle=00000000 err=2
[2026-03-18 15:18:34][PID=30956][TID=38872] OpenFileMapping(global) => handle=00000000 err=2
[2026-03-18 15:18:34][PID=30956][TID=38872] CreateFileMapping(local) => handle=00000920 err=0
[2026-03-18 15:18:34][PID=30956][TID=38872] MapViewOfFile => ptr=11800000 err=183
[2026-03-18 15:18:34][PID=30956][TID=38872] get_shm success: shm_pid=37144
[2026-03-18 15:18:34][PID=37144][TID=14976] get_shm enter: targetPid=37144 create=0
[2026-03-18 15:18:34][PID=37144][TID=14976] names: local=Local\{385FC524-96E3-4839-9909-1F2135D4F928} | global=Global\{385FC524-96E3-4839-9909-1F2135D4F928}
[2026-03-18 15:18:34][PID=37144][TID=14976] OpenFileMapping(local) => handle=00000300 err=183
[2026-03-18 15:18:34][PID=37144][TID=14976] MapViewOfFile => ptr=01510000 err=183
[2026-03-18 15:18:34][PID=37144][TID=14976] get_shm success: shm_pid=37144
[2026-03-18 15:18:34][PID=37144][TID=14976] free_shm enter: ptr=01510000 handle=00000300 shm_pid=37144
[2026-03-18 15:18:34][PID=37144][TID=14976] UnmapViewOfFile done
[2026-03-18 15:18:34][PID=37144][TID=14976] CloseHandle done
[2026-03-18 15:18:34][PID=37144][TID=14976] free_shm leave
[2026-03-18 15:18:34][PID=30956][TID=38872] free_shm enter: ptr=11800000 handle=00000920 shm_pid=37144
[2026-03-18 15:18:34][PID=30956][TID=38872] UnmapViewOfFile done
[2026-03-18 15:18:34][PID=30956][TID=38872] CloseHandle done
[2026-03-18 15:18:34][PID=30956][TID=38872] free_shm leave
[2026-03-18 15:21:13][PID=44140][TID=25684] get_shm enter: targetPid=35232 create=1
[2026-03-18 15:21:13][PID=44140][TID=25684] names: local=Local\{385FC524-96E3-4839-9909-1F2135D4F928} | global=Global\{385FC524-96E3-4839-9909-1F2135D4F928}
[2026-03-18 15:21:13][PID=44140][TID=25684] OpenFileMapping(local) => handle=00000000 err=2
[2026-03-18 15:21:13][PID=44140][TID=25684] OpenFileMapping(global) => handle=00000000 err=2
[2026-03-18 15:21:13][PID=44140][TID=25684] CreateFileMapping(local) => handle=00000AF0 err=0
[2026-03-18 15:21:13][PID=44140][TID=25684] MapViewOfFile => ptr=0FCF0000 err=183
[2026-03-18 15:21:13][PID=44140][TID=25684] get_shm success: shm_pid=35232
[2026-03-18 15:21:13][PID=35232][TID=26320] get_shm enter: targetPid=35232 create=0
[2026-03-18 15:21:13][PID=35232][TID=26320] names: local=Local\{385FC524-96E3-4839-9909-1F2135D4F928} | global=Global\{385FC524-96E3-4839-9909-1F2135D4F928}
[2026-03-18 15:21:13][PID=35232][TID=26320] OpenFileMapping(local) => handle=0000031C err=183
[2026-03-18 15:21:13][PID=35232][TID=26320] MapViewOfFile => ptr=01590000 err=183
[2026-03-18 15:21:13][PID=35232][TID=26320] get_shm success: shm_pid=35232
[2026-03-18 15:21:13][PID=35232][TID=26320] free_shm enter: ptr=01590000 handle=0000031C shm_pid=35232
[2026-03-18 15:21:13][PID=35232][TID=26320] UnmapViewOfFile done
[2026-03-18 15:21:13][PID=35232][TID=26320] CloseHandle done
[2026-03-18 15:21:13][PID=35232][TID=26320] free_shm leave
[2026-03-18 15:21:13][PID=44140][TID=25684] free_shm enter: ptr=0FCF0000 handle=00000AF0 shm_pid=35232
[2026-03-18 15:21:13][PID=44140][TID=25684] UnmapViewOfFile done
[2026-03-18 15:21:13][PID=44140][TID=25684] CloseHandle done
[2026-03-18 15:21:13][PID=44140][TID=25684] free_shm leave
[2026-03-18 15:28:52][PID=15600][TID=21624] get_shm enter: targetPid=29464 create=1
[2026-03-18 15:28:52][PID=15600][TID=21624] names: local=Local\{385FC524-96E3-4839-9909-1F2135D4F928} | global=Global\{385FC524-96E3-4839-9909-1F2135D4F928}
[2026-03-18 15:28:52][PID=15600][TID=21624] OpenFileMapping(local) => handle=00000000 err=2
[2026-03-18 15:28:52][PID=15600][TID=21624] OpenFileMapping(global) => handle=00000000 err=2
[2026-03-18 15:28:52][PID=15600][TID=21624] CreateFileMapping(local) => handle=00000B14 err=0
[2026-03-18 15:28:52][PID=15600][TID=21624] MapViewOfFile => ptr=0DC70000 err=183
[2026-03-18 15:28:52][PID=15600][TID=21624] get_shm success: shm_pid=29464
[2026-03-18 15:28:52][PID=29464][TID=18480] get_shm enter: targetPid=29464 create=0
[2026-03-18 15:28:52][PID=29464][TID=18480] names: local=Local\{385FC524-96E3-4839-9909-1F2135D4F928} | global=Global\{385FC524-96E3-4839-9909-1F2135D4F928}
[2026-03-18 15:28:52][PID=29464][TID=18480] OpenFileMapping(local) => handle=000000C8 err=183
[2026-03-18 15:28:52][PID=29464][TID=18480] MapViewOfFile => ptr=03060000 err=183
[2026-03-18 15:28:52][PID=29464][TID=18480] get_shm success: shm_pid=29464
[2026-03-18 15:28:52][PID=29464][TID=18480] free_shm enter: ptr=03060000 handle=000000C8 shm_pid=29464
[2026-03-18 15:28:52][PID=29464][TID=18480] UnmapViewOfFile done
[2026-03-18 15:28:52][PID=29464][TID=18480] CloseHandle done
[2026-03-18 15:28:52][PID=29464][TID=18480] free_shm leave
[2026-03-18 15:28:52][PID=15600][TID=21624] free_shm enter: ptr=0DC70000 handle=00000B14 shm_pid=29464
[2026-03-18 15:28:52][PID=15600][TID=21624] UnmapViewOfFile done
[2026-03-18 15:28:52][PID=15600][TID=21624] CloseHandle done
[2026-03-18 15:28:52][PID=15600][TID=21624] free_shm leave
[2026-03-18 15:33:20][PID=1040][TID=14768] get_shm enter: targetPid=6696 create=1
[2026-03-18 15:33:20][PID=1040][TID=14768] names: local=Local\{385FC524-96E3-4839-9909-1F2135D4F928} | global=Global\{385FC524-96E3-4839-9909-1F2135D4F928}
[2026-03-18 15:33:20][PID=1040][TID=14768] OpenFileMapping(local) => handle=00000000 err=2
[2026-03-18 15:33:20][PID=1040][TID=14768] OpenFileMapping(global) => handle=00000000 err=2
[2026-03-18 15:33:20][PID=1040][TID=14768] CreateFileMapping(local) => handle=00000B0C err=0
[2026-03-18 15:33:20][PID=1040][TID=14768] MapViewOfFile => ptr=05710000 err=183
[2026-03-18 15:33:20][PID=1040][TID=14768] get_shm success: shm_pid=6696
[2026-03-18 15:33:20][PID=6696][TID=11468] get_shm enter: targetPid=6696 create=0
[2026-03-18 15:33:20][PID=6696][TID=11468] names: local=Local\{385FC524-96E3-4839-9909-1F2135D4F928} | global=Global\{385FC524-96E3-4839-9909-1F2135D4F928}
[2026-03-18 15:33:20][PID=6696][TID=11468] OpenFileMapping(local) => handle=00000300 err=183
[2026-03-18 15:33:20][PID=6696][TID=11468] MapViewOfFile => ptr=01D10000 err=183
[2026-03-18 15:33:20][PID=6696][TID=11468] get_shm success: shm_pid=6696
[2026-03-18 15:33:20][PID=6696][TID=11468] free_shm enter: ptr=01D10000 handle=00000300 shm_pid=6696
[2026-03-18 15:33:20][PID=6696][TID=11468] UnmapViewOfFile done
[2026-03-18 15:33:20][PID=6696][TID=11468] CloseHandle done
[2026-03-18 15:33:20][PID=6696][TID=11468] free_shm leave
[2026-03-18 15:33:20][PID=1040][TID=14768] free_shm enter: ptr=05710000 handle=00000B0C shm_pid=6696
[2026-03-18 15:33:20][PID=1040][TID=14768] UnmapViewOfFile done
[2026-03-18 15:33:20][PID=1040][TID=14768] CloseHandle done
[2026-03-18 15:33:20][PID=1040][TID=14768] free_shm leave
[2026-03-18 15:55:45][PID=26948][TID=4376] get_shm enter: targetPid=11224 create=1
[2026-03-18 15:55:45][PID=26948][TID=4376] names: local=Local\{385FC524-96E3-4839-9909-1F2135D4F928} | global=Global\{385FC524-96E3-4839-9909-1F2135D4F928}
[2026-03-18 15:55:45][PID=26948][TID=4376] OpenFileMapping(local) => handle=00000000 err=2
[2026-03-18 15:55:45][PID=26948][TID=4376] OpenFileMapping(global) => handle=00000000 err=2
[2026-03-18 15:55:45][PID=26948][TID=4376] CreateFileMapping(local) => handle=00000AE4 err=0
[2026-03-18 15:55:45][PID=26948][TID=4376] MapViewOfFile => ptr=05580000 err=183
[2026-03-18 15:55:45][PID=26948][TID=4376] get_shm success: shm_pid=11224
[2026-03-18 15:55:45][PID=11224][TID=34896] get_shm enter: targetPid=11224 create=0
[2026-03-18 15:55:45][PID=11224][TID=34896] names: local=Local\{385FC524-96E3-4839-9909-1F2135D4F928} | global=Global\{385FC524-96E3-4839-9909-1F2135D4F928}
[2026-03-18 15:55:45][PID=11224][TID=34896] OpenFileMapping(local) => handle=00000308 err=183
[2026-03-18 15:55:45][PID=11224][TID=34896] MapViewOfFile => ptr=016C0000 err=183
[2026-03-18 15:55:45][PID=11224][TID=34896] get_shm success: shm_pid=11224
[2026-03-18 15:55:45][PID=11224][TID=34896] free_shm enter: ptr=016C0000 handle=00000308 shm_pid=11224
[2026-03-18 15:55:45][PID=11224][TID=34896] UnmapViewOfFile done
[2026-03-18 15:55:45][PID=11224][TID=34896] CloseHandle done
[2026-03-18 15:55:45][PID=11224][TID=34896] free_shm leave
[2026-03-18 15:55:45][PID=26948][TID=4376] free_shm enter: ptr=05580000 handle=00000AE4 shm_pid=11224
[2026-03-18 15:55:45][PID=26948][TID=4376] UnmapViewOfFile done
[2026-03-18 15:55:45][PID=26948][TID=4376] CloseHandle done
[2026-03-18 15:55:45][PID=26948][TID=4376] free_shm leave
[2026-03-18 15:59:39][PID=33024][TID=21760] get_shm enter: targetPid=25852 create=1
[2026-03-18 15:59:39][PID=33024][TID=21760] names: local=Local\{385FC524-96E3-4839-9909-1F2135D4F928} | global=Global\{385FC524-96E3-4839-9909-1F2135D4F928}
[2026-03-18 15:59:39][PID=33024][TID=21760] OpenFileMapping(local) => handle=00000000 err=2
[2026-03-18 15:59:39][PID=33024][TID=21760] OpenFileMapping(global) => handle=00000000 err=2
[2026-03-18 15:59:39][PID=33024][TID=21760] CreateFileMapping(local) => handle=00000B2C err=0
[2026-03-18 15:59:39][PID=33024][TID=21760] MapViewOfFile => ptr=05980000 err=183
[2026-03-18 15:59:39][PID=33024][TID=21760] get_shm success: shm_pid=25852
[2026-03-18 15:59:39][PID=25852][TID=13660] get_shm enter: targetPid=25852 create=0
[2026-03-18 15:59:39][PID=25852][TID=13660] names: local=Local\{385FC524-96E3-4839-9909-1F2135D4F928} | global=Global\{385FC524-96E3-4839-9909-1F2135D4F928}
[2026-03-18 15:59:39][PID=25852][TID=13660] OpenFileMapping(local) => handle=00000320 err=183
[2026-03-18 15:59:39][PID=25852][TID=13660] MapViewOfFile => ptr=01550000 err=183
[2026-03-18 15:59:39][PID=25852][TID=13660] get_shm success: shm_pid=25852
[2026-03-18 15:59:39][PID=25852][TID=13660] free_shm enter: ptr=01550000 handle=00000320 shm_pid=25852
[2026-03-18 15:59:39][PID=25852][TID=13660] UnmapViewOfFile done
[2026-03-18 15:59:39][PID=25852][TID=13660] CloseHandle done
[2026-03-18 15:59:39][PID=25852][TID=13660] free_shm leave
[2026-03-18 15:59:39][PID=33024][TID=21760] free_shm enter: ptr=05980000 handle=00000B2C shm_pid=25852
[2026-03-18 15:59:39][PID=33024][TID=21760] UnmapViewOfFile done
[2026-03-18 15:59:39][PID=33024][TID=21760] CloseHandle done
[2026-03-18 15:59:39][PID=33024][TID=21760] free_shm leave
[2026-03-18 16:23:02][PID=30136][TID=39056] get_shm enter: targetPid=38536 create=1
[2026-03-18 16:23:02][PID=30136][TID=39056] names: local=Local\{385FC524-96E3-4839-9909-1F2135D4F928} | global=Global\{385FC524-96E3-4839-9909-1F2135D4F928}
[2026-03-18 16:23:02][PID=30136][TID=39056] OpenFileMapping(local) => handle=00000000 err=2
[2026-03-18 16:23:02][PID=30136][TID=39056] OpenFileMapping(global) => handle=00000000 err=2
[2026-03-18 16:23:02][PID=30136][TID=39056] CreateFileMapping(local) => handle=00000B20 err=0
[2026-03-18 16:23:02][PID=30136][TID=39056] MapViewOfFile => ptr=06A60000 err=183
[2026-03-18 16:23:02][PID=30136][TID=39056] get_shm success: shm_pid=38536
[2026-03-18 16:23:02][PID=38536][TID=27576] get_shm enter: targetPid=38536 create=0
[2026-03-18 16:23:02][PID=38536][TID=27576] names: local=Local\{385FC524-96E3-4839-9909-1F2135D4F928} | global=Global\{385FC524-96E3-4839-9909-1F2135D4F928}
[2026-03-18 16:23:02][PID=38536][TID=27576] OpenFileMapping(local) => handle=00000310 err=183
[2026-03-18 16:23:02][PID=38536][TID=27576] MapViewOfFile => ptr=01A70000 err=183
[2026-03-18 16:23:02][PID=38536][TID=27576] get_shm success: shm_pid=38536
[2026-03-18 16:23:02][PID=38536][TID=27576] free_shm enter: ptr=01A70000 handle=00000310 shm_pid=38536
[2026-03-18 16:23:02][PID=38536][TID=27576] UnmapViewOfFile done
[2026-03-18 16:23:02][PID=38536][TID=27576] CloseHandle done
[2026-03-18 16:23:02][PID=38536][TID=27576] free_shm leave
[2026-03-18 16:23:02][PID=30136][TID=39056] free_shm enter: ptr=06A60000 handle=00000B20 shm_pid=38536
[2026-03-18 16:23:02][PID=30136][TID=39056] UnmapViewOfFile done
[2026-03-18 16:23:02][PID=30136][TID=39056] CloseHandle done
[2026-03-18 16:23:02][PID=30136][TID=39056] free_shm leave
[2026-03-18 16:37:34][PID=892][TID=22660] get_shm enter: targetPid=31356 create=1
[2026-03-18 16:37:34][PID=892][TID=22660] names: local=Local\{385FC524-96E3-4839-9909-1F2135D4F928} | global=Global\{385FC524-96E3-4839-9909-1F2135D4F928}
[2026-03-18 16:37:34][PID=892][TID=22660] OpenFileMapping(local) => handle=00000000 err=2
[2026-03-18 16:37:34][PID=892][TID=22660] OpenFileMapping(global) => handle=00000000 err=2
[2026-03-18 16:37:34][PID=892][TID=22660] CreateFileMapping(local) => handle=00000B08 err=0
[2026-03-18 16:37:34][PID=892][TID=22660] MapViewOfFile => ptr=11D70000 err=183
[2026-03-18 16:37:34][PID=892][TID=22660] get_shm success: shm_pid=31356
[2026-03-18 16:37:34][PID=31356][TID=11116] get_shm enter: targetPid=31356 create=0
[2026-03-18 16:37:34][PID=31356][TID=11116] names: local=Local\{385FC524-96E3-4839-9909-1F2135D4F928} | global=Global\{385FC524-96E3-4839-9909-1F2135D4F928}
[2026-03-18 16:37:34][PID=31356][TID=11116] OpenFileMapping(local) => handle=000002F4 err=183
[2026-03-18 16:37:34][PID=31356][TID=11116] MapViewOfFile => ptr=015A0000 err=183
[2026-03-18 16:37:34][PID=31356][TID=11116] get_shm success: shm_pid=31356
[2026-03-18 16:37:34][PID=31356][TID=11116] free_shm enter: ptr=015A0000 handle=000002F4 shm_pid=31356
[2026-03-18 16:37:34][PID=31356][TID=11116] UnmapViewOfFile done
[2026-03-18 16:37:34][PID=31356][TID=11116] CloseHandle done
[2026-03-18 16:37:34][PID=31356][TID=11116] free_shm leave
[2026-03-18 16:37:34][PID=892][TID=22660] free_shm enter: ptr=11D70000 handle=00000B08 shm_pid=31356
[2026-03-18 16:37:34][PID=892][TID=22660] UnmapViewOfFile done
[2026-03-18 16:37:34][PID=892][TID=22660] CloseHandle done
[2026-03-18 16:37:34][PID=892][TID=22660] free_shm leave
[2026-03-18 16:49:57][PID=18296][TID=2732] get_shm enter: targetPid=25764 create=1
[2026-03-18 16:49:57][PID=18296][TID=2732] names: local=Local\{385FC524-96E3-4839-9909-1F2135D4F928} | global=Global\{385FC524-96E3-4839-9909-1F2135D4F928}
[2026-03-18 16:49:57][PID=18296][TID=2732] OpenFileMapping(local) => handle=00000000 err=2
[2026-03-18 16:49:57][PID=18296][TID=2732] OpenFileMapping(global) => handle=00000000 err=2
[2026-03-18 16:49:57][PID=18296][TID=2732] CreateFileMapping(local) => handle=00000ADC err=0
[2026-03-18 16:49:57][PID=18296][TID=2732] MapViewOfFile => ptr=12050000 err=183
[2026-03-18 16:49:57][PID=18296][TID=2732] get_shm success: shm_pid=25764
[2026-03-18 16:49:57][PID=25764][TID=10764] get_shm enter: targetPid=25764 create=0
[2026-03-18 16:49:57][PID=25764][TID=10764] names: local=Local\{385FC524-96E3-4839-9909-1F2135D4F928} | global=Global\{385FC524-96E3-4839-9909-1F2135D4F928}
[2026-03-18 16:49:57][PID=25764][TID=10764] OpenFileMapping(local) => handle=00000300 err=183
[2026-03-18 16:49:57][PID=25764][TID=10764] MapViewOfFile => ptr=03060000 err=183
[2026-03-18 16:49:57][PID=25764][TID=10764] get_shm success: shm_pid=25764
[2026-03-18 16:49:57][PID=25764][TID=10764] free_shm enter: ptr=03060000 handle=00000300 shm_pid=25764
[2026-03-18 16:49:57][PID=25764][TID=10764] UnmapViewOfFile done
[2026-03-18 16:49:57][PID=25764][TID=10764] CloseHandle done
[2026-03-18 16:49:57][PID=25764][TID=10764] free_shm leave
[2026-03-18 16:49:57][PID=18296][TID=2732] free_shm enter: ptr=12050000 handle=00000ADC shm_pid=25764
[2026-03-18 16:49:57][PID=18296][TID=2732] UnmapViewOfFile done
[2026-03-18 16:49:57][PID=18296][TID=2732] CloseHandle done
[2026-03-18 16:49:57][PID=18296][TID=2732] free_shm leave
[2026-03-18 16:55:33][PID=45272][TID=6932] get_shm enter: targetPid=27344 create=1
[2026-03-18 16:55:33][PID=45272][TID=6932] names: local=Local\{385FC524-96E3-4839-9909-1F2135D4F928} | global=Global\{385FC524-96E3-4839-9909-1F2135D4F928}
[2026-03-18 16:55:33][PID=45272][TID=6932] OpenFileMapping(local) => handle=00000000 err=2
[2026-03-18 16:55:33][PID=45272][TID=6932] OpenFileMapping(global) => handle=00000000 err=2
[2026-03-18 16:55:33][PID=45272][TID=6932] CreateFileMapping(local) => handle=00000B18 err=0
[2026-03-18 16:55:33][PID=45272][TID=6932] MapViewOfFile => ptr=112E0000 err=183
[2026-03-18 16:55:33][PID=45272][TID=6932] get_shm success: shm_pid=27344
[2026-03-18 16:55:33][PID=27344][TID=40552] get_shm enter: targetPid=27344 create=0
[2026-03-18 16:55:33][PID=27344][TID=40552] names: local=Local\{385FC524-96E3-4839-9909-1F2135D4F928} | global=Global\{385FC524-96E3-4839-9909-1F2135D4F928}
[2026-03-18 16:55:33][PID=27344][TID=40552] OpenFileMapping(local) => handle=00000304 err=183
[2026-03-18 16:55:33][PID=27344][TID=40552] MapViewOfFile => ptr=01330000 err=183
[2026-03-18 16:55:33][PID=27344][TID=40552] get_shm success: shm_pid=27344
[2026-03-18 16:55:33][PID=27344][TID=40552] free_shm enter: ptr=01330000 handle=00000304 shm_pid=27344
[2026-03-18 16:55:33][PID=27344][TID=40552] UnmapViewOfFile done
[2026-03-18 16:55:33][PID=27344][TID=40552] CloseHandle done
[2026-03-18 16:55:33][PID=27344][TID=40552] free_shm leave
[2026-03-18 16:55:33][PID=45272][TID=6932] free_shm enter: ptr=112E0000 handle=00000B18 shm_pid=27344
[2026-03-18 16:55:33][PID=45272][TID=6932] UnmapViewOfFile done
[2026-03-18 16:55:33][PID=45272][TID=6932] CloseHandle done
[2026-03-18 16:55:33][PID=45272][TID=6932] free_shm leave
[2026-03-18 16:58:33][PID=14256][TID=548] get_shm enter: targetPid=41104 create=1
[2026-03-18 16:58:33][PID=14256][TID=548] names: local=Local\{385FC524-96E3-4839-9909-1F2135D4F928} | global=Global\{385FC524-96E3-4839-9909-1F2135D4F928}
[2026-03-18 16:58:33][PID=14256][TID=548] OpenFileMapping(local) => handle=00000000 err=2
[2026-03-18 16:58:33][PID=14256][TID=548] OpenFileMapping(global) => handle=00000000 err=2
[2026-03-18 16:58:33][PID=14256][TID=548] CreateFileMapping(local) => handle=00000B40 err=0
[2026-03-18 16:58:33][PID=14256][TID=548] MapViewOfFile => ptr=0F080000 err=183
[2026-03-18 16:58:33][PID=14256][TID=548] get_shm success: shm_pid=41104
[2026-03-18 16:58:33][PID=41104][TID=16188] get_shm enter: targetPid=41104 create=0
[2026-03-18 16:58:33][PID=41104][TID=16188] names: local=Local\{385FC524-96E3-4839-9909-1F2135D4F928} | global=Global\{385FC524-96E3-4839-9909-1F2135D4F928}
[2026-03-18 16:58:33][PID=41104][TID=16188] OpenFileMapping(local) => handle=00000300 err=183
[2026-03-18 16:58:33][PID=41104][TID=16188] MapViewOfFile => ptr=015D0000 err=183
[2026-03-18 16:58:33][PID=41104][TID=16188] get_shm success: shm_pid=41104
[2026-03-18 16:58:33][PID=41104][TID=16188] free_shm enter: ptr=015D0000 handle=00000300 shm_pid=41104
[2026-03-18 16:58:33][PID=41104][TID=16188] UnmapViewOfFile done
[2026-03-18 16:58:33][PID=41104][TID=16188] CloseHandle done
[2026-03-18 16:58:33][PID=41104][TID=16188] free_shm leave
[2026-03-18 16:58:33][PID=14256][TID=548] free_shm enter: ptr=0F080000 handle=00000B40 shm_pid=41104
[2026-03-18 16:58:33][PID=14256][TID=548] UnmapViewOfFile done
[2026-03-18 16:58:33][PID=14256][TID=548] CloseHandle done
[2026-03-18 16:58:33][PID=14256][TID=548] free_shm leave
[2026-03-18 17:02:01][PID=24948][TID=27556] get_shm enter: targetPid=24120 create=1
[2026-03-18 17:02:01][PID=24948][TID=27556] names: local=Local\{385FC524-96E3-4839-9909-1F2135D4F928} | global=Global\{385FC524-96E3-4839-9909-1F2135D4F928}
[2026-03-18 17:02:01][PID=24948][TID=27556] OpenFileMapping(local) => handle=00000000 err=2
[2026-03-18 17:02:01][PID=24948][TID=27556] OpenFileMapping(global) => handle=00000000 err=2
[2026-03-18 17:02:01][PID=24948][TID=27556] CreateFileMapping(local) => handle=00000B28 err=0
[2026-03-18 17:02:01][PID=24948][TID=27556] MapViewOfFile => ptr=116C0000 err=183
[2026-03-18 17:02:01][PID=24948][TID=27556] get_shm success: shm_pid=24120
[2026-03-18 17:02:01][PID=24120][TID=24448] get_shm enter: targetPid=24120 create=0
[2026-03-18 17:02:01][PID=24120][TID=24448] names: local=Local\{385FC524-96E3-4839-9909-1F2135D4F928} | global=Global\{385FC524-96E3-4839-9909-1F2135D4F928}
[2026-03-18 17:02:01][PID=24120][TID=24448] OpenFileMapping(local) => handle=00000300 err=183
[2026-03-18 17:02:01][PID=24120][TID=24448] MapViewOfFile => ptr=015E0000 err=183
[2026-03-18 17:02:01][PID=24120][TID=24448] get_shm success: shm_pid=24120
[2026-03-18 17:02:01][PID=24120][TID=24448] free_shm enter: ptr=015E0000 handle=00000300 shm_pid=24120
[2026-03-18 17:02:01][PID=24120][TID=24448] UnmapViewOfFile done
[2026-03-18 17:02:01][PID=24120][TID=24448] CloseHandle done
[2026-03-18 17:02:01][PID=24120][TID=24448] free_shm leave
[2026-03-18 17:02:01][PID=24948][TID=27556] free_shm enter: ptr=116C0000 handle=00000B28 shm_pid=24120
[2026-03-18 17:02:01][PID=24948][TID=27556] UnmapViewOfFile done
[2026-03-18 17:02:01][PID=24948][TID=27556] CloseHandle done
[2026-03-18 17:02:01][PID=24948][TID=27556] free_shm leave
[2026-03-18 17:04:38][PID=27916][TID=44492] get_shm enter: targetPid=41644 create=1
[2026-03-18 17:04:38][PID=27916][TID=44492] names: local=Local\{385FC524-96E3-4839-9909-1F2135D4F928} | global=Global\{385FC524-96E3-4839-9909-1F2135D4F928}
[2026-03-18 17:04:38][PID=27916][TID=44492] OpenFileMapping(local) => handle=00000000 err=2
[2026-03-18 17:04:38][PID=27916][TID=44492] OpenFileMapping(global) => handle=00000000 err=2
[2026-03-18 17:04:38][PID=27916][TID=44492] CreateFileMapping(local) => handle=00000B20 err=0
[2026-03-18 17:04:38][PID=27916][TID=44492] MapViewOfFile => ptr=0F450000 err=183
[2026-03-18 17:04:38][PID=27916][TID=44492] get_shm success: shm_pid=41644
[2026-03-18 17:04:39][PID=41644][TID=30532] get_shm enter: targetPid=41644 create=0
[2026-03-18 17:04:39][PID=41644][TID=30532] names: local=Local\{385FC524-96E3-4839-9909-1F2135D4F928} | global=Global\{385FC524-96E3-4839-9909-1F2135D4F928}
[2026-03-18 17:04:39][PID=41644][TID=30532] OpenFileMapping(local) => handle=00000300 err=183
[2026-03-18 17:04:39][PID=41644][TID=30532] MapViewOfFile => ptr=01590000 err=183
[2026-03-18 17:04:39][PID=41644][TID=30532] get_shm success: shm_pid=41644
[2026-03-18 17:04:39][PID=41644][TID=30532] free_shm enter: ptr=01590000 handle=00000300 shm_pid=41644
[2026-03-18 17:04:39][PID=41644][TID=30532] UnmapViewOfFile done
[2026-03-18 17:04:39][PID=41644][TID=30532] CloseHandle done
[2026-03-18 17:04:39][PID=41644][TID=30532] free_shm leave
[2026-03-18 17:04:39][PID=27916][TID=44492] free_shm enter: ptr=0F450000 handle=00000B20 shm_pid=41644
[2026-03-18 17:04:39][PID=27916][TID=44492] UnmapViewOfFile done
[2026-03-18 17:04:39][PID=27916][TID=44492] CloseHandle done
[2026-03-18 17:04:39][PID=27916][TID=44492] free_shm leave
[2026-03-18 17:07:54][PID=19520][TID=14332] get_shm enter: targetPid=27516 create=1
[2026-03-18 17:07:54][PID=19520][TID=14332] names: local=Local\{385FC524-96E3-4839-9909-1F2135D4F928} | global=Global\{385FC524-96E3-4839-9909-1F2135D4F928}
[2026-03-18 17:07:54][PID=19520][TID=14332] OpenFileMapping(local) => handle=00000000 err=2
[2026-03-18 17:07:54][PID=19520][TID=14332] OpenFileMapping(global) => handle=00000000 err=2
[2026-03-18 17:07:54][PID=19520][TID=14332] CreateFileMapping(local) => handle=00000B18 err=0
[2026-03-18 17:07:54][PID=19520][TID=14332] MapViewOfFile => ptr=11E00000 err=183
[2026-03-18 17:07:54][PID=19520][TID=14332] get_shm success: shm_pid=27516
[2026-03-18 17:07:54][PID=27516][TID=36816] get_shm enter: targetPid=27516 create=0
[2026-03-18 17:07:54][PID=27516][TID=36816] names: local=Local\{385FC524-96E3-4839-9909-1F2135D4F928} | global=Global\{385FC524-96E3-4839-9909-1F2135D4F928}
[2026-03-18 17:07:54][PID=27516][TID=36816] OpenFileMapping(local) => handle=00000304 err=183
[2026-03-18 17:07:54][PID=27516][TID=36816] MapViewOfFile => ptr=01AB0000 err=183
[2026-03-18 17:07:54][PID=27516][TID=36816] get_shm success: shm_pid=27516
[2026-03-18 17:07:54][PID=27516][TID=36816] free_shm enter: ptr=01AB0000 handle=00000304 shm_pid=27516
[2026-03-18 17:07:54][PID=27516][TID=36816] UnmapViewOfFile done
[2026-03-18 17:07:54][PID=27516][TID=36816] CloseHandle done
[2026-03-18 17:07:54][PID=27516][TID=36816] free_shm leave
[2026-03-18 17:07:54][PID=19520][TID=14332] free_shm enter: ptr=11E00000 handle=00000B18 shm_pid=27516
[2026-03-18 17:07:54][PID=19520][TID=14332] UnmapViewOfFile done
[2026-03-18 17:07:54][PID=19520][TID=14332] CloseHandle done
[2026-03-18 17:07:54][PID=19520][TID=14332] free_shm leave
[2026-03-18 17:08:54][PID=40424][TID=27340] get_shm enter: targetPid=34612 create=1
[2026-03-18 17:08:54][PID=40424][TID=27340] names: local=Local\{385FC524-96E3-4839-9909-1F2135D4F928} | global=Global\{385FC524-96E3-4839-9909-1F2135D4F928}
[2026-03-18 17:08:54][PID=40424][TID=27340] OpenFileMapping(local) => handle=00000000 err=2
[2026-03-18 17:08:54][PID=40424][TID=27340] OpenFileMapping(global) => handle=00000000 err=2
[2026-03-18 17:08:54][PID=40424][TID=27340] CreateFileMapping(local) => handle=00000B00 err=0
[2026-03-18 17:08:54][PID=40424][TID=27340] MapViewOfFile => ptr=112E0000 err=183
[2026-03-18 17:08:54][PID=40424][TID=27340] get_shm success: shm_pid=34612
[2026-03-18 17:08:54][PID=34612][TID=37488] get_shm enter: targetPid=34612 create=0
[2026-03-18 17:08:54][PID=34612][TID=37488] names: local=Local\{385FC524-96E3-4839-9909-1F2135D4F928} | global=Global\{385FC524-96E3-4839-9909-1F2135D4F928}
[2026-03-18 17:08:54][PID=34612][TID=37488] OpenFileMapping(local) => handle=00000300 err=183
[2026-03-18 17:08:54][PID=34612][TID=37488] MapViewOfFile => ptr=01550000 err=183
[2026-03-18 17:08:54][PID=34612][TID=37488] get_shm success: shm_pid=34612
[2026-03-18 17:08:54][PID=34612][TID=37488] free_shm enter: ptr=01550000 handle=00000300 shm_pid=34612
[2026-03-18 17:08:54][PID=34612][TID=37488] UnmapViewOfFile done
[2026-03-18 17:08:54][PID=34612][TID=37488] CloseHandle done
[2026-03-18 17:08:54][PID=34612][TID=37488] free_shm leave
[2026-03-18 17:08:54][PID=40424][TID=27340] free_shm enter: ptr=112E0000 handle=00000B00 shm_pid=34612
[2026-03-18 17:08:54][PID=40424][TID=27340] UnmapViewOfFile done
[2026-03-18 17:08:54][PID=40424][TID=27340] CloseHandle done
[2026-03-18 17:08:54][PID=40424][TID=27340] free_shm leave
[2026-03-18 17:09:58][PID=37508][TID=23576] get_shm enter: targetPid=41020 create=1
[2026-03-18 17:09:58][PID=37508][TID=23576] names: local=Local\{385FC524-96E3-4839-9909-1F2135D4F928} | global=Global\{385FC524-96E3-4839-9909-1F2135D4F928}
[2026-03-18 17:09:58][PID=37508][TID=23576] OpenFileMapping(local) => handle=00000000 err=2
[2026-03-18 17:09:58][PID=37508][TID=23576] OpenFileMapping(global) => handle=00000000 err=2
[2026-03-18 17:09:58][PID=37508][TID=23576] CreateFileMapping(local) => handle=00000B20 err=0
[2026-03-18 17:09:58][PID=37508][TID=23576] MapViewOfFile => ptr=05880000 err=183
[2026-03-18 17:09:58][PID=37508][TID=23576] get_shm success: shm_pid=41020
[2026-03-18 17:09:58][PID=41020][TID=34564] get_shm enter: targetPid=41020 create=0
[2026-03-18 17:09:58][PID=41020][TID=34564] names: local=Local\{385FC524-96E3-4839-9909-1F2135D4F928} | global=Global\{385FC524-96E3-4839-9909-1F2135D4F928}
[2026-03-18 17:09:58][PID=41020][TID=34564] OpenFileMapping(local) => handle=00000300 err=183
[2026-03-18 17:09:58][PID=41020][TID=34564] MapViewOfFile => ptr=01510000 err=183
[2026-03-18 17:09:58][PID=41020][TID=34564] get_shm success: shm_pid=41020
[2026-03-18 17:09:58][PID=41020][TID=34564] free_shm enter: ptr=01510000 handle=00000300 shm_pid=41020
[2026-03-18 17:09:58][PID=41020][TID=34564] UnmapViewOfFile done
[2026-03-18 17:09:58][PID=41020][TID=34564] CloseHandle done
[2026-03-18 17:09:58][PID=41020][TID=34564] free_shm leave
[2026-03-18 17:09:58][PID=37508][TID=23576] free_shm enter: ptr=05880000 handle=00000B20 shm_pid=41020
[2026-03-18 17:09:58][PID=37508][TID=23576] UnmapViewOfFile done
[2026-03-18 17:09:58][PID=37508][TID=23576] CloseHandle done
[2026-03-18 17:09:58][PID=37508][TID=23576] free_shm leave
[2026-03-18 17:17:12][PID=27628][TID=31848] get_shm enter: targetPid=31784 create=1
[2026-03-18 17:17:12][PID=27628][TID=31848] names: local=Local\{385FC524-96E3-4839-9909-1F2135D4F928} | global=Global\{385FC524-96E3-4839-9909-1F2135D4F928}
[2026-03-18 17:17:12][PID=27628][TID=31848] OpenFileMapping(local) => handle=00000000 err=2
[2026-03-18 17:17:12][PID=27628][TID=31848] OpenFileMapping(global) => handle=00000000 err=2
[2026-03-18 17:17:12][PID=27628][TID=31848] CreateFileMapping(local) => handle=00000B20 err=0
[2026-03-18 17:17:12][PID=27628][TID=31848] MapViewOfFile => ptr=0FCA0000 err=183
[2026-03-18 17:17:12][PID=27628][TID=31848] get_shm success: shm_pid=31784
[2026-03-18 17:17:12][PID=31784][TID=27504] get_shm enter: targetPid=31784 create=0
[2026-03-18 17:17:12][PID=31784][TID=27504] names: local=Local\{385FC524-96E3-4839-9909-1F2135D4F928} | global=Global\{385FC524-96E3-4839-9909-1F2135D4F928}
[2026-03-18 17:17:12][PID=31784][TID=27504] OpenFileMapping(local) => handle=000000F4 err=183
[2026-03-18 17:17:12][PID=31784][TID=27504] MapViewOfFile => ptr=01330000 err=183
[2026-03-18 17:17:12][PID=31784][TID=27504] get_shm success: shm_pid=31784
[2026-03-18 17:17:12][PID=31784][TID=27504] free_shm enter: ptr=01330000 handle=000000F4 shm_pid=31784
[2026-03-18 17:17:12][PID=31784][TID=27504] UnmapViewOfFile done
[2026-03-18 17:17:12][PID=31784][TID=27504] CloseHandle done
[2026-03-18 17:17:12][PID=31784][TID=27504] free_shm leave
[2026-03-18 17:17:12][PID=27628][TID=31848] free_shm enter: ptr=0FCA0000 handle=00000B20 shm_pid=31784
[2026-03-18 17:17:12][PID=27628][TID=31848] UnmapViewOfFile done
[2026-03-18 17:17:12][PID=27628][TID=31848] CloseHandle done
[2026-03-18 17:17:12][PID=27628][TID=31848] free_shm leave
[2026-03-18 17:23:30][PID=20932][TID=16444] get_shm enter: targetPid=45848 create=1
[2026-03-18 17:23:30][PID=20932][TID=16444] names: local=Local\{385FC524-96E3-4839-9909-1F2135D4F928} | global=Global\{385FC524-96E3-4839-9909-1F2135D4F928}
[2026-03-18 17:23:30][PID=20932][TID=16444] OpenFileMapping(local) => handle=00000000 err=2
[2026-03-18 17:23:30][PID=20932][TID=16444] OpenFileMapping(global) => handle=00000000 err=2
[2026-03-18 17:23:30][PID=20932][TID=16444] CreateFileMapping(local) => handle=00000B08 err=0
[2026-03-18 17:23:30][PID=20932][TID=16444] MapViewOfFile => ptr=0E9A0000 err=183
[2026-03-18 17:23:30][PID=20932][TID=16444] get_shm success: shm_pid=45848
[2026-03-18 17:23:30][PID=45848][TID=24124] get_shm enter: targetPid=45848 create=0
[2026-03-18 17:23:30][PID=45848][TID=24124] names: local=Local\{385FC524-96E3-4839-9909-1F2135D4F928} | global=Global\{385FC524-96E3-4839-9909-1F2135D4F928}
[2026-03-18 17:23:30][PID=45848][TID=24124] OpenFileMapping(local) => handle=00000310 err=183
[2026-03-18 17:23:30][PID=45848][TID=24124] MapViewOfFile => ptr=01340000 err=183
[2026-03-18 17:23:30][PID=45848][TID=24124] get_shm success: shm_pid=45848
[2026-03-18 17:23:30][PID=45848][TID=24124] free_shm enter: ptr=01340000 handle=00000310 shm_pid=45848
[2026-03-18 17:23:30][PID=45848][TID=24124] UnmapViewOfFile done
[2026-03-18 17:23:30][PID=45848][TID=24124] CloseHandle done
[2026-03-18 17:23:30][PID=45848][TID=24124] free_shm leave
[2026-03-18 17:23:30][PID=20932][TID=16444] free_shm enter: ptr=0E9A0000 handle=00000B08 shm_pid=45848
[2026-03-18 17:23:30][PID=20932][TID=16444] UnmapViewOfFile done
[2026-03-18 17:23:30][PID=20932][TID=16444] CloseHandle done
[2026-03-18 17:23:30][PID=20932][TID=16444] free_shm leave
[2026-03-18 17:24:13][PID=32756][TID=32704] get_shm enter: targetPid=44276 create=1
[2026-03-18 17:24:13][PID=32756][TID=32704] names: local=Local\{385FC524-96E3-4839-9909-1F2135D4F928} | global=Global\{385FC524-96E3-4839-9909-1F2135D4F928}
[2026-03-18 17:24:13][PID=32756][TID=32704] OpenFileMapping(local) => handle=00000000 err=2
[2026-03-18 17:24:13][PID=32756][TID=32704] OpenFileMapping(global) => handle=00000000 err=2
[2026-03-18 17:24:13][PID=32756][TID=32704] CreateFileMapping(local) => handle=00000B1C err=0
[2026-03-18 17:24:13][PID=32756][TID=32704] MapViewOfFile => ptr=0F300000 err=183
[2026-03-18 17:24:13][PID=32756][TID=32704] get_shm success: shm_pid=44276
[2026-03-18 17:24:13][PID=44276][TID=31036] get_shm enter: targetPid=44276 create=0
[2026-03-18 17:24:13][PID=44276][TID=31036] names: local=Local\{385FC524-96E3-4839-9909-1F2135D4F928} | global=Global\{385FC524-96E3-4839-9909-1F2135D4F928}
[2026-03-18 17:24:13][PID=44276][TID=31036] OpenFileMapping(local) => handle=00000310 err=183
[2026-03-18 17:24:13][PID=44276][TID=31036] MapViewOfFile => ptr=03260000 err=183
[2026-03-18 17:24:13][PID=44276][TID=31036] get_shm success: shm_pid=44276
[2026-03-18 17:24:13][PID=44276][TID=31036] free_shm enter: ptr=03260000 handle=00000310 shm_pid=44276
[2026-03-18 17:24:13][PID=44276][TID=31036] UnmapViewOfFile done
[2026-03-18 17:24:13][PID=44276][TID=31036] CloseHandle done
[2026-03-18 17:24:13][PID=44276][TID=31036] free_shm leave
[2026-03-18 17:24:13][PID=32756][TID=32704] free_shm enter: ptr=0F300000 handle=00000B1C shm_pid=44276
[2026-03-18 17:24:13][PID=32756][TID=32704] UnmapViewOfFile done
[2026-03-18 17:24:13][PID=32756][TID=32704] CloseHandle done
[2026-03-18 17:24:13][PID=32756][TID=32704] free_shm leave
[2026-03-18 17:35:14][PID=25404][TID=33596] get_shm enter: targetPid=7136 create=1
[2026-03-18 17:35:14][PID=25404][TID=33596] names: local=Local\{385FC524-96E3-4839-9909-1F2135D4F928} | global=Global\{385FC524-96E3-4839-9909-1F2135D4F928}
[2026-03-18 17:35:14][PID=25404][TID=33596] OpenFileMapping(local) => handle=00000000 err=2
[2026-03-18 17:35:14][PID=25404][TID=33596] OpenFileMapping(global) => handle=00000000 err=2
[2026-03-18 17:35:14][PID=25404][TID=33596] CreateFileMapping(local) => handle=00000AAC err=0
[2026-03-18 17:35:14][PID=25404][TID=33596] MapViewOfFile => ptr=114F0000 err=183
[2026-03-18 17:35:14][PID=25404][TID=33596] get_shm success: shm_pid=7136
[2026-03-18 17:35:14][PID=7136][TID=24996] get_shm enter: targetPid=7136 create=0
[2026-03-18 17:35:14][PID=7136][TID=24996] names: local=Local\{385FC524-96E3-4839-9909-1F2135D4F928} | global=Global\{385FC524-96E3-4839-9909-1F2135D4F928}
[2026-03-18 17:35:14][PID=7136][TID=24996] OpenFileMapping(local) => handle=000002F8 err=183
[2026-03-18 17:35:14][PID=7136][TID=24996] MapViewOfFile => ptr=03160000 err=183
[2026-03-18 17:35:14][PID=7136][TID=24996] get_shm success: shm_pid=7136
[2026-03-18 17:35:14][PID=7136][TID=24996] free_shm enter: ptr=03160000 handle=000002F8 shm_pid=7136
[2026-03-18 17:35:14][PID=7136][TID=24996] UnmapViewOfFile done
[2026-03-18 17:35:14][PID=7136][TID=24996] CloseHandle done
[2026-03-18 17:35:14][PID=7136][TID=24996] free_shm leave
[2026-03-18 17:35:14][PID=25404][TID=33596] free_shm enter: ptr=114F0000 handle=00000AAC shm_pid=7136
[2026-03-18 17:35:14][PID=25404][TID=33596] UnmapViewOfFile done
[2026-03-18 17:35:14][PID=25404][TID=33596] CloseHandle done
[2026-03-18 17:35:14][PID=25404][TID=33596] free_shm leave
[2026-03-18 17:40:01][PID=15104][TID=29280] get_shm enter: targetPid=15644 create=1
[2026-03-18 17:40:01][PID=15104][TID=29280] names: local=Local\{385FC524-96E3-4839-9909-1F2135D4F928} | global=Global\{385FC524-96E3-4839-9909-1F2135D4F928}
[2026-03-18 17:40:01][PID=15104][TID=29280] OpenFileMapping(local) => handle=00000000 err=2
[2026-03-18 17:40:01][PID=15104][TID=29280] OpenFileMapping(global) => handle=00000000 err=2
[2026-03-18 17:40:01][PID=15104][TID=29280] CreateFileMapping(local) => handle=00000B04 err=0
[2026-03-18 17:40:01][PID=15104][TID=29280] MapViewOfFile => ptr=0FDD0000 err=183
[2026-03-18 17:40:01][PID=15104][TID=29280] get_shm success: shm_pid=15644
[2026-03-18 17:40:01][PID=15644][TID=24268] get_shm enter: targetPid=15644 create=0
[2026-03-18 17:40:01][PID=15644][TID=24268] names: local=Local\{385FC524-96E3-4839-9909-1F2135D4F928} | global=Global\{385FC524-96E3-4839-9909-1F2135D4F928}
[2026-03-18 17:40:01][PID=15644][TID=24268] OpenFileMapping(local) => handle=000000E8 err=183
[2026-03-18 17:40:01][PID=15644][TID=24268] MapViewOfFile => ptr=01370000 err=183
[2026-03-18 17:40:01][PID=15644][TID=24268] get_shm success: shm_pid=15644
[2026-03-18 17:40:01][PID=15644][TID=24268] free_shm enter: ptr=01370000 handle=000000E8 shm_pid=15644
[2026-03-18 17:40:01][PID=15644][TID=24268] UnmapViewOfFile done
[2026-03-18 17:40:01][PID=15644][TID=24268] CloseHandle done
[2026-03-18 17:40:01][PID=15644][TID=24268] free_shm leave
[2026-03-18 17:40:01][PID=15104][TID=29280] free_shm enter: ptr=0FDD0000 handle=00000B04 shm_pid=15644
[2026-03-18 17:40:01][PID=15104][TID=29280] UnmapViewOfFile done
[2026-03-18 17:40:01][PID=15104][TID=29280] CloseHandle done
[2026-03-18 17:40:01][PID=15104][TID=29280] free_shm leave
[2026-03-18 17:41:09][PID=23428][TID=29972] get_shm enter: targetPid=24996 create=1
[2026-03-18 17:41:09][PID=23428][TID=29972] names: local=Local\{385FC524-96E3-4839-9909-1F2135D4F928} | global=Global\{385FC524-96E3-4839-9909-1F2135D4F928}
[2026-03-18 17:41:09][PID=23428][TID=29972] OpenFileMapping(local) => handle=00000000 err=2
[2026-03-18 17:41:09][PID=23428][TID=29972] OpenFileMapping(global) => handle=00000000 err=2
[2026-03-18 17:41:09][PID=23428][TID=29972] CreateFileMapping(local) => handle=00000B20 err=0
[2026-03-18 17:41:09][PID=23428][TID=29972] MapViewOfFile => ptr=116D0000 err=183
[2026-03-18 17:41:09][PID=23428][TID=29972] get_shm success: shm_pid=24996
[2026-03-18 17:41:09][PID=24996][TID=38588] get_shm enter: targetPid=24996 create=0
[2026-03-18 17:41:09][PID=24996][TID=38588] names: local=Local\{385FC524-96E3-4839-9909-1F2135D4F928} | global=Global\{385FC524-96E3-4839-9909-1F2135D4F928}
[2026-03-18 17:41:09][PID=24996][TID=38588] OpenFileMapping(local) => handle=0000030C err=183
[2026-03-18 17:41:09][PID=24996][TID=38588] MapViewOfFile => ptr=01330000 err=183
[2026-03-18 17:41:09][PID=24996][TID=38588] get_shm success: shm_pid=24996
[2026-03-18 17:41:09][PID=24996][TID=38588] free_shm enter: ptr=01330000 handle=0000030C shm_pid=24996
[2026-03-18 17:41:09][PID=24996][TID=38588] UnmapViewOfFile done
[2026-03-18 17:41:09][PID=24996][TID=38588] CloseHandle done
[2026-03-18 17:41:09][PID=24996][TID=38588] free_shm leave
[2026-03-18 17:41:09][PID=23428][TID=29972] free_shm enter: ptr=116D0000 handle=00000B20 shm_pid=24996
[2026-03-18 17:41:09][PID=23428][TID=29972] UnmapViewOfFile done
[2026-03-18 17:41:09][PID=23428][TID=29972] CloseHandle done
[2026-03-18 17:41:09][PID=23428][TID=29972] free_shm leave
[2026-03-18 17:43:54][PID=15644][TID=20532] get_shm enter: targetPid=31624 create=1
[2026-03-18 17:43:54][PID=15644][TID=20532] names: local=Local\{385FC524-96E3-4839-9909-1F2135D4F928} | global=Global\{385FC524-96E3-4839-9909-1F2135D4F928}
[2026-03-18 17:43:54][PID=15644][TID=20532] OpenFileMapping(local) => handle=00000000 err=2
[2026-03-18 17:43:54][PID=15644][TID=20532] OpenFileMapping(global) => handle=00000000 err=2
[2026-03-18 17:43:54][PID=15644][TID=20532] CreateFileMapping(local) => handle=00000B10 err=0
[2026-03-18 17:43:54][PID=15644][TID=20532] MapViewOfFile => ptr=10F30000 err=183
[2026-03-18 17:43:54][PID=15644][TID=20532] get_shm success: shm_pid=31624
[2026-03-18 17:43:54][PID=31624][TID=25992] get_shm enter: targetPid=31624 create=0
[2026-03-18 17:43:54][PID=31624][TID=25992] names: local=Local\{385FC524-96E3-4839-9909-1F2135D4F928} | global=Global\{385FC524-96E3-4839-9909-1F2135D4F928}
[2026-03-18 17:43:54][PID=31624][TID=25992] OpenFileMapping(local) => handle=00000314 err=183
[2026-03-18 17:43:54][PID=31624][TID=25992] MapViewOfFile => ptr=03160000 err=183
[2026-03-18 17:43:54][PID=31624][TID=25992] get_shm success: shm_pid=31624
[2026-03-18 17:43:54][PID=31624][TID=25992] free_shm enter: ptr=03160000 handle=00000314 shm_pid=31624
[2026-03-18 17:43:54][PID=31624][TID=25992] UnmapViewOfFile done
[2026-03-18 17:43:54][PID=31624][TID=25992] CloseHandle done
[2026-03-18 17:43:54][PID=31624][TID=25992] free_shm leave
[2026-03-18 17:43:54][PID=15644][TID=20532] free_shm enter: ptr=10F30000 handle=00000B10 shm_pid=31624
[2026-03-18 17:43:54][PID=15644][TID=20532] UnmapViewOfFile done
[2026-03-18 17:43:54][PID=15644][TID=20532] CloseHandle done
[2026-03-18 17:43:54][PID=15644][TID=20532] free_shm leave
[2026-03-18 17:44:50][PID=39728][TID=40420] get_shm enter: targetPid=23544 create=1
[2026-03-18 17:44:50][PID=39728][TID=40420] names: local=Local\{385FC524-96E3-4839-9909-1F2135D4F928} | global=Global\{385FC524-96E3-4839-9909-1F2135D4F928}
[2026-03-18 17:44:50][PID=39728][TID=40420] OpenFileMapping(local) => handle=00000000 err=2
[2026-03-18 17:44:50][PID=39728][TID=40420] OpenFileMapping(global) => handle=00000000 err=2
[2026-03-18 17:44:50][PID=39728][TID=40420] CreateFileMapping(local) => handle=00000B40 err=0
[2026-03-18 17:44:50][PID=39728][TID=40420] MapViewOfFile => ptr=10BC0000 err=183
[2026-03-18 17:44:50][PID=39728][TID=40420] get_shm success: shm_pid=23544
[2026-03-18 17:44:50][PID=23544][TID=36304] get_shm enter: targetPid=23544 create=0
[2026-03-18 17:44:50][PID=23544][TID=36304] names: local=Local\{385FC524-96E3-4839-9909-1F2135D4F928} | global=Global\{385FC524-96E3-4839-9909-1F2135D4F928}
[2026-03-18 17:44:50][PID=23544][TID=36304] OpenFileMapping(local) => handle=0000030C err=183
[2026-03-18 17:44:50][PID=23544][TID=36304] MapViewOfFile => ptr=015D0000 err=183
[2026-03-18 17:44:50][PID=23544][TID=36304] get_shm success: shm_pid=23544
[2026-03-18 17:44:50][PID=23544][TID=36304] free_shm enter: ptr=015D0000 handle=0000030C shm_pid=23544
[2026-03-18 17:44:50][PID=23544][TID=36304] UnmapViewOfFile done
[2026-03-18 17:44:50][PID=23544][TID=36304] CloseHandle done
[2026-03-18 17:44:50][PID=23544][TID=36304] free_shm leave
[2026-03-18 17:44:50][PID=39728][TID=40420] free_shm enter: ptr=10BC0000 handle=00000B40 shm_pid=23544
[2026-03-18 17:44:50][PID=39728][TID=40420] UnmapViewOfFile done
[2026-03-18 17:44:50][PID=39728][TID=40420] CloseHandle done
[2026-03-18 17:44:50][PID=39728][TID=40420] free_shm leave
[2026-03-18 17:49:40][PID=21120][TID=2552] get_shm enter: targetPid=5184 create=1
[2026-03-18 17:49:40][PID=21120][TID=2552] names: local=Local\{385FC524-96E3-4839-9909-1F2135D4F928} | global=Global\{385FC524-96E3-4839-9909-1F2135D4F928}
[2026-03-18 17:49:40][PID=21120][TID=2552] OpenFileMapping(local) => handle=00000000 err=2
[2026-03-18 17:49:40][PID=21120][TID=2552] OpenFileMapping(global) => handle=00000000 err=2
[2026-03-18 17:49:40][PID=21120][TID=2552] CreateFileMapping(local) => handle=00000B18 err=0
[2026-03-18 17:49:40][PID=21120][TID=2552] MapViewOfFile => ptr=05340000 err=183
[2026-03-18 17:49:40][PID=21120][TID=2552] get_shm success: shm_pid=5184
[2026-03-18 17:49:40][PID=5184][TID=23504] get_shm enter: targetPid=5184 create=0
[2026-03-18 17:49:40][PID=5184][TID=23504] names: local=Local\{385FC524-96E3-4839-9909-1F2135D4F928} | global=Global\{385FC524-96E3-4839-9909-1F2135D4F928}
[2026-03-18 17:49:40][PID=5184][TID=23504] OpenFileMapping(local) => handle=00000304 err=183
[2026-03-18 17:49:40][PID=5184][TID=23504] MapViewOfFile => ptr=01A30000 err=183
[2026-03-18 17:49:40][PID=5184][TID=23504] get_shm success: shm_pid=5184
[2026-03-18 17:49:40][PID=5184][TID=23504] free_shm enter: ptr=01A30000 handle=00000304 shm_pid=5184
[2026-03-18 17:49:40][PID=5184][TID=23504] UnmapViewOfFile done
[2026-03-18 17:49:40][PID=5184][TID=23504] CloseHandle done
[2026-03-18 17:49:40][PID=5184][TID=23504] free_shm leave
[2026-03-18 17:49:40][PID=21120][TID=2552] free_shm enter: ptr=05340000 handle=00000B18 shm_pid=5184
[2026-03-18 17:49:40][PID=21120][TID=2552] UnmapViewOfFile done
[2026-03-18 17:49:40][PID=21120][TID=2552] CloseHandle done
[2026-03-18 17:49:40][PID=21120][TID=2552] free_shm leave
[2026-03-18 17:52:29][PID=27448][TID=40796] get_shm enter: targetPid=2552 create=1
[2026-03-18 17:52:29][PID=27448][TID=40796] names: local=Local\{385FC524-96E3-4839-9909-1F2135D4F928} | global=Global\{385FC524-96E3-4839-9909-1F2135D4F928}
[2026-03-18 17:52:29][PID=27448][TID=40796] OpenFileMapping(local) => handle=00000000 err=2
[2026-03-18 17:52:29][PID=27448][TID=40796] OpenFileMapping(global) => handle=00000000 err=2
[2026-03-18 17:52:29][PID=27448][TID=40796] CreateFileMapping(local) => handle=00000AE0 err=0
[2026-03-18 17:52:29][PID=27448][TID=40796] MapViewOfFile => ptr=10520000 err=183
[2026-03-18 17:52:29][PID=27448][TID=40796] get_shm success: shm_pid=2552
[2026-03-18 17:52:29][PID=2552][TID=42852] get_shm enter: targetPid=2552 create=0
[2026-03-18 17:52:29][PID=2552][TID=42852] names: local=Local\{385FC524-96E3-4839-9909-1F2135D4F928} | global=Global\{385FC524-96E3-4839-9909-1F2135D4F928}
[2026-03-18 17:52:29][PID=2552][TID=42852] OpenFileMapping(local) => handle=00000308 err=183
[2026-03-18 17:52:29][PID=2552][TID=42852] MapViewOfFile => ptr=015D0000 err=183
[2026-03-18 17:52:29][PID=2552][TID=42852] get_shm success: shm_pid=2552
[2026-03-18 17:52:29][PID=2552][TID=42852] free_shm enter: ptr=015D0000 handle=00000308 shm_pid=2552
[2026-03-18 17:52:29][PID=2552][TID=42852] UnmapViewOfFile done
[2026-03-18 17:52:29][PID=2552][TID=42852] CloseHandle done
[2026-03-18 17:52:29][PID=2552][TID=42852] free_shm leave
[2026-03-18 17:52:29][PID=27448][TID=40796] free_shm enter: ptr=10520000 handle=00000AE0 shm_pid=2552
[2026-03-18 17:52:29][PID=27448][TID=40796] UnmapViewOfFile done
[2026-03-18 17:52:29][PID=27448][TID=40796] CloseHandle done
[2026-03-18 17:52:29][PID=27448][TID=40796] free_shm leave
[2026-03-18 18:10:59][PID=4360][TID=8924] get_shm enter: targetPid=27304 create=1
[2026-03-18 18:10:59][PID=4360][TID=8924] names: local=Local\{385FC524-96E3-4839-9909-1F2135D4F928} | global=Global\{385FC524-96E3-4839-9909-1F2135D4F928}
[2026-03-18 18:10:59][PID=4360][TID=8924] OpenFileMapping(local) => handle=00000000 err=2
[2026-03-18 18:10:59][PID=4360][TID=8924] OpenFileMapping(global) => handle=00000000 err=2
[2026-03-18 18:10:59][PID=4360][TID=8924] CreateFileMapping(local) => handle=00000B40 err=0
[2026-03-18 18:10:59][PID=4360][TID=8924] MapViewOfFile => ptr=05280000 err=183
[2026-03-18 18:10:59][PID=4360][TID=8924] get_shm success: shm_pid=27304
[2026-03-18 18:10:59][PID=27304][TID=30388] get_shm enter: targetPid=27304 create=0
[2026-03-18 18:10:59][PID=27304][TID=30388] names: local=Local\{385FC524-96E3-4839-9909-1F2135D4F928} | global=Global\{385FC524-96E3-4839-9909-1F2135D4F928}
[2026-03-18 18:10:59][PID=27304][TID=30388] OpenFileMapping(local) => handle=00000304 err=183
[2026-03-18 18:10:59][PID=27304][TID=30388] MapViewOfFile => ptr=01590000 err=183
[2026-03-18 18:10:59][PID=27304][TID=30388] get_shm success: shm_pid=27304
[2026-03-18 18:10:59][PID=27304][TID=30388] free_shm enter: ptr=01590000 handle=00000304 shm_pid=27304
[2026-03-18 18:10:59][PID=27304][TID=30388] UnmapViewOfFile done
[2026-03-18 18:10:59][PID=27304][TID=30388] CloseHandle done
[2026-03-18 18:10:59][PID=27304][TID=30388] free_shm leave
[2026-03-18 18:10:59][PID=4360][TID=8924] free_shm enter: ptr=05280000 handle=00000B40 shm_pid=27304
[2026-03-18 18:10:59][PID=4360][TID=8924] UnmapViewOfFile done
[2026-03-18 18:10:59][PID=4360][TID=8924] CloseHandle done
[2026-03-18 18:10:59][PID=4360][TID=8924] free_shm leave
[2026-03-18 18:25:13][PID=40196][TID=41772] get_shm enter: targetPid=8516 create=1
[2026-03-18 18:25:13][PID=40196][TID=41772] names: local=Local\{385FC524-96E3-4839-9909-1F2135D4F928} | global=Global\{385FC524-96E3-4839-9909-1F2135D4F928}
[2026-03-18 18:25:13][PID=40196][TID=41772] OpenFileMapping(local) => handle=00000000 err=2
[2026-03-18 18:25:13][PID=40196][TID=41772] OpenFileMapping(global) => handle=00000000 err=2
[2026-03-18 18:25:13][PID=40196][TID=41772] CreateFileMapping(local) => handle=00000AF8 err=0
[2026-03-18 18:25:13][PID=40196][TID=41772] MapViewOfFile => ptr=06EF0000 err=183
[2026-03-18 18:25:13][PID=40196][TID=41772] get_shm success: shm_pid=8516
[2026-03-18 18:25:13][PID=8516][TID=35108] get_shm enter: targetPid=8516 create=0
[2026-03-18 18:25:13][PID=8516][TID=35108] names: local=Local\{385FC524-96E3-4839-9909-1F2135D4F928} | global=Global\{385FC524-96E3-4839-9909-1F2135D4F928}
[2026-03-18 18:25:13][PID=8516][TID=35108] OpenFileMapping(local) => handle=0000031C err=183
[2026-03-18 18:25:13][PID=8516][TID=35108] MapViewOfFile => ptr=01340000 err=183
[2026-03-18 18:25:13][PID=8516][TID=35108] get_shm success: shm_pid=8516
[2026-03-18 18:25:13][PID=8516][TID=35108] free_shm enter: ptr=01340000 handle=0000031C shm_pid=8516
[2026-03-18 18:25:13][PID=8516][TID=35108] UnmapViewOfFile done
[2026-03-18 18:25:13][PID=8516][TID=35108] CloseHandle done
[2026-03-18 18:25:13][PID=8516][TID=35108] free_shm leave
[2026-03-18 18:25:13][PID=40196][TID=41772] free_shm enter: ptr=06EF0000 handle=00000AF8 shm_pid=8516
[2026-03-18 18:25:13][PID=40196][TID=41772] UnmapViewOfFile done
[2026-03-18 18:25:13][PID=40196][TID=41772] CloseHandle done
[2026-03-18 18:25:13][PID=40196][TID=41772] free_shm leave
[2026-03-18 18:26:14][PID=25020][TID=26000] get_shm enter: targetPid=42840 create=1
[2026-03-18 18:26:14][PID=25020][TID=26000] names: local=Local\{385FC524-96E3-4839-9909-1F2135D4F928} | global=Global\{385FC524-96E3-4839-9909-1F2135D4F928}
[2026-03-18 18:26:14][PID=25020][TID=26000] OpenFileMapping(local) => handle=00000000 err=2
[2026-03-18 18:26:14][PID=25020][TID=26000] OpenFileMapping(global) => handle=00000000 err=2
[2026-03-18 18:26:14][PID=25020][TID=26000] CreateFileMapping(local) => handle=00000B88 err=0
[2026-03-18 18:26:14][PID=25020][TID=26000] MapViewOfFile => ptr=11C30000 err=183
[2026-03-18 18:26:14][PID=25020][TID=26000] get_shm success: shm_pid=42840
[2026-03-18 18:26:14][PID=42840][TID=32908] get_shm enter: targetPid=42840 create=0
[2026-03-18 18:26:14][PID=42840][TID=32908] names: local=Local\{385FC524-96E3-4839-9909-1F2135D4F928} | global=Global\{385FC524-96E3-4839-9909-1F2135D4F928}
[2026-03-18 18:26:14][PID=42840][TID=32908] OpenFileMapping(local) => handle=00000310 err=183
[2026-03-18 18:26:14][PID=42840][TID=32908] MapViewOfFile => ptr=02F90000 err=183
[2026-03-18 18:26:14][PID=42840][TID=32908] get_shm success: shm_pid=42840
[2026-03-18 18:26:14][PID=42840][TID=32908] free_shm enter: ptr=02F90000 handle=00000310 shm_pid=42840
[2026-03-18 18:26:14][PID=42840][TID=32908] UnmapViewOfFile done
[2026-03-18 18:26:14][PID=42840][TID=32908] CloseHandle done
[2026-03-18 18:26:14][PID=42840][TID=32908] free_shm leave
[2026-03-18 18:26:14][PID=25020][TID=26000] free_shm enter: ptr=11C30000 handle=00000B88 shm_pid=42840
[2026-03-18 18:26:14][PID=25020][TID=26000] UnmapViewOfFile done
[2026-03-18 18:26:14][PID=25020][TID=26000] CloseHandle done
[2026-03-18 18:26:14][PID=25020][TID=26000] free_shm leave
[2026-03-18 21:03:04][PID=22736][TID=32176] get_shm enter: targetPid=36456 create=1
[2026-03-18 21:03:04][PID=22736][TID=32176] names: local=Local\{385FC524-96E3-4839-9909-1F2135D4F928} | global=Global\{385FC524-96E3-4839-9909-1F2135D4F928}
[2026-03-18 21:03:04][PID=22736][TID=32176] OpenFileMapping(local) => handle=00000000 err=2
[2026-03-18 21:03:04][PID=22736][TID=32176] OpenFileMapping(global) => handle=00000000 err=2
[2026-03-18 21:03:04][PID=22736][TID=32176] CreateFileMapping(local) => handle=00000B74 err=0
[2026-03-18 21:03:04][PID=22736][TID=32176] MapViewOfFile => ptr=0AD20000 err=183
[2026-03-18 21:03:04][PID=22736][TID=32176] get_shm success: shm_pid=36456
[2026-03-18 21:03:04][PID=36456][TID=44944] get_shm enter: targetPid=36456 create=0
[2026-03-18 21:03:04][PID=36456][TID=44944] names: local=Local\{385FC524-96E3-4839-9909-1F2135D4F928} | global=Global\{385FC524-96E3-4839-9909-1F2135D4F928}
[2026-03-18 21:03:04][PID=36456][TID=44944] OpenFileMapping(local) => handle=000002EC err=183
[2026-03-18 21:03:04][PID=36456][TID=44944] MapViewOfFile => ptr=01450000 err=183
[2026-03-18 21:03:04][PID=36456][TID=44944] get_shm success: shm_pid=36456
[2026-03-18 21:03:04][PID=36456][TID=44944] free_shm enter: ptr=01450000 handle=000002EC shm_pid=36456
[2026-03-18 21:03:04][PID=36456][TID=44944] UnmapViewOfFile done
[2026-03-18 21:03:04][PID=36456][TID=44944] CloseHandle done
[2026-03-18 21:03:04][PID=36456][TID=44944] free_shm leave
[2026-03-18 21:03:04][PID=22736][TID=32176] free_shm enter: ptr=0AD20000 handle=00000B74 shm_pid=36456
[2026-03-18 21:03:04][PID=22736][TID=32176] UnmapViewOfFile done
[2026-03-18 21:03:04][PID=22736][TID=32176] CloseHandle done
[2026-03-18 21:03:04][PID=22736][TID=32176] free_shm leave
[2026-03-18 21:08:48][PID=40216][TID=10688] get_shm enter: targetPid=20244 create=1
[2026-03-18 21:08:48][PID=40216][TID=10688] names: local=Local\{385FC524-96E3-4839-9909-1F2135D4F928} | global=Global\{385FC524-96E3-4839-9909-1F2135D4F928}
[2026-03-18 21:08:48][PID=40216][TID=10688] OpenFileMapping(local) => handle=00000000 err=2
[2026-03-18 21:08:48][PID=40216][TID=10688] OpenFileMapping(global) => handle=00000000 err=2
[2026-03-18 21:08:48][PID=40216][TID=10688] CreateFileMapping(local) => handle=00000B40 err=0
[2026-03-18 21:08:48][PID=40216][TID=10688] MapViewOfFile => ptr=12220000 err=183
[2026-03-18 21:08:48][PID=40216][TID=10688] get_shm success: shm_pid=20244
[2026-03-18 21:08:48][PID=20244][TID=40964] get_shm enter: targetPid=20244 create=0
[2026-03-18 21:08:48][PID=20244][TID=40964] names: local=Local\{385FC524-96E3-4839-9909-1F2135D4F928} | global=Global\{385FC524-96E3-4839-9909-1F2135D4F928}
[2026-03-18 21:08:48][PID=20244][TID=40964] OpenFileMapping(local) => handle=000002F8 err=183
[2026-03-18 21:08:48][PID=20244][TID=40964] MapViewOfFile => ptr=02D10000 err=183
[2026-03-18 21:08:48][PID=20244][TID=40964] get_shm success: shm_pid=20244
[2026-03-18 21:08:48][PID=20244][TID=40964] free_shm enter: ptr=02D10000 handle=000002F8 shm_pid=20244
[2026-03-18 21:08:48][PID=20244][TID=40964] UnmapViewOfFile done
[2026-03-18 21:08:48][PID=20244][TID=40964] CloseHandle done
[2026-03-18 21:08:48][PID=20244][TID=40964] free_shm leave
[2026-03-18 21:08:48][PID=40216][TID=10688] free_shm enter: ptr=12220000 handle=00000B40 shm_pid=20244
[2026-03-18 21:08:48][PID=40216][TID=10688] UnmapViewOfFile done
[2026-03-18 21:08:48][PID=40216][TID=10688] CloseHandle done
[2026-03-18 21:08:48][PID=40216][TID=10688] free_shm leave
[2026-03-18 21:18:23][PID=27964][TID=36936] get_shm enter: targetPid=38588 create=1
[2026-03-18 21:18:23][PID=27964][TID=36936] names: local=Local\{385FC524-96E3-4839-9909-1F2135D4F928} | global=Global\{385FC524-96E3-4839-9909-1F2135D4F928}
[2026-03-18 21:18:23][PID=27964][TID=36936] OpenFileMapping(local) => handle=00000000 err=2
[2026-03-18 21:18:23][PID=27964][TID=36936] OpenFileMapping(global) => handle=00000000 err=2
[2026-03-18 21:18:23][PID=27964][TID=36936] CreateFileMapping(local) => handle=00000B5C err=0
[2026-03-18 21:18:23][PID=27964][TID=36936] MapViewOfFile => ptr=11790000 err=183
[2026-03-18 21:18:23][PID=27964][TID=36936] get_shm success: shm_pid=38588
[2026-03-18 21:18:23][PID=38588][TID=10584] get_shm enter: targetPid=38588 create=0
[2026-03-18 21:18:23][PID=38588][TID=10584] names: local=Local\{385FC524-96E3-4839-9909-1F2135D4F928} | global=Global\{385FC524-96E3-4839-9909-1F2135D4F928}
[2026-03-18 21:18:23][PID=38588][TID=10584] OpenFileMapping(local) => handle=000002F0 err=183
[2026-03-18 21:18:23][PID=38588][TID=10584] MapViewOfFile => ptr=01510000 err=183
[2026-03-18 21:18:23][PID=38588][TID=10584] get_shm success: shm_pid=38588
[2026-03-18 21:18:23][PID=38588][TID=10584] free_shm enter: ptr=01510000 handle=000002F0 shm_pid=38588
[2026-03-18 21:18:23][PID=38588][TID=10584] UnmapViewOfFile done
[2026-03-18 21:18:23][PID=38588][TID=10584] CloseHandle done
[2026-03-18 21:18:23][PID=38588][TID=10584] free_shm leave
[2026-03-18 21:18:23][PID=27964][TID=36936] free_shm enter: ptr=11790000 handle=00000B5C shm_pid=38588
[2026-03-18 21:18:23][PID=27964][TID=36936] UnmapViewOfFile done
[2026-03-18 21:18:23][PID=27964][TID=36936] CloseHandle done
[2026-03-18 21:18:23][PID=27964][TID=36936] free_shm leave
[2026-03-18 21:21:22][PID=23672][TID=7620] get_shm enter: targetPid=32336 create=1
[2026-03-18 21:21:22][PID=23672][TID=7620] names: local=Local\{385FC524-96E3-4839-9909-1F2135D4F928} | global=Global\{385FC524-96E3-4839-9909-1F2135D4F928}
[2026-03-18 21:21:22][PID=23672][TID=7620] OpenFileMapping(local) => handle=00000000 err=2
[2026-03-18 21:21:22][PID=23672][TID=7620] OpenFileMapping(global) => handle=00000000 err=2
[2026-03-18 21:21:22][PID=23672][TID=7620] CreateFileMapping(local) => handle=00000B44 err=0
[2026-03-18 21:21:22][PID=23672][TID=7620] MapViewOfFile => ptr=125E0000 err=183
[2026-03-18 21:21:22][PID=23672][TID=7620] get_shm success: shm_pid=32336
[2026-03-18 21:21:22][PID=32336][TID=33116] get_shm enter: targetPid=32336 create=0
[2026-03-18 21:21:22][PID=32336][TID=33116] names: local=Local\{385FC524-96E3-4839-9909-1F2135D4F928} | global=Global\{385FC524-96E3-4839-9909-1F2135D4F928}
[2026-03-18 21:21:22][PID=32336][TID=33116] OpenFileMapping(local) => handle=000000E0 err=183
[2026-03-18 21:21:22][PID=32336][TID=33116] MapViewOfFile => ptr=01330000 err=183
[2026-03-18 21:21:22][PID=32336][TID=33116] get_shm success: shm_pid=32336
[2026-03-18 21:21:22][PID=32336][TID=33116] free_shm enter: ptr=01330000 handle=000000E0 shm_pid=32336
[2026-03-18 21:21:22][PID=32336][TID=33116] UnmapViewOfFile done
[2026-03-18 21:21:22][PID=32336][TID=33116] CloseHandle done
[2026-03-18 21:21:22][PID=32336][TID=33116] free_shm leave
[2026-03-18 21:21:22][PID=23672][TID=7620] free_shm enter: ptr=125E0000 handle=00000B44 shm_pid=32336
[2026-03-18 21:21:22][PID=23672][TID=7620] UnmapViewOfFile done
[2026-03-18 21:21:22][PID=23672][TID=7620] CloseHandle done
[2026-03-18 21:21:22][PID=23672][TID=7620] free_shm leave
[2026-03-18 21:25:07][PID=26932][TID=40256] get_shm enter: targetPid=45624 create=1
[2026-03-18 21:25:07][PID=26932][TID=40256] names: local=Local\{385FC524-96E3-4839-9909-1F2135D4F928} | global=Global\{385FC524-96E3-4839-9909-1F2135D4F928}
[2026-03-18 21:25:07][PID=26932][TID=40256] OpenFileMapping(local) => handle=00000000 err=2
[2026-03-18 21:25:07][PID=26932][TID=40256] OpenFileMapping(global) => handle=00000000 err=2
[2026-03-18 21:25:07][PID=26932][TID=40256] CreateFileMapping(local) => handle=00000B90 err=0
[2026-03-18 21:25:07][PID=26932][TID=40256] MapViewOfFile => ptr=0FB60000 err=183
[2026-03-18 21:25:07][PID=26932][TID=40256] get_shm success: shm_pid=45624
[2026-03-18 21:25:07][PID=45624][TID=37396] get_shm enter: targetPid=45624 create=0
[2026-03-18 21:25:07][PID=45624][TID=37396] names: local=Local\{385FC524-96E3-4839-9909-1F2135D4F928} | global=Global\{385FC524-96E3-4839-9909-1F2135D4F928}
[2026-03-18 21:25:07][PID=45624][TID=37396] OpenFileMapping(local) => handle=0000030C err=183
[2026-03-18 21:25:07][PID=45624][TID=37396] MapViewOfFile => ptr=01590000 err=183
[2026-03-18 21:25:07][PID=45624][TID=37396] get_shm success: shm_pid=45624
[2026-03-18 21:25:07][PID=45624][TID=37396] free_shm enter: ptr=01590000 handle=0000030C shm_pid=45624
[2026-03-18 21:25:07][PID=45624][TID=37396] UnmapViewOfFile done
[2026-03-18 21:25:07][PID=45624][TID=37396] CloseHandle done
[2026-03-18 21:25:07][PID=45624][TID=37396] free_shm leave
[2026-03-18 21:25:07][PID=26932][TID=40256] free_shm enter: ptr=0FB60000 handle=00000B90 shm_pid=45624
[2026-03-18 21:25:07][PID=26932][TID=40256] UnmapViewOfFile done
[2026-03-18 21:25:07][PID=26932][TID=40256] CloseHandle done
[2026-03-18 21:25:07][PID=26932][TID=40256] free_shm leave
[2026-03-18 21:31:03][PID=31736][TID=27292] get_shm enter: targetPid=22696 create=1
[2026-03-18 21:31:03][PID=31736][TID=27292] names: local=Local\{385FC524-96E3-4839-9909-1F2135D4F928} | global=Global\{385FC524-96E3-4839-9909-1F2135D4F928}
[2026-03-18 21:31:03][PID=31736][TID=27292] OpenFileMapping(local) => handle=00000000 err=2
[2026-03-18 21:31:03][PID=31736][TID=27292] OpenFileMapping(global) => handle=00000000 err=2
[2026-03-18 21:31:03][PID=31736][TID=27292] CreateFileMapping(local) => handle=00000B88 err=0
[2026-03-18 21:31:03][PID=31736][TID=27292] MapViewOfFile => ptr=120E0000 err=183
[2026-03-18 21:31:03][PID=31736][TID=27292] get_shm success: shm_pid=22696
[2026-03-18 21:31:03][PID=22696][TID=34400] get_shm enter: targetPid=22696 create=0
[2026-03-18 21:31:03][PID=22696][TID=34400] names: local=Local\{385FC524-96E3-4839-9909-1F2135D4F928} | global=Global\{385FC524-96E3-4839-9909-1F2135D4F928}
[2026-03-18 21:31:03][PID=22696][TID=34400] OpenFileMapping(local) => handle=00000108 err=183
[2026-03-18 21:31:03][PID=22696][TID=34400] MapViewOfFile => ptr=01340000 err=183
[2026-03-18 21:31:03][PID=22696][TID=34400] get_shm success: shm_pid=22696
[2026-03-18 21:31:03][PID=22696][TID=34400] free_shm enter: ptr=01340000 handle=00000108 shm_pid=22696
[2026-03-18 21:31:03][PID=22696][TID=34400] UnmapViewOfFile done
[2026-03-18 21:31:03][PID=22696][TID=34400] CloseHandle done
[2026-03-18 21:31:03][PID=22696][TID=34400] free_shm leave
[2026-03-18 21:31:03][PID=31736][TID=27292] free_shm enter: ptr=120E0000 handle=00000B88 shm_pid=22696
[2026-03-18 21:31:03][PID=31736][TID=27292] UnmapViewOfFile done
[2026-03-18 21:31:03][PID=31736][TID=27292] CloseHandle done
[2026-03-18 21:31:03][PID=31736][TID=27292] free_shm leave
[2026-03-18 21:35:10][PID=43996][TID=17820] get_shm enter: targetPid=28928 create=1
[2026-03-18 21:35:10][PID=43996][TID=17820] names: local=Local\{385FC524-96E3-4839-9909-1F2135D4F928} | global=Global\{385FC524-96E3-4839-9909-1F2135D4F928}
[2026-03-18 21:35:10][PID=43996][TID=17820] OpenFileMapping(local) => handle=00000000 err=2
[2026-03-18 21:35:10][PID=43996][TID=17820] OpenFileMapping(global) => handle=00000000 err=2
[2026-03-18 21:35:10][PID=43996][TID=17820] CreateFileMapping(local) => handle=00000B78 err=0
[2026-03-18 21:35:10][PID=43996][TID=17820] MapViewOfFile => ptr=12A00000 err=183
[2026-03-18 21:35:10][PID=43996][TID=17820] get_shm success: shm_pid=28928
[2026-03-18 21:35:10][PID=43996][TID=17820] get_shm enter: targetPid=43996 create=0
[2026-03-18 21:35:10][PID=43996][TID=17820] names: local=Local\{385FC524-96E3-4839-9909-1F2135D4F928} | global=Global\{385FC524-96E3-4839-9909-1F2135D4F928}
[2026-03-18 21:35:10][PID=43996][TID=17820] OpenFileMapping(local) => handle=00000B88 err=183
[2026-03-18 21:35:10][PID=43996][TID=17820] MapViewOfFile => ptr=12B60000 err=183
[2026-03-18 21:35:10][PID=43996][TID=17820] get_shm success: shm_pid=43996
[2026-03-18 21:35:10][PID=43996][TID=17820] free_shm enter: ptr=12B60000 handle=00000B88 shm_pid=43996
[2026-03-18 21:35:10][PID=43996][TID=17820] UnmapViewOfFile done
[2026-03-18 21:35:10][PID=43996][TID=17820] CloseHandle done
[2026-03-18 21:35:10][PID=43996][TID=17820] free_shm leave
[2026-03-18 21:35:10][PID=28928][TID=38400] get_shm enter: targetPid=28928 create=0
[2026-03-18 21:35:10][PID=28928][TID=38400] names: local=Local\{385FC524-96E3-4839-9909-1F2135D4F928} | global=Global\{385FC524-96E3-4839-9909-1F2135D4F928}
[2026-03-18 21:35:10][PID=28928][TID=38400] OpenFileMapping(local) => handle=00000314 err=183
[2026-03-18 21:35:10][PID=28928][TID=38400] MapViewOfFile => ptr=015E0000 err=183
[2026-03-18 21:35:10][PID=28928][TID=38400] get_shm success: shm_pid=28928
[2026-03-18 21:35:10][PID=28928][TID=38400] free_shm enter: ptr=015E0000 handle=00000314 shm_pid=28928
[2026-03-18 21:35:10][PID=28928][TID=38400] UnmapViewOfFile done
[2026-03-18 21:35:10][PID=28928][TID=38400] CloseHandle done
[2026-03-18 21:35:10][PID=28928][TID=38400] free_shm leave
[2026-03-18 21:35:10][PID=43996][TID=17820] free_shm enter: ptr=12A00000 handle=00000B78 shm_pid=28928
[2026-03-18 21:35:10][PID=43996][TID=17820] UnmapViewOfFile done
[2026-03-18 21:35:10][PID=43996][TID=17820] CloseHandle done
[2026-03-18 21:35:10][PID=43996][TID=17820] free_shm leave
[2026-03-18 21:37:04][PID=14416][TID=23216] get_shm enter: targetPid=5492 create=1
[2026-03-18 21:37:04][PID=14416][TID=23216] names: local=Local\{385FC524-96E3-4839-9909-1F2135D4F928} | global=Global\{385FC524-96E3-4839-9909-1F2135D4F928}
[2026-03-18 21:37:04][PID=14416][TID=23216] OpenFileMapping(local) => handle=00000000 err=2
[2026-03-18 21:37:04][PID=14416][TID=23216] OpenFileMapping(global) => handle=00000000 err=2
[2026-03-18 21:37:04][PID=14416][TID=23216] CreateFileMapping(local) => handle=00000B60 err=0
[2026-03-18 21:37:04][PID=14416][TID=23216] MapViewOfFile => ptr=12660000 err=183
[2026-03-18 21:37:04][PID=14416][TID=23216] get_shm success: shm_pid=5492
[2026-03-18 21:37:04][PID=14416][TID=23216] get_shm enter: targetPid=14416 create=0
[2026-03-18 21:37:04][PID=14416][TID=23216] names: local=Local\{385FC524-96E3-4839-9909-1F2135D4F928} | global=Global\{385FC524-96E3-4839-9909-1F2135D4F928}
[2026-03-18 21:37:04][PID=14416][TID=23216] OpenFileMapping(local) => handle=00000B7C err=183
[2026-03-18 21:37:04][PID=14416][TID=23216] MapViewOfFile => ptr=12B10000 err=183
[2026-03-18 21:37:04][PID=14416][TID=23216] get_shm success: shm_pid=14416
[2026-03-18 21:37:04][PID=14416][TID=23216] free_shm enter: ptr=12B10000 handle=00000B7C shm_pid=14416
[2026-03-18 21:37:04][PID=14416][TID=23216] UnmapViewOfFile done
[2026-03-18 21:37:04][PID=14416][TID=23216] CloseHandle done
[2026-03-18 21:37:04][PID=14416][TID=23216] free_shm leave
[2026-03-18 21:37:04][PID=5492][TID=26504] get_shm enter: targetPid=5492 create=0
[2026-03-18 21:37:04][PID=5492][TID=26504] names: local=Local\{385FC524-96E3-4839-9909-1F2135D4F928} | global=Global\{385FC524-96E3-4839-9909-1F2135D4F928}
[2026-03-18 21:37:04][PID=5492][TID=26504] OpenFileMapping(local) => handle=00000308 err=183
[2026-03-18 21:37:04][PID=5492][TID=26504] MapViewOfFile => ptr=01420000 err=183
[2026-03-18 21:37:04][PID=5492][TID=26504] get_shm success: shm_pid=5492
[2026-03-18 21:37:04][PID=5492][TID=26504] free_shm enter: ptr=01420000 handle=00000308 shm_pid=5492
[2026-03-18 21:37:04][PID=5492][TID=26504] UnmapViewOfFile done
[2026-03-18 21:37:04][PID=5492][TID=26504] CloseHandle done
[2026-03-18 21:37:04][PID=5492][TID=26504] free_shm leave
[2026-03-18 21:37:04][PID=14416][TID=23216] free_shm enter: ptr=12660000 handle=00000B60 shm_pid=5492
[2026-03-18 21:37:04][PID=14416][TID=23216] UnmapViewOfFile done
[2026-03-18 21:37:04][PID=14416][TID=23216] CloseHandle done
[2026-03-18 21:37:04][PID=14416][TID=23216] free_shm leave
[2026-03-18 21:37:42][PID=32500][TID=26896] get_shm enter: targetPid=35868 create=1
[2026-03-18 21:37:42][PID=32500][TID=26896] names: local=Local\{385FC524-96E3-4839-9909-1F2135D4F928} | global=Global\{385FC524-96E3-4839-9909-1F2135D4F928}
[2026-03-18 21:37:42][PID=32500][TID=26896] OpenFileMapping(local) => handle=00000000 err=2
[2026-03-18 21:37:42][PID=32500][TID=26896] OpenFileMapping(global) => handle=00000000 err=2
[2026-03-18 21:37:42][PID=32500][TID=26896] CreateFileMapping(local) => handle=00000858 err=0
[2026-03-18 21:37:42][PID=32500][TID=26896] MapViewOfFile => ptr=05C40000 err=183
[2026-03-18 21:37:42][PID=32500][TID=26896] get_shm success: shm_pid=35868
[2026-03-18 21:37:42][PID=32500][TID=26896] get_shm enter: targetPid=32500 create=0
[2026-03-18 21:37:42][PID=32500][TID=26896] names: local=Local\{385FC524-96E3-4839-9909-1F2135D4F928} | global=Global\{385FC524-96E3-4839-9909-1F2135D4F928}
[2026-03-18 21:37:42][PID=32500][TID=26896] OpenFileMapping(local) => handle=00000B94 err=183
[2026-03-18 21:37:42][PID=32500][TID=26896] MapViewOfFile => ptr=05DA0000 err=183
[2026-03-18 21:37:42][PID=32500][TID=26896] get_shm success: shm_pid=32500
[2026-03-18 21:37:42][PID=32500][TID=26896] free_shm enter: ptr=05DA0000 handle=00000B94 shm_pid=32500
[2026-03-18 21:37:42][PID=32500][TID=26896] UnmapViewOfFile done
[2026-03-18 21:37:42][PID=32500][TID=26896] CloseHandle done
[2026-03-18 21:37:42][PID=32500][TID=26896] free_shm leave
[2026-03-18 21:37:42][PID=35868][TID=14908] get_shm enter: targetPid=35868 create=0
[2026-03-18 21:37:42][PID=35868][TID=14908] names: local=Local\{385FC524-96E3-4839-9909-1F2135D4F928} | global=Global\{385FC524-96E3-4839-9909-1F2135D4F928}
[2026-03-18 21:37:42][PID=35868][TID=14908] OpenFileMapping(local) => handle=00000300 err=183
[2026-03-18 21:37:42][PID=35868][TID=14908] MapViewOfFile => ptr=015D0000 err=183
[2026-03-18 21:37:42][PID=35868][TID=14908] get_shm success: shm_pid=35868
[2026-03-18 21:37:42][PID=35868][TID=14908] free_shm enter: ptr=015D0000 handle=00000300 shm_pid=35868
[2026-03-18 21:37:42][PID=35868][TID=14908] UnmapViewOfFile done
[2026-03-18 21:37:42][PID=35868][TID=14908] CloseHandle done
[2026-03-18 21:37:42][PID=35868][TID=14908] free_shm leave
[2026-03-18 21:37:42][PID=32500][TID=26896] free_shm enter: ptr=05C40000 handle=00000858 shm_pid=35868
[2026-03-18 21:37:42][PID=32500][TID=26896] UnmapViewOfFile done
[2026-03-18 21:37:42][PID=32500][TID=26896] CloseHandle done
[2026-03-18 21:37:42][PID=32500][TID=26896] free_shm leave
[2026-03-18 21:47:51][PID=20368][TID=1324] get_shm enter: targetPid=45936 create=1
[2026-03-18 21:47:51][PID=20368][TID=1324] names: local=Local\{385FC524-96E3-4839-9909-1F2135D4F928} | global=Global\{385FC524-96E3-4839-9909-1F2135D4F928}
[2026-03-18 21:47:51][PID=20368][TID=1324] OpenFileMapping(local) => handle=00000000 err=2
[2026-03-18 21:47:51][PID=20368][TID=1324] OpenFileMapping(global) => handle=00000000 err=2
[2026-03-18 21:47:51][PID=20368][TID=1324] CreateFileMapping(local) => handle=00000B90 err=0
[2026-03-18 21:47:51][PID=20368][TID=1324] MapViewOfFile => ptr=11D40000 err=183
[2026-03-18 21:47:51][PID=20368][TID=1324] get_shm success: shm_pid=45936
[2026-03-18 21:47:51][PID=20368][TID=1324] get_shm enter: targetPid=20368 create=0
[2026-03-18 21:47:51][PID=20368][TID=1324] names: local=Local\{385FC524-96E3-4839-9909-1F2135D4F928} | global=Global\{385FC524-96E3-4839-9909-1F2135D4F928}
[2026-03-18 21:47:51][PID=20368][TID=1324] OpenFileMapping(local) => handle=00000B6C err=183
[2026-03-18 21:47:51][PID=20368][TID=1324] MapViewOfFile => ptr=121F0000 err=183
[2026-03-18 21:47:51][PID=20368][TID=1324] get_shm success: shm_pid=20368
[2026-03-18 21:47:51][PID=20368][TID=1324] free_shm enter: ptr=121F0000 handle=00000B6C shm_pid=20368
[2026-03-18 21:47:51][PID=20368][TID=1324] UnmapViewOfFile done
[2026-03-18 21:47:51][PID=20368][TID=1324] CloseHandle done
[2026-03-18 21:47:51][PID=20368][TID=1324] free_shm leave
[2026-03-18 21:47:51][PID=45936][TID=30180] get_shm enter: targetPid=45936 create=0
[2026-03-18 21:47:51][PID=45936][TID=30180] names: local=Local\{385FC524-96E3-4839-9909-1F2135D4F928} | global=Global\{385FC524-96E3-4839-9909-1F2135D4F928}
[2026-03-18 21:47:51][PID=45936][TID=30180] OpenFileMapping(local) => handle=000002EC err=183
[2026-03-18 21:47:51][PID=45936][TID=30180] MapViewOfFile => ptr=01550000 err=183
[2026-03-18 21:47:51][PID=45936][TID=30180] get_shm success: shm_pid=45936
[2026-03-18 21:47:51][PID=45936][TID=30180] free_shm enter: ptr=01550000 handle=000002EC shm_pid=45936
[2026-03-18 21:47:51][PID=45936][TID=30180] UnmapViewOfFile done
[2026-03-18 21:47:51][PID=45936][TID=30180] CloseHandle done
[2026-03-18 21:47:51][PID=45936][TID=30180] free_shm leave
[2026-03-18 21:47:51][PID=20368][TID=1324] free_shm enter: ptr=11D40000 handle=00000B90 shm_pid=45936
[2026-03-18 21:47:51][PID=20368][TID=1324] UnmapViewOfFile done
[2026-03-18 21:47:51][PID=20368][TID=1324] CloseHandle done
[2026-03-18 21:47:51][PID=20368][TID=1324] free_shm leave
[2026-03-18 22:17:17][PID=14224][TID=45968] get_shm enter: targetPid=11568 create=1
[2026-03-18 22:17:17][PID=14224][TID=45968] names: local=Local\{385FC524-96E3-4839-9909-1F2135D4F928} | global=Global\{385FC524-96E3-4839-9909-1F2135D4F928}
[2026-03-18 22:17:17][PID=14224][TID=45968] OpenFileMapping(local) => handle=00000000 err=2
[2026-03-18 22:17:17][PID=14224][TID=45968] OpenFileMapping(global) => handle=00000000 err=2
[2026-03-18 22:17:17][PID=14224][TID=45968] CreateFileMapping(local) => handle=00000B9C err=0
[2026-03-18 22:17:17][PID=14224][TID=45968] MapViewOfFile => ptr=11640000 err=183
[2026-03-18 22:17:17][PID=14224][TID=45968] get_shm success: shm_pid=11568
[2026-03-18 22:17:17][PID=14224][TID=45968] get_shm enter: targetPid=14224 create=0
[2026-03-18 22:17:17][PID=14224][TID=45968] names: local=Local\{385FC524-96E3-4839-9909-1F2135D4F928} | global=Global\{385FC524-96E3-4839-9909-1F2135D4F928}
[2026-03-18 22:17:17][PID=14224][TID=45968] OpenFileMapping(local) => handle=00000710 err=183
[2026-03-18 22:17:17][PID=14224][TID=45968] MapViewOfFile => ptr=116F0000 err=183
[2026-03-18 22:17:17][PID=14224][TID=45968] get_shm success: shm_pid=14224
[2026-03-18 22:17:17][PID=14224][TID=45968] free_shm enter: ptr=116F0000 handle=00000710 shm_pid=14224
[2026-03-18 22:17:17][PID=14224][TID=45968] UnmapViewOfFile done
[2026-03-18 22:17:17][PID=14224][TID=45968] CloseHandle done
[2026-03-18 22:17:17][PID=14224][TID=45968] free_shm leave
[2026-03-18 22:17:17][PID=11568][TID=15040] get_shm enter: targetPid=11568 create=0
[2026-03-18 22:17:17][PID=11568][TID=15040] names: local=Local\{385FC524-96E3-4839-9909-1F2135D4F928} | global=Global\{385FC524-96E3-4839-9909-1F2135D4F928}
[2026-03-18 22:17:17][PID=11568][TID=15040] OpenFileMapping(local) => handle=000002FC err=183
[2026-03-18 22:17:17][PID=11568][TID=15040] MapViewOfFile => ptr=01550000 err=183
[2026-03-18 22:17:17][PID=11568][TID=15040] get_shm success: shm_pid=11568
[2026-03-18 22:17:17][PID=11568][TID=15040] free_shm enter: ptr=01550000 handle=000002FC shm_pid=11568
[2026-03-18 22:17:17][PID=11568][TID=15040] UnmapViewOfFile done
[2026-03-18 22:17:17][PID=11568][TID=15040] CloseHandle done
[2026-03-18 22:17:17][PID=11568][TID=15040] free_shm leave
[2026-03-18 22:17:17][PID=14224][TID=45968] free_shm enter: ptr=11640000 handle=00000B9C shm_pid=11568
[2026-03-18 22:17:17][PID=14224][TID=45968] UnmapViewOfFile done
[2026-03-18 22:17:17][PID=14224][TID=45968] CloseHandle done
[2026-03-18 22:17:17][PID=14224][TID=45968] free_shm leave
[2026-03-18 22:20:53][PID=14908][TID=3088] get_shm enter: targetPid=26460 create=1
[2026-03-18 22:20:53][PID=14908][TID=3088] names: local=Local\{385FC524-96E3-4839-9909-1F2135D4F928} | global=Global\{385FC524-96E3-4839-9909-1F2135D4F928}
[2026-03-18 22:20:53][PID=14908][TID=3088] OpenFileMapping(local) => handle=00000000 err=2
[2026-03-18 22:20:53][PID=14908][TID=3088] OpenFileMapping(global) => handle=00000000 err=2
[2026-03-18 22:20:53][PID=14908][TID=3088] CreateFileMapping(local) => handle=00000B6C err=0
[2026-03-18 22:20:53][PID=14908][TID=3088] MapViewOfFile => ptr=12C30000 err=183
[2026-03-18 22:20:53][PID=14908][TID=3088] get_shm success: shm_pid=26460
[2026-03-18 22:20:53][PID=14908][TID=3088] get_shm enter: targetPid=14908 create=0
[2026-03-18 22:20:53][PID=14908][TID=3088] names: local=Local\{385FC524-96E3-4839-9909-1F2135D4F928} | global=Global\{385FC524-96E3-4839-9909-1F2135D4F928}
[2026-03-18 22:20:53][PID=14908][TID=3088] OpenFileMapping(local) => handle=00000B80 err=183
[2026-03-18 22:20:53][PID=14908][TID=3088] MapViewOfFile => ptr=12D90000 err=183
[2026-03-18 22:20:53][PID=14908][TID=3088] get_shm success: shm_pid=14908
[2026-03-18 22:20:53][PID=14908][TID=3088] free_shm enter: ptr=12D90000 handle=00000B80 shm_pid=14908
[2026-03-18 22:20:53][PID=14908][TID=3088] UnmapViewOfFile done
[2026-03-18 22:20:53][PID=14908][TID=3088] CloseHandle done
[2026-03-18 22:20:53][PID=14908][TID=3088] free_shm leave
[2026-03-18 22:20:53][PID=26460][TID=16432] get_shm enter: targetPid=26460 create=0
[2026-03-18 22:20:53][PID=26460][TID=16432] names: local=Local\{385FC524-96E3-4839-9909-1F2135D4F928} | global=Global\{385FC524-96E3-4839-9909-1F2135D4F928}
[2026-03-18 22:20:53][PID=26460][TID=16432] OpenFileMapping(local) => handle=00000314 err=183
[2026-03-18 22:20:53][PID=26460][TID=16432] MapViewOfFile => ptr=015D0000 err=183
[2026-03-18 22:20:53][PID=26460][TID=16432] get_shm success: shm_pid=26460
[2026-03-18 22:20:53][PID=26460][TID=16432] free_shm enter: ptr=015D0000 handle=00000314 shm_pid=26460
[2026-03-18 22:20:53][PID=26460][TID=16432] UnmapViewOfFile done
[2026-03-18 22:20:53][PID=26460][TID=16432] CloseHandle done
[2026-03-18 22:20:53][PID=26460][TID=16432] free_shm leave
[2026-03-18 22:20:53][PID=14908][TID=3088] free_shm enter: ptr=12C30000 handle=00000B6C shm_pid=26460
[2026-03-18 22:20:53][PID=14908][TID=3088] UnmapViewOfFile done
[2026-03-18 22:20:53][PID=14908][TID=3088] CloseHandle done
[2026-03-18 22:20:53][PID=14908][TID=3088] free_shm leave
[2026-03-18 22:22:38][PID=6572][TID=8476] get_shm enter: targetPid=5988 create=1
[2026-03-18 22:22:38][PID=6572][TID=8476] names: local=Local\{385FC524-96E3-4839-9909-1F2135D4F928} | global=Global\{385FC524-96E3-4839-9909-1F2135D4F928}
[2026-03-18 22:22:38][PID=6572][TID=8476] OpenFileMapping(local) => handle=00000000 err=2
[2026-03-18 22:22:38][PID=6572][TID=8476] OpenFileMapping(global) => handle=00000000 err=2
[2026-03-18 22:22:38][PID=6572][TID=8476] CreateFileMapping(local) => handle=00000B9C err=0
[2026-03-18 22:22:38][PID=6572][TID=8476] MapViewOfFile => ptr=12EE0000 err=183
[2026-03-18 22:22:38][PID=6572][TID=8476] get_shm success: shm_pid=5988
[2026-03-18 22:22:38][PID=6572][TID=8476] get_shm enter: targetPid=6572 create=0
[2026-03-18 22:22:38][PID=6572][TID=8476] names: local=Local\{385FC524-96E3-4839-9909-1F2135D4F928} | global=Global\{385FC524-96E3-4839-9909-1F2135D4F928}
[2026-03-18 22:22:38][PID=6572][TID=8476] OpenFileMapping(local) => handle=00000B98 err=183
[2026-03-18 22:22:38][PID=6572][TID=8476] MapViewOfFile => ptr=13040000 err=183
[2026-03-18 22:22:38][PID=6572][TID=8476] get_shm success: shm_pid=6572
[2026-03-18 22:22:38][PID=6572][TID=8476] free_shm enter: ptr=13040000 handle=00000B98 shm_pid=6572
[2026-03-18 22:22:38][PID=6572][TID=8476] UnmapViewOfFile done
[2026-03-18 22:22:38][PID=6572][TID=8476] CloseHandle done
[2026-03-18 22:22:38][PID=6572][TID=8476] free_shm leave
[2026-03-18 22:22:38][PID=5988][TID=25324] get_shm enter: targetPid=5988 create=0
[2026-03-18 22:22:38][PID=5988][TID=25324] names: local=Local\{385FC524-96E3-4839-9909-1F2135D4F928} | global=Global\{385FC524-96E3-4839-9909-1F2135D4F928}
[2026-03-18 22:22:38][PID=5988][TID=25324] OpenFileMapping(local) => handle=00000310 err=183
[2026-03-18 22:22:38][PID=5988][TID=25324] MapViewOfFile => ptr=02F90000 err=183
[2026-03-18 22:22:38][PID=5988][TID=25324] get_shm success: shm_pid=5988
[2026-03-18 22:22:38][PID=5988][TID=25324] free_shm enter: ptr=02F90000 handle=00000310 shm_pid=5988
[2026-03-18 22:22:38][PID=5988][TID=25324] UnmapViewOfFile done
[2026-03-18 22:22:38][PID=5988][TID=25324] CloseHandle done
[2026-03-18 22:22:38][PID=5988][TID=25324] free_shm leave
[2026-03-18 22:22:38][PID=6572][TID=8476] free_shm enter: ptr=12EE0000 handle=00000B9C shm_pid=5988
[2026-03-18 22:22:38][PID=6572][TID=8476] UnmapViewOfFile done
[2026-03-18 22:22:38][PID=6572][TID=8476] CloseHandle done
[2026-03-18 22:22:38][PID=6572][TID=8476] free_shm leave
[2026-03-18 22:26:55][PID=19948][TID=5664] get_shm enter: targetPid=37228 create=1
[2026-03-18 22:26:55][PID=19948][TID=5664] names: local=Local\{385FC524-96E3-4839-9909-1F2135D4F928} | global=Global\{385FC524-96E3-4839-9909-1F2135D4F928}
[2026-03-18 22:26:55][PID=19948][TID=5664] OpenFileMapping(local) => handle=00000000 err=2
[2026-03-18 22:26:55][PID=19948][TID=5664] OpenFileMapping(global) => handle=00000000 err=2
[2026-03-18 22:26:55][PID=19948][TID=5664] CreateFileMapping(local) => handle=00000B90 err=0
[2026-03-18 22:26:55][PID=19948][TID=5664] MapViewOfFile => ptr=06200000 err=183
[2026-03-18 22:26:55][PID=19948][TID=5664] get_shm success: shm_pid=37228
[2026-03-18 22:26:55][PID=19948][TID=5664] get_shm enter: targetPid=19948 create=0
[2026-03-18 22:26:55][PID=19948][TID=5664] names: local=Local\{385FC524-96E3-4839-9909-1F2135D4F928} | global=Global\{385FC524-96E3-4839-9909-1F2135D4F928}
[2026-03-18 22:26:55][PID=19948][TID=5664] OpenFileMapping(local) => handle=00000BA8 err=183
[2026-03-18 22:26:55][PID=19948][TID=5664] MapViewOfFile => ptr=06360000 err=183
[2026-03-18 22:26:55][PID=19948][TID=5664] get_shm success: shm_pid=19948
[2026-03-18 22:26:55][PID=19948][TID=5664] free_shm enter: ptr=06360000 handle=00000BA8 shm_pid=19948
[2026-03-18 22:26:55][PID=19948][TID=5664] UnmapViewOfFile done
[2026-03-18 22:26:55][PID=19948][TID=5664] CloseHandle done
[2026-03-18 22:26:55][PID=19948][TID=5664] free_shm leave
[2026-03-18 22:26:55][PID=37228][TID=24264] get_shm enter: targetPid=37228 create=0
[2026-03-18 22:26:55][PID=37228][TID=24264] names: local=Local\{385FC524-96E3-4839-9909-1F2135D4F928} | global=Global\{385FC524-96E3-4839-9909-1F2135D4F928}
[2026-03-18 22:26:55][PID=37228][TID=24264] OpenFileMapping(local) => handle=000002DC err=183
[2026-03-18 22:26:55][PID=37228][TID=24264] MapViewOfFile => ptr=01650000 err=183
[2026-03-18 22:26:55][PID=37228][TID=24264] get_shm success: shm_pid=37228
[2026-03-18 22:26:55][PID=37228][TID=24264] free_shm enter: ptr=01650000 handle=000002DC shm_pid=37228
[2026-03-18 22:26:55][PID=37228][TID=24264] UnmapViewOfFile done
[2026-03-18 22:26:55][PID=37228][TID=24264] CloseHandle done
[2026-03-18 22:26:55][PID=37228][TID=24264] free_shm leave
[2026-03-18 22:26:55][PID=19948][TID=5664] free_shm enter: ptr=06200000 handle=00000B90 shm_pid=37228
[2026-03-18 22:26:55][PID=19948][TID=5664] UnmapViewOfFile done
[2026-03-18 22:26:55][PID=19948][TID=5664] CloseHandle done
[2026-03-18 22:26:55][PID=19948][TID=5664] free_shm leave
[2026-03-18 22:33:33][PID=36312][TID=23428] get_shm enter: targetPid=35508 create=1
[2026-03-18 22:33:33][PID=36312][TID=23428] names: local=Local\{385FC524-96E3-4839-9909-1F2135D4F928} | global=Global\{385FC524-96E3-4839-9909-1F2135D4F928}
[2026-03-18 22:33:33][PID=36312][TID=23428] OpenFileMapping(local) => handle=00000000 err=2
[2026-03-18 22:33:33][PID=36312][TID=23428] OpenFileMapping(global) => handle=00000000 err=2
[2026-03-18 22:33:33][PID=36312][TID=23428] CreateFileMapping(local) => handle=00000B78 err=0
[2026-03-18 22:33:33][PID=36312][TID=23428] MapViewOfFile => ptr=0FE00000 err=183
[2026-03-18 22:33:33][PID=36312][TID=23428] get_shm success: shm_pid=35508
[2026-03-18 22:33:33][PID=36312][TID=23428] get_shm enter: targetPid=36312 create=0
[2026-03-18 22:33:33][PID=36312][TID=23428] names: local=Local\{385FC524-96E3-4839-9909-1F2135D4F928} | global=Global\{385FC524-96E3-4839-9909-1F2135D4F928}
[2026-03-18 22:33:33][PID=36312][TID=23428] OpenFileMapping(local) => handle=00000B3C err=183
[2026-03-18 22:33:33][PID=36312][TID=23428] MapViewOfFile => ptr=0FE30000 err=183
[2026-03-18 22:33:33][PID=36312][TID=23428] get_shm success: shm_pid=36312
[2026-03-18 22:33:33][PID=36312][TID=23428] free_shm enter: ptr=0FE30000 handle=00000B3C shm_pid=36312
[2026-03-18 22:33:33][PID=36312][TID=23428] UnmapViewOfFile done
[2026-03-18 22:33:33][PID=36312][TID=23428] CloseHandle done
[2026-03-18 22:33:33][PID=36312][TID=23428] free_shm leave
[2026-03-18 22:33:33][PID=35508][TID=2268] get_shm enter: targetPid=35508 create=0
[2026-03-18 22:33:33][PID=35508][TID=2268] names: local=Local\{385FC524-96E3-4839-9909-1F2135D4F928} | global=Global\{385FC524-96E3-4839-9909-1F2135D4F928}
[2026-03-18 22:33:33][PID=35508][TID=2268] OpenFileMapping(local) => handle=0000030C err=183
[2026-03-18 22:33:33][PID=35508][TID=2268] MapViewOfFile => ptr=02D50000 err=183
[2026-03-18 22:33:33][PID=35508][TID=2268] get_shm success: shm_pid=35508
[2026-03-18 22:33:33][PID=35508][TID=2268] free_shm enter: ptr=02D50000 handle=0000030C shm_pid=35508
[2026-03-18 22:33:33][PID=35508][TID=2268] UnmapViewOfFile done
[2026-03-18 22:33:33][PID=35508][TID=2268] CloseHandle done
[2026-03-18 22:33:33][PID=35508][TID=2268] free_shm leave
[2026-03-18 22:33:33][PID=36312][TID=23428] free_shm enter: ptr=0FE00000 handle=00000B78 shm_pid=35508
[2026-03-18 22:33:33][PID=36312][TID=23428] UnmapViewOfFile done
[2026-03-18 22:33:33][PID=36312][TID=23428] CloseHandle done
[2026-03-18 22:33:33][PID=36312][TID=23428] free_shm leave
[2026-03-18 22:35:04][PID=9096][TID=13040] get_shm enter: targetPid=20956 create=1
[2026-03-18 22:35:04][PID=9096][TID=13040] names: local=Local\{385FC524-96E3-4839-9909-1F2135D4F928} | global=Global\{385FC524-96E3-4839-9909-1F2135D4F928}
[2026-03-18 22:35:04][PID=9096][TID=13040] OpenFileMapping(local) => handle=00000000 err=2
[2026-03-18 22:35:04][PID=9096][TID=13040] OpenFileMapping(global) => handle=00000000 err=2
[2026-03-18 22:35:04][PID=9096][TID=13040] CreateFileMapping(local) => handle=00000B94 err=0
[2026-03-18 22:35:04][PID=9096][TID=13040] MapViewOfFile => ptr=12C50000 err=183
[2026-03-18 22:35:04][PID=9096][TID=13040] get_shm success: shm_pid=20956
[2026-03-18 22:35:04][PID=9096][TID=13040] get_shm enter: targetPid=9096 create=0
[2026-03-18 22:35:04][PID=9096][TID=13040] names: local=Local\{385FC524-96E3-4839-9909-1F2135D4F928} | global=Global\{385FC524-96E3-4839-9909-1F2135D4F928}
[2026-03-18 22:35:04][PID=9096][TID=13040] OpenFileMapping(local) => handle=00000BAC err=183
[2026-03-18 22:35:04][PID=9096][TID=13040] MapViewOfFile => ptr=12DB0000 err=183
[2026-03-18 22:35:04][PID=9096][TID=13040] get_shm success: shm_pid=9096
[2026-03-18 22:35:04][PID=9096][TID=13040] free_shm enter: ptr=12DB0000 handle=00000BAC shm_pid=9096
[2026-03-18 22:35:04][PID=9096][TID=13040] UnmapViewOfFile done
[2026-03-18 22:35:04][PID=9096][TID=13040] CloseHandle done
[2026-03-18 22:35:04][PID=9096][TID=13040] free_shm leave
[2026-03-18 22:35:04][PID=20956][TID=26328] get_shm enter: targetPid=20956 create=0
[2026-03-18 22:35:04][PID=20956][TID=26328] names: local=Local\{385FC524-96E3-4839-9909-1F2135D4F928} | global=Global\{385FC524-96E3-4839-9909-1F2135D4F928}
[2026-03-18 22:35:04][PID=20956][TID=26328] OpenFileMapping(local) => handle=00000300 err=183
[2026-03-18 22:35:04][PID=20956][TID=26328] MapViewOfFile => ptr=018F0000 err=183
[2026-03-18 22:35:04][PID=20956][TID=26328] get_shm success: shm_pid=20956
[2026-03-18 22:35:04][PID=20956][TID=26328] free_shm enter: ptr=018F0000 handle=00000300 shm_pid=20956
[2026-03-18 22:35:04][PID=20956][TID=26328] UnmapViewOfFile done
[2026-03-18 22:35:04][PID=20956][TID=26328] CloseHandle done
[2026-03-18 22:35:04][PID=20956][TID=26328] free_shm leave
[2026-03-18 22:35:04][PID=9096][TID=13040] free_shm enter: ptr=12C50000 handle=00000B94 shm_pid=20956
[2026-03-18 22:35:04][PID=9096][TID=13040] UnmapViewOfFile done
[2026-03-18 22:35:04][PID=9096][TID=13040] CloseHandle done
[2026-03-18 22:35:04][PID=9096][TID=13040] free_shm leave
[2026-03-18 22:38:50][PID=15432][TID=36732] get_shm enter: targetPid=34468 create=1
[2026-03-18 22:38:50][PID=15432][TID=36732] names: local=Local\{385FC524-96E3-4839-9909-1F2135D4F928} | global=Global\{385FC524-96E3-4839-9909-1F2135D4F928}
[2026-03-18 22:38:50][PID=15432][TID=36732] OpenFileMapping(local) => handle=00000000 err=2
[2026-03-18 22:38:50][PID=15432][TID=36732] OpenFileMapping(global) => handle=00000000 err=2
[2026-03-18 22:38:50][PID=15432][TID=36732] CreateFileMapping(local) => handle=00000B74 err=0
[2026-03-18 22:38:50][PID=15432][TID=36732] MapViewOfFile => ptr=12B20000 err=183
[2026-03-18 22:38:50][PID=15432][TID=36732] get_shm success: shm_pid=34468
[2026-03-18 22:38:50][PID=15432][TID=36732] get_shm enter: targetPid=15432 create=0
[2026-03-18 22:38:50][PID=15432][TID=36732] names: local=Local\{385FC524-96E3-4839-9909-1F2135D4F928} | global=Global\{385FC524-96E3-4839-9909-1F2135D4F928}
[2026-03-18 22:38:50][PID=15432][TID=36732] OpenFileMapping(local) => handle=00000B80 err=183
[2026-03-18 22:38:50][PID=15432][TID=36732] MapViewOfFile => ptr=12C80000 err=183
[2026-03-18 22:38:50][PID=15432][TID=36732] get_shm success: shm_pid=15432
[2026-03-18 22:38:50][PID=15432][TID=36732] free_shm enter: ptr=12C80000 handle=00000B80 shm_pid=15432
[2026-03-18 22:38:50][PID=15432][TID=36732] UnmapViewOfFile done
[2026-03-18 22:38:50][PID=15432][TID=36732] CloseHandle done
[2026-03-18 22:38:50][PID=15432][TID=36732] free_shm leave
[2026-03-18 22:38:50][PID=34468][TID=19848] get_shm enter: targetPid=34468 create=0
[2026-03-18 22:38:50][PID=34468][TID=19848] names: local=Local\{385FC524-96E3-4839-9909-1F2135D4F928} | global=Global\{385FC524-96E3-4839-9909-1F2135D4F928}
[2026-03-18 22:38:50][PID=34468][TID=19848] OpenFileMapping(local) => handle=000000EC err=183
[2026-03-18 22:38:50][PID=34468][TID=19848] MapViewOfFile => ptr=01940000 err=183
[2026-03-18 22:38:50][PID=34468][TID=19848] get_shm success: shm_pid=34468
[2026-03-18 22:38:50][PID=34468][TID=19848] free_shm enter: ptr=01940000 handle=000000EC shm_pid=34468
[2026-03-18 22:38:50][PID=34468][TID=19848] UnmapViewOfFile done
[2026-03-18 22:38:50][PID=34468][TID=19848] CloseHandle done
[2026-03-18 22:38:50][PID=34468][TID=19848] free_shm leave
[2026-03-18 22:38:50][PID=15432][TID=36732] free_shm enter: ptr=12B20000 handle=00000B74 shm_pid=34468
[2026-03-18 22:38:50][PID=15432][TID=36732] UnmapViewOfFile done
[2026-03-18 22:38:50][PID=15432][TID=36732] CloseHandle done
[2026-03-18 22:38:50][PID=15432][TID=36732] free_shm leave
[2026-03-18 22:40:31][PID=45364][TID=30296] get_shm enter: targetPid=15004 create=1
[2026-03-18 22:40:31][PID=45364][TID=30296] names: local=Local\{385FC524-96E3-4839-9909-1F2135D4F928} | global=Global\{385FC524-96E3-4839-9909-1F2135D4F928}
[2026-03-18 22:40:31][PID=45364][TID=30296] OpenFileMapping(local) => handle=00000000 err=2
[2026-03-18 22:40:31][PID=45364][TID=30296] OpenFileMapping(global) => handle=00000000 err=2
[2026-03-18 22:40:31][PID=45364][TID=30296] CreateFileMapping(local) => handle=00000B70 err=0
[2026-03-18 22:40:31][PID=45364][TID=30296] MapViewOfFile => ptr=118D0000 err=183
[2026-03-18 22:40:31][PID=45364][TID=30296] get_shm success: shm_pid=15004
[2026-03-18 22:40:31][PID=45364][TID=30296] get_shm enter: targetPid=45364 create=0
[2026-03-18 22:40:31][PID=45364][TID=30296] names: local=Local\{385FC524-96E3-4839-9909-1F2135D4F928} | global=Global\{385FC524-96E3-4839-9909-1F2135D4F928}
[2026-03-18 22:40:31][PID=45364][TID=30296] OpenFileMapping(local) => handle=00000B6C err=183
[2026-03-18 22:40:31][PID=45364][TID=30296] MapViewOfFile => ptr=12350000 err=183
[2026-03-18 22:40:31][PID=45364][TID=30296] get_shm success: shm_pid=45364
[2026-03-18 22:40:31][PID=45364][TID=30296] free_shm enter: ptr=12350000 handle=00000B6C shm_pid=45364
[2026-03-18 22:40:31][PID=45364][TID=30296] UnmapViewOfFile done
[2026-03-18 22:40:31][PID=45364][TID=30296] CloseHandle done
[2026-03-18 22:40:31][PID=45364][TID=30296] free_shm leave
[2026-03-18 22:40:31][PID=15004][TID=1828] get_shm enter: targetPid=15004 create=0
[2026-03-18 22:40:31][PID=15004][TID=1828] names: local=Local\{385FC524-96E3-4839-9909-1F2135D4F928} | global=Global\{385FC524-96E3-4839-9909-1F2135D4F928}
[2026-03-18 22:40:31][PID=15004][TID=1828] OpenFileMapping(local) => handle=00000308 err=183
[2026-03-18 22:40:31][PID=15004][TID=1828] MapViewOfFile => ptr=015A0000 err=183
[2026-03-18 22:40:31][PID=15004][TID=1828] get_shm success: shm_pid=15004
[2026-03-18 22:40:31][PID=15004][TID=1828] free_shm enter: ptr=015A0000 handle=00000308 shm_pid=15004
[2026-03-18 22:40:31][PID=15004][TID=1828] UnmapViewOfFile done
[2026-03-18 22:40:31][PID=15004][TID=1828] CloseHandle done
[2026-03-18 22:40:31][PID=15004][TID=1828] free_shm leave
[2026-03-18 22:40:31][PID=45364][TID=30296] free_shm enter: ptr=118D0000 handle=00000B70 shm_pid=15004
[2026-03-18 22:40:31][PID=45364][TID=30296] UnmapViewOfFile done
[2026-03-18 22:40:31][PID=45364][TID=30296] CloseHandle done
[2026-03-18 22:40:31][PID=45364][TID=30296] free_shm leave
[2026-03-18 23:14:18][PID=27200][TID=45156] get_shm enter: targetPid=11832 create=1
[2026-03-18 23:14:18][PID=27200][TID=45156] names: local=Local\{385FC524-96E3-4839-9909-1F2135D4F928} | global=Global\{385FC524-96E3-4839-9909-1F2135D4F928}
[2026-03-18 23:14:18][PID=27200][TID=45156] OpenFileMapping(local) => handle=00000000 err=2
[2026-03-18 23:14:18][PID=27200][TID=45156] OpenFileMapping(global) => handle=00000000 err=2
[2026-03-18 23:14:18][PID=27200][TID=45156] CreateFileMapping(local) => handle=00000BA0 err=0
[2026-03-18 23:14:18][PID=27200][TID=45156] MapViewOfFile => ptr=06290000 err=183
[2026-03-18 23:14:18][PID=27200][TID=45156] get_shm success: shm_pid=11832
[2026-03-18 23:14:18][PID=27200][TID=45156] get_shm enter: targetPid=27200 create=0
[2026-03-18 23:14:18][PID=27200][TID=45156] names: local=Local\{385FC524-96E3-4839-9909-1F2135D4F928} | global=Global\{385FC524-96E3-4839-9909-1F2135D4F928}
[2026-03-18 23:14:18][PID=27200][TID=45156] OpenFileMapping(local) => handle=00000B20 err=183
[2026-03-18 23:14:18][PID=27200][TID=45156] MapViewOfFile => ptr=063F0000 err=183
[2026-03-18 23:14:18][PID=27200][TID=45156] get_shm success: shm_pid=27200
[2026-03-18 23:14:18][PID=27200][TID=45156] free_shm enter: ptr=063F0000 handle=00000B20 shm_pid=27200
[2026-03-18 23:14:18][PID=27200][TID=45156] UnmapViewOfFile done
[2026-03-18 23:14:18][PID=27200][TID=45156] CloseHandle done
[2026-03-18 23:14:18][PID=27200][TID=45156] free_shm leave
[2026-03-18 23:14:18][PID=11832][TID=30012] get_shm enter: targetPid=11832 create=0
[2026-03-18 23:14:18][PID=11832][TID=30012] names: local=Local\{385FC524-96E3-4839-9909-1F2135D4F928} | global=Global\{385FC524-96E3-4839-9909-1F2135D4F928}
[2026-03-18 23:14:18][PID=11832][TID=30012] OpenFileMapping(local) => handle=00000308 err=183
[2026-03-18 23:14:18][PID=11832][TID=30012] MapViewOfFile => ptr=01590000 err=183
[2026-03-18 23:14:18][PID=11832][TID=30012] get_shm success: shm_pid=11832
[2026-03-18 23:14:18][PID=11832][TID=30012] free_shm enter: ptr=01590000 handle=00000308 shm_pid=11832
[2026-03-18 23:14:18][PID=11832][TID=30012] UnmapViewOfFile done
[2026-03-18 23:14:18][PID=11832][TID=30012] CloseHandle done
[2026-03-18 23:14:18][PID=11832][TID=30012] free_shm leave
[2026-03-18 23:14:18][PID=27200][TID=45156] free_shm enter: ptr=06290000 handle=00000BA0 shm_pid=11832
[2026-03-18 23:14:18][PID=27200][TID=45156] UnmapViewOfFile done
[2026-03-18 23:14:18][PID=27200][TID=45156] CloseHandle done
[2026-03-18 23:14:18][PID=27200][TID=45156] free_shm leave
[2026-03-18 23:37:33][PID=18480][TID=11500] get_shm enter: targetPid=42348 create=1
[2026-03-18 23:37:33][PID=18480][TID=11500] names: local=Local\{385FC524-96E3-4839-9909-1F2135D4F928} | global=Global\{385FC524-96E3-4839-9909-1F2135D4F928}
[2026-03-18 23:37:33][PID=18480][TID=11500] OpenFileMapping(local) => handle=00000000 err=2
[2026-03-18 23:37:33][PID=18480][TID=11500] OpenFileMapping(global) => handle=00000000 err=2
[2026-03-18 23:37:33][PID=18480][TID=11500] CreateFileMapping(local) => handle=00000B20 err=0
[2026-03-18 23:37:33][PID=18480][TID=11500] MapViewOfFile => ptr=127C0000 err=183
[2026-03-18 23:37:33][PID=18480][TID=11500] get_shm success: shm_pid=42348
[2026-03-18 23:37:33][PID=18480][TID=11500] get_shm enter: targetPid=18480 create=0
[2026-03-18 23:37:33][PID=18480][TID=11500] names: local=Local\{385FC524-96E3-4839-9909-1F2135D4F928} | global=Global\{385FC524-96E3-4839-9909-1F2135D4F928}
[2026-03-18 23:37:33][PID=18480][TID=11500] OpenFileMapping(local) => handle=00000B28 err=183
[2026-03-18 23:37:33][PID=18480][TID=11500] MapViewOfFile => ptr=12920000 err=183
[2026-03-18 23:37:33][PID=18480][TID=11500] get_shm success: shm_pid=18480
[2026-03-18 23:37:33][PID=18480][TID=11500] free_shm enter: ptr=12920000 handle=00000B28 shm_pid=18480
[2026-03-18 23:37:33][PID=18480][TID=11500] UnmapViewOfFile done
[2026-03-18 23:37:33][PID=18480][TID=11500] CloseHandle done
[2026-03-18 23:37:33][PID=18480][TID=11500] free_shm leave
[2026-03-18 23:37:33][PID=42348][TID=4376] get_shm enter: targetPid=42348 create=0
[2026-03-18 23:37:33][PID=42348][TID=4376] names: local=Local\{385FC524-96E3-4839-9909-1F2135D4F928} | global=Global\{385FC524-96E3-4839-9909-1F2135D4F928}
[2026-03-18 23:37:33][PID=42348][TID=4376] OpenFileMapping(local) => handle=00000300 err=183
[2026-03-18 23:37:33][PID=42348][TID=4376] MapViewOfFile => ptr=01550000 err=183
[2026-03-18 23:37:33][PID=42348][TID=4376] get_shm success: shm_pid=42348
[2026-03-18 23:37:33][PID=42348][TID=4376] free_shm enter: ptr=01550000 handle=00000300 shm_pid=42348
[2026-03-18 23:37:33][PID=42348][TID=4376] UnmapViewOfFile done
[2026-03-18 23:37:33][PID=42348][TID=4376] CloseHandle done
[2026-03-18 23:37:33][PID=42348][TID=4376] free_shm leave
[2026-03-18 23:37:33][PID=18480][TID=11500] free_shm enter: ptr=127C0000 handle=00000B20 shm_pid=42348
[2026-03-18 23:37:33][PID=18480][TID=11500] UnmapViewOfFile done
[2026-03-18 23:37:33][PID=18480][TID=11500] CloseHandle done
[2026-03-18 23:37:33][PID=18480][TID=11500] free_shm leave
[2026-03-18 23:48:15][PID=33148][TID=7548] get_shm enter: targetPid=15948 create=1
[2026-03-18 23:48:15][PID=33148][TID=7548] names: local=Local\{385FC524-96E3-4839-9909-1F2135D4F928} | global=Global\{385FC524-96E3-4839-9909-1F2135D4F928}
[2026-03-18 23:48:15][PID=33148][TID=7548] OpenFileMapping(local) => handle=00000000 err=2
[2026-03-18 23:48:15][PID=33148][TID=7548] OpenFileMapping(global) => handle=00000000 err=2
[2026-03-18 23:48:15][PID=33148][TID=7548] CreateFileMapping(local) => handle=00000B50 err=0
[2026-03-18 23:48:15][PID=33148][TID=7548] MapViewOfFile => ptr=11620000 err=183
[2026-03-18 23:48:15][PID=33148][TID=7548] get_shm success: shm_pid=15948
[2026-03-18 23:48:15][PID=33148][TID=7548] get_shm enter: targetPid=33148 create=0
[2026-03-18 23:48:15][PID=33148][TID=7548] names: local=Local\{385FC524-96E3-4839-9909-1F2135D4F928} | global=Global\{385FC524-96E3-4839-9909-1F2135D4F928}
[2026-03-18 23:48:15][PID=33148][TID=7548] OpenFileMapping(local) => handle=00000B80 err=183
[2026-03-18 23:48:15][PID=33148][TID=7548] MapViewOfFile => ptr=117B0000 err=183
[2026-03-18 23:48:15][PID=33148][TID=7548] get_shm success: shm_pid=33148
[2026-03-18 23:48:15][PID=33148][TID=7548] free_shm enter: ptr=117B0000 handle=00000B80 shm_pid=33148
[2026-03-18 23:48:15][PID=33148][TID=7548] UnmapViewOfFile done
[2026-03-18 23:48:15][PID=33148][TID=7548] CloseHandle done
[2026-03-18 23:48:15][PID=33148][TID=7548] free_shm leave
[2026-03-18 23:48:15][PID=15948][TID=20376] get_shm enter: targetPid=15948 create=0
[2026-03-18 23:48:15][PID=15948][TID=20376] names: local=Local\{385FC524-96E3-4839-9909-1F2135D4F928} | global=Global\{385FC524-96E3-4839-9909-1F2135D4F928}
[2026-03-18 23:48:15][PID=15948][TID=20376] OpenFileMapping(local) => handle=000002F8 err=183
[2026-03-18 23:48:15][PID=15948][TID=20376] MapViewOfFile => ptr=017A0000 err=183
[2026-03-18 23:48:15][PID=15948][TID=20376] get_shm success: shm_pid=15948
[2026-03-18 23:48:15][PID=15948][TID=20376] free_shm enter: ptr=017A0000 handle=000002F8 shm_pid=15948
[2026-03-18 23:48:15][PID=15948][TID=20376] UnmapViewOfFile done
[2026-03-18 23:48:15][PID=15948][TID=20376] CloseHandle done
[2026-03-18 23:48:15][PID=15948][TID=20376] free_shm leave
[2026-03-18 23:48:15][PID=33148][TID=7548] free_shm enter: ptr=11620000 handle=00000B50 shm_pid=15948
[2026-03-18 23:48:15][PID=33148][TID=7548] UnmapViewOfFile done
[2026-03-18 23:48:15][PID=33148][TID=7548] CloseHandle done
[2026-03-18 23:48:15][PID=33148][TID=7548] free_shm leave
[2026-03-19 02:56:56][PID=33904][TID=7884] get_shm enter: targetPid=39744 create=1
[2026-03-19 02:56:56][PID=33904][TID=7884] names: local=Local\{385FC524-96E3-4839-9909-1F2135D4F928} | global=Global\{385FC524-96E3-4839-9909-1F2135D4F928}
[2026-03-19 02:56:56][PID=33904][TID=7884] OpenFileMapping(local) => handle=00000000 err=2
[2026-03-19 02:56:56][PID=33904][TID=7884] OpenFileMapping(global) => handle=00000000 err=2
[2026-03-19 02:56:56][PID=33904][TID=7884] CreateFileMapping(local) => handle=00000B9C err=0
[2026-03-19 02:56:56][PID=33904][TID=7884] MapViewOfFile => ptr=07110000 err=183
[2026-03-19 02:56:56][PID=33904][TID=7884] get_shm success: shm_pid=39744
[2026-03-19 02:56:56][PID=33904][TID=7884] get_shm enter: targetPid=33904 create=0
[2026-03-19 02:56:56][PID=33904][TID=7884] names: local=Local\{385FC524-96E3-4839-9909-1F2135D4F928} | global=Global\{385FC524-96E3-4839-9909-1F2135D4F928}
[2026-03-19 02:56:56][PID=33904][TID=7884] OpenFileMapping(local) => handle=00000B2C err=183
[2026-03-19 02:56:56][PID=33904][TID=7884] MapViewOfFile => ptr=07270000 err=183
[2026-03-19 02:56:56][PID=33904][TID=7884] get_shm success: shm_pid=33904
[2026-03-19 02:57:02][PID=33904][TID=7884] free_shm enter: ptr=07270000 handle=00000B2C shm_pid=33904
[2026-03-19 02:57:02][PID=33904][TID=7884] UnmapViewOfFile done
[2026-03-19 02:57:02][PID=33904][TID=7884] CloseHandle done
[2026-03-19 02:57:02][PID=33904][TID=7884] free_shm leave
[2026-03-19 02:57:02][PID=39744][TID=37624] get_shm enter: targetPid=39744 create=0
[2026-03-19 02:57:02][PID=39744][TID=37624] names: local=Local\{385FC524-96E3-4839-9909-1F2135D4F928} | global=Global\{385FC524-96E3-4839-9909-1F2135D4F928}
[2026-03-19 02:57:02][PID=39744][TID=37624] OpenFileMapping(local) => handle=00000318 err=183
[2026-03-19 02:57:02][PID=39744][TID=37624] MapViewOfFile => ptr=01560000 err=183
[2026-03-19 02:57:02][PID=39744][TID=37624] get_shm success: shm_pid=39744
[2026-03-19 02:57:07][PID=39744][TID=37624] free_shm enter: ptr=01560000 handle=00000318 shm_pid=39744
[2026-03-19 02:57:07][PID=39744][TID=37624] UnmapViewOfFile done
[2026-03-19 02:57:07][PID=39744][TID=37624] CloseHandle done
[2026-03-19 02:57:07][PID=39744][TID=37624] free_shm leave
[2026-03-19 02:58:23][PID=33904][TID=7884] free_shm enter: ptr=07110000 handle=00000B9C shm_pid=39744
[2026-03-19 02:58:23][PID=33904][TID=7884] UnmapViewOfFile done
[2026-03-19 02:58:23][PID=33904][TID=7884] CloseHandle done
[2026-03-19 02:58:23][PID=33904][TID=7884] free_shm leave
[2026-03-19 02:58:24][PID=33904][TID=7884] get_shm enter: targetPid=34256 create=1
[2026-03-19 02:58:24][PID=33904][TID=7884] names: local=Local\{385FC524-96E3-4839-9909-1F2135D4F928} | global=Global\{385FC524-96E3-4839-9909-1F2135D4F928}
[2026-03-19 02:58:24][PID=33904][TID=7884] OpenFileMapping(local) => handle=00000000 err=2
[2026-03-19 02:58:24][PID=33904][TID=7884] OpenFileMapping(global) => handle=00000000 err=2
[2026-03-19 02:58:24][PID=33904][TID=7884] CreateFileMapping(local) => handle=00000B68 err=0
[2026-03-19 02:58:24][PID=33904][TID=7884] MapViewOfFile => ptr=011A0000 err=183
[2026-03-19 02:58:24][PID=33904][TID=7884] get_shm success: shm_pid=34256
[2026-03-19 02:58:24][PID=33904][TID=7884] get_shm enter: targetPid=33904 create=0
[2026-03-19 02:58:24][PID=33904][TID=7884] names: local=Local\{385FC524-96E3-4839-9909-1F2135D4F928} | global=Global\{385FC524-96E3-4839-9909-1F2135D4F928}
[2026-03-19 02:58:24][PID=33904][TID=7884] OpenFileMapping(local) => handle=00000BC8 err=183
[2026-03-19 02:58:24][PID=33904][TID=7884] MapViewOfFile => ptr=01250000 err=183
[2026-03-19 02:58:24][PID=33904][TID=7884] get_shm success: shm_pid=33904
[2026-03-19 02:58:30][PID=33904][TID=7884] free_shm enter: ptr=01250000 handle=00000BC8 shm_pid=33904
[2026-03-19 02:58:30][PID=33904][TID=7884] UnmapViewOfFile done
[2026-03-19 02:58:30][PID=33904][TID=7884] CloseHandle done
[2026-03-19 02:58:30][PID=33904][TID=7884] free_shm leave
[2026-03-19 02:58:30][PID=34256][TID=6024] get_shm enter: targetPid=34256 create=0
[2026-03-19 02:58:30][PID=34256][TID=6024] names: local=Local\{385FC524-96E3-4839-9909-1F2135D4F928} | global=Global\{385FC524-96E3-4839-9909-1F2135D4F928}
[2026-03-19 02:58:30][PID=34256][TID=6024] OpenFileMapping(local) => handle=000002F8 err=183
[2026-03-19 02:58:30][PID=34256][TID=6024] MapViewOfFile => ptr=01330000 err=183
[2026-03-19 02:58:30][PID=34256][TID=6024] get_shm success: shm_pid=34256
[2026-03-19 02:58:35][PID=34256][TID=6024] free_shm enter: ptr=01330000 handle=000002F8 shm_pid=34256
[2026-03-19 02:58:35][PID=34256][TID=6024] UnmapViewOfFile done
[2026-03-19 02:58:35][PID=34256][TID=6024] CloseHandle done
[2026-03-19 02:58:35][PID=34256][TID=6024] free_shm leave
[2026-03-19 03:00:26][PID=33904][TID=7884] free_shm enter: ptr=011A0000 handle=00000B68 shm_pid=34256
[2026-03-19 03:00:26][PID=33904][TID=7884] UnmapViewOfFile done
[2026-03-19 03:00:26][PID=33904][TID=7884] CloseHandle done
[2026-03-19 03:00:26][PID=33904][TID=7884] free_shm leave
[2026-03-20 02:43:17][PID=15112][TID=38768] get_shm enter: targetPid=19612 create=1
[2026-03-20 02:43:17][PID=15112][TID=38768] names: local=Local\{385FC524-96E3-4839-9909-1F2135D4F928} | global=Global\{385FC524-96E3-4839-9909-1F2135D4F928}
[2026-03-20 02:43:17][PID=15112][TID=38768] OpenFileMapping(local) => handle=00000000 err=2
[2026-03-20 02:43:17][PID=15112][TID=38768] OpenFileMapping(global) => handle=00000000 err=2
[2026-03-20 02:43:17][PID=15112][TID=38768] CreateFileMapping(local) => handle=00000BA0 err=0
[2026-03-20 02:43:17][PID=15112][TID=38768] MapViewOfFile => ptr=068E0000 err=183
[2026-03-20 02:43:17][PID=15112][TID=38768] get_shm success: shm_pid=19612
[2026-03-20 02:43:17][PID=19612][TID=28984] get_shm enter: targetPid=19612 create=0
[2026-03-20 02:43:17][PID=19612][TID=28984] names: local=Local\{385FC524-96E3-4839-9909-1F2135D4F928} | global=Global\{385FC524-96E3-4839-9909-1F2135D4F928}
[2026-03-20 02:43:17][PID=19612][TID=28984] OpenFileMapping(local) => handle=00000308 err=183
[2026-03-20 02:43:17][PID=19612][TID=28984] MapViewOfFile => ptr=001E0000 err=183
[2026-03-20 02:43:17][PID=19612][TID=28984] get_shm success: shm_pid=19612
[2026-03-20 02:43:22][PID=19612][TID=28984] free_shm enter: ptr=001E0000 handle=00000308 shm_pid=19612
[2026-03-20 02:43:22][PID=19612][TID=28984] UnmapViewOfFile done
[2026-03-20 02:43:22][PID=19612][TID=28984] CloseHandle done
[2026-03-20 02:43:22][PID=19612][TID=28984] free_shm leave
[2026-03-20 03:28:44][PID=34968][TID=29548] get_shm enter: targetPid=38472 create=1
[2026-03-20 03:28:44][PID=34968][TID=29548] names: local=Local\{385FC524-96E3-4839-9909-1F2135D4F928} | global=Global\{385FC524-96E3-4839-9909-1F2135D4F928}
[2026-03-20 03:28:44][PID=34968][TID=29548] OpenFileMapping(local) => handle=00000000 err=2
[2026-03-20 03:28:44][PID=34968][TID=29548] OpenFileMapping(global) => handle=00000000 err=2
[2026-03-20 03:28:44][PID=34968][TID=29548] CreateFileMapping(local) => handle=00000B98 err=0
[2026-03-20 03:28:44][PID=34968][TID=29548] MapViewOfFile => ptr=06CD0000 err=183
[2026-03-20 03:28:44][PID=34968][TID=29548] get_shm success: shm_pid=38472
[2026-03-20 03:28:44][PID=38472][TID=9512] get_shm enter: targetPid=38472 create=0
[2026-03-20 03:28:44][PID=38472][TID=9512] names: local=Local\{385FC524-96E3-4839-9909-1F2135D4F928} | global=Global\{385FC524-96E3-4839-9909-1F2135D4F928}
[2026-03-20 03:28:44][PID=38472][TID=9512] OpenFileMapping(local) => handle=00000308 err=183
[2026-03-20 03:28:44][PID=38472][TID=9512] MapViewOfFile => ptr=001E0000 err=183
[2026-03-20 03:28:44][PID=38472][TID=9512] get_shm success: shm_pid=38472
[2026-03-20 03:28:50][PID=38472][TID=9512] free_shm enter: ptr=001E0000 handle=00000308 shm_pid=38472
[2026-03-20 03:28:50][PID=38472][TID=9512] UnmapViewOfFile done
[2026-03-20 03:28:50][PID=38472][TID=9512] CloseHandle done
[2026-03-20 03:28:50][PID=38472][TID=9512] free_shm leave
[2026-03-20 03:34:34][PID=39232][TID=40492] get_shm enter: targetPid=22228 create=1
[2026-03-20 03:34:34][PID=39232][TID=40492] names: local=Local\{385FC524-96E3-4839-9909-1F2135D4F928} | global=Global\{385FC524-96E3-4839-9909-1F2135D4F928}
[2026-03-20 03:34:34][PID=39232][TID=40492] OpenFileMapping(local) => handle=00000000 err=2
[2026-03-20 03:34:34][PID=39232][TID=40492] OpenFileMapping(global) => handle=00000000 err=2
[2026-03-20 03:34:34][PID=39232][TID=40492] CreateFileMapping(local) => handle=00000B80 err=0
[2026-03-20 03:34:34][PID=39232][TID=40492] MapViewOfFile => ptr=11C50000 err=183
[2026-03-20 03:34:34][PID=39232][TID=40492] get_shm success: shm_pid=22228
[2026-03-20 03:34:34][PID=22228][TID=38684] get_shm enter: targetPid=22228 create=0
[2026-03-20 03:34:34][PID=22228][TID=38684] names: local=Local\{385FC524-96E3-4839-9909-1F2135D4F928} | global=Global\{385FC524-96E3-4839-9909-1F2135D4F928}
[2026-03-20 03:34:34][PID=22228][TID=38684] OpenFileMapping(local) => handle=000002DC err=183
[2026-03-20 03:34:34][PID=22228][TID=38684] MapViewOfFile => ptr=001E0000 err=183
[2026-03-20 03:34:34][PID=22228][TID=38684] get_shm success: shm_pid=22228
[2026-03-20 03:34:40][PID=22228][TID=38684] free_shm enter: ptr=001E0000 handle=000002DC shm_pid=22228
[2026-03-20 03:34:40][PID=22228][TID=38684] UnmapViewOfFile done
[2026-03-20 03:34:40][PID=22228][TID=38684] CloseHandle done
[2026-03-20 03:34:40][PID=22228][TID=38684] free_shm leave
[2026-03-20 03:47:20][PID=36624][TID=34332] get_shm enter: targetPid=34968 create=1
[2026-03-20 03:47:20][PID=36624][TID=34332] names: local=Local\{385FC524-96E3-4839-9909-1F2135D4F928} | global=Global\{385FC524-96E3-4839-9909-1F2135D4F928}
[2026-03-20 03:47:20][PID=36624][TID=34332] OpenFileMapping(local) => handle=00000000 err=2
[2026-03-20 03:47:20][PID=36624][TID=34332] OpenFileMapping(global) => handle=00000000 err=2
[2026-03-20 03:47:20][PID=36624][TID=34332] CreateFileMapping(local) => handle=00000B40 err=0
[2026-03-20 03:47:20][PID=36624][TID=34332] MapViewOfFile => ptr=12B20000 err=183
[2026-03-20 03:47:20][PID=36624][TID=34332] get_shm success: shm_pid=34968
[2026-03-20 03:48:35][PID=44596][TID=27392] get_shm enter: targetPid=34328 create=1
[2026-03-20 03:48:35][PID=44596][TID=27392] names: local=Local\{385FC524-96E3-4839-9909-1F2135D4F928} | global=Global\{385FC524-96E3-4839-9909-1F2135D4F928}
[2026-03-20 03:48:35][PID=44596][TID=27392] OpenFileMapping(local) => handle=00000000 err=2
[2026-03-20 03:48:35][PID=44596][TID=27392] OpenFileMapping(global) => handle=00000000 err=2
[2026-03-20 03:48:35][PID=44596][TID=27392] CreateFileMapping(local) => handle=00000B58 err=0
[2026-03-20 03:48:35][PID=44596][TID=27392] MapViewOfFile => ptr=12720000 err=183
[2026-03-20 03:48:35][PID=44596][TID=27392] get_shm success: shm_pid=34328
[2026-03-20 04:07:59][PID=16900][TID=16672] get_shm enter: targetPid=20844 create=1
[2026-03-20 04:07:59][PID=16900][TID=16672] names: local=Local\{385FC524-96E3-4839-9909-1F2135D4F928} | global=Global\{385FC524-96E3-4839-9909-1F2135D4F928}
[2026-03-20 04:07:59][PID=16900][TID=16672] OpenFileMapping(local) => handle=00000000 err=2
[2026-03-20 04:07:59][PID=16900][TID=16672] OpenFileMapping(global) => handle=00000000 err=2
[2026-03-20 04:07:59][PID=16900][TID=16672] CreateFileMapping(local) => handle=00000B50 err=0
[2026-03-20 04:07:59][PID=16900][TID=16672] MapViewOfFile => ptr=13680000 err=183
[2026-03-20 04:07:59][PID=16900][TID=16672] get_shm success: shm_pid=20844
[2026-03-20 04:25:54][PID=13736][TID=18376] get_shm enter: targetPid=28680 create=1
[2026-03-20 04:25:54][PID=13736][TID=18376] names: local=Local\{385FC524-96E3-4839-9909-1F2135D4F928} | global=Global\{385FC524-96E3-4839-9909-1F2135D4F928}
[2026-03-20 04:25:54][PID=13736][TID=18376] OpenFileMapping(local) => handle=00000000 err=2
[2026-03-20 04:25:54][PID=13736][TID=18376] OpenFileMapping(global) => handle=00000000 err=2
[2026-03-20 04:25:54][PID=13736][TID=18376] CreateFileMapping(local) => handle=00000B4C err=0
[2026-03-20 04:25:54][PID=13736][TID=18376] MapViewOfFile => ptr=13470000 err=183
[2026-03-20 04:25:54][PID=13736][TID=18376] get_shm success: shm_pid=28680
[2026-03-20 04:25:54][PID=28680][TID=23848] get_shm enter: targetPid=28680 create=0
[2026-03-20 04:25:54][PID=28680][TID=23848] names: local=Local\{385FC524-96E3-4839-9909-1F2135D4F928} | global=Global\{385FC524-96E3-4839-9909-1F2135D4F928}
[2026-03-20 04:25:54][PID=28680][TID=23848] OpenFileMapping(local) => handle=000000EC err=183
[2026-03-20 04:25:54][PID=28680][TID=23848] MapViewOfFile => ptr=001E0000 err=183
[2026-03-20 04:25:54][PID=28680][TID=23848] get_shm success: shm_pid=28680
[2026-03-20 04:25:59][PID=28680][TID=23848] free_shm enter: ptr=001E0000 handle=000000EC shm_pid=28680
[2026-03-20 04:25:59][PID=28680][TID=23848] UnmapViewOfFile done
[2026-03-20 04:25:59][PID=28680][TID=23848] CloseHandle done
[2026-03-20 04:25:59][PID=28680][TID=23848] free_shm leave
[2026-03-20 11:08:14][PID=7568][TID=31072] get_shm enter: targetPid=41640 create=1
[2026-03-20 11:08:14][PID=7568][TID=31072] names: local=Local\{385FC524-96E3-4839-9909-1F2135D4F928} | global=Global\{385FC524-96E3-4839-9909-1F2135D4F928}
[2026-03-20 11:08:14][PID=7568][TID=31072] OpenFileMapping(local) => handle=00000000 err=2
[2026-03-20 11:08:14][PID=7568][TID=31072] OpenFileMapping(global) => handle=00000000 err=2
[2026-03-20 11:08:14][PID=7568][TID=31072] CreateFileMapping(local) => handle=00000BFC err=0
[2026-03-20 11:08:14][PID=7568][TID=31072] MapViewOfFile => ptr=11D00000 err=183
[2026-03-20 11:08:14][PID=7568][TID=31072] get_shm success: shm_pid=41640
[2026-03-20 11:08:14][PID=41640][TID=41620] get_shm enter: targetPid=41640 create=0
[2026-03-20 11:08:14][PID=41640][TID=41620] names: local=Local\{385FC524-96E3-4839-9909-1F2135D4F928} | global=Global\{385FC524-96E3-4839-9909-1F2135D4F928}
[2026-03-20 11:08:14][PID=41640][TID=41620] OpenFileMapping(local) => handle=0000010C err=183
[2026-03-20 11:08:14][PID=41640][TID=41620] MapViewOfFile => ptr=001E0000 err=183
[2026-03-20 11:08:14][PID=41640][TID=41620] get_shm success: shm_pid=41640
[2026-03-20 11:08:20][PID=41640][TID=41620] free_shm enter: ptr=001E0000 handle=0000010C shm_pid=41640
[2026-03-20 11:08:20][PID=41640][TID=41620] UnmapViewOfFile done
[2026-03-20 11:08:20][PID=41640][TID=41620] CloseHandle done
[2026-03-20 11:08:20][PID=41640][TID=41620] free_shm leave
[2026-03-20 21:08:31][PID=43552][TID=51972] get_shm enter: targetPid=17116 create=1
[2026-03-20 21:08:31][PID=43552][TID=51972] names: local=Local\{385FC524-96E3-4839-9909-1F2135D4F928} | global=Global\{385FC524-96E3-4839-9909-1F2135D4F928}
[2026-03-20 21:08:31][PID=43552][TID=51972] OpenFileMapping(local) => handle=00000000 err=2
[2026-03-20 21:08:31][PID=43552][TID=51972] OpenFileMapping(global) => handle=00000000 err=2
[2026-03-20 21:08:31][PID=43552][TID=51972] CreateFileMapping(local) => handle=00000B70 err=0
[2026-03-20 21:08:31][PID=43552][TID=51972] MapViewOfFile => ptr=0ADA0000 err=183
[2026-03-20 21:08:31][PID=43552][TID=51972] get_shm success: shm_pid=17116
[2026-03-20 21:08:31][PID=17116][TID=8160] get_shm enter: targetPid=17116 create=0
[2026-03-20 21:08:31][PID=17116][TID=8160] names: local=Local\{385FC524-96E3-4839-9909-1F2135D4F928} | global=Global\{385FC524-96E3-4839-9909-1F2135D4F928}
[2026-03-20 21:08:31][PID=17116][TID=8160] OpenFileMapping(local) => handle=0000031C err=183
[2026-03-20 21:08:31][PID=17116][TID=8160] MapViewOfFile => ptr=001E0000 err=183
[2026-03-20 21:08:31][PID=17116][TID=8160] get_shm success: shm_pid=17116
[2026-03-20 21:08:36][PID=17116][TID=8160] free_shm enter: ptr=001E0000 handle=0000031C shm_pid=17116
[2026-03-20 21:08:36][PID=17116][TID=8160] UnmapViewOfFile done
[2026-03-20 21:08:36][PID=17116][TID=8160] CloseHandle done
[2026-03-20 21:08:36][PID=17116][TID=8160] free_shm leave
[2026-03-20 21:10:25][PID=50468][TID=41696] get_shm enter: targetPid=32188 create=1
[2026-03-20 21:10:25][PID=50468][TID=41696] names: local=Local\{385FC524-96E3-4839-9909-1F2135D4F928} | global=Global\{385FC524-96E3-4839-9909-1F2135D4F928}
[2026-03-20 21:10:25][PID=50468][TID=41696] OpenFileMapping(local) => handle=00000000 err=2
[2026-03-20 21:10:25][PID=50468][TID=41696] OpenFileMapping(global) => handle=00000000 err=2
[2026-03-20 21:10:25][PID=50468][TID=41696] CreateFileMapping(local) => handle=00000B58 err=0
[2026-03-20 21:10:25][PID=50468][TID=41696] MapViewOfFile => ptr=11700000 err=183
[2026-03-20 21:10:25][PID=50468][TID=41696] get_shm success: shm_pid=32188
[2026-03-20 21:10:25][PID=32188][TID=50280] get_shm enter: targetPid=32188 create=0
[2026-03-20 21:10:25][PID=32188][TID=50280] names: local=Local\{385FC524-96E3-4839-9909-1F2135D4F928} | global=Global\{385FC524-96E3-4839-9909-1F2135D4F928}
[2026-03-20 21:10:25][PID=32188][TID=50280] OpenFileMapping(local) => handle=0000030C err=183
[2026-03-20 21:10:25][PID=32188][TID=50280] MapViewOfFile => ptr=001E0000 err=183
[2026-03-20 21:10:25][PID=32188][TID=50280] get_shm success: shm_pid=32188
[2026-03-20 21:10:30][PID=32188][TID=50280] free_shm enter: ptr=001E0000 handle=0000030C shm_pid=32188
[2026-03-20 21:10:30][PID=32188][TID=50280] UnmapViewOfFile done
[2026-03-20 21:10:30][PID=32188][TID=50280] CloseHandle done
[2026-03-20 21:10:30][PID=32188][TID=50280] free_shm leave
[2026-03-20 21:41:22][PID=51744][TID=38796] get_shm enter: targetPid=30216 create=1
[2026-03-20 21:41:22][PID=51744][TID=38796] names: local=Local\{385FC524-96E3-4839-9909-1F2135D4F928} | global=Global\{385FC524-96E3-4839-9909-1F2135D4F928}
[2026-03-20 21:41:22][PID=51744][TID=38796] OpenFileMapping(local) => handle=00000000 err=2
[2026-03-20 21:41:22][PID=51744][TID=38796] OpenFileMapping(global) => handle=00000000 err=2
[2026-03-20 21:41:22][PID=51744][TID=38796] CreateFileMapping(local) => handle=00000B1C err=0
[2026-03-20 21:41:22][PID=51744][TID=38796] MapViewOfFile => ptr=10E20000 err=183
[2026-03-20 21:41:22][PID=51744][TID=38796] get_shm success: shm_pid=30216
[2026-03-20 21:41:22][PID=30216][TID=2200] get_shm enter: targetPid=30216 create=0
[2026-03-20 21:41:22][PID=30216][TID=2200] names: local=Local\{385FC524-96E3-4839-9909-1F2135D4F928} | global=Global\{385FC524-96E3-4839-9909-1F2135D4F928}
[2026-03-20 21:41:22][PID=30216][TID=2200] OpenFileMapping(local) => handle=000002E4 err=183
[2026-03-20 21:41:22][PID=30216][TID=2200] MapViewOfFile => ptr=001E0000 err=183
[2026-03-20 21:41:22][PID=30216][TID=2200] get_shm success: shm_pid=30216
[2026-03-20 21:41:27][PID=30216][TID=2200] free_shm enter: ptr=001E0000 handle=000002E4 shm_pid=30216
[2026-03-20 21:41:27][PID=30216][TID=2200] UnmapViewOfFile done
[2026-03-20 21:41:27][PID=30216][TID=2200] CloseHandle done
[2026-03-20 21:41:27][PID=30216][TID=2200] free_shm leave
[2026-03-20 21:50:28][PID=4296][TID=39640] get_shm enter: targetPid=43380 create=1
[2026-03-20 21:50:28][PID=4296][TID=39640] names: local=Local\{385FC524-96E3-4839-9909-1F2135D4F928} | global=Global\{385FC524-96E3-4839-9909-1F2135D4F928}
[2026-03-20 21:50:28][PID=4296][TID=39640] OpenFileMapping(local) => handle=00000000 err=2
[2026-03-20 21:50:28][PID=4296][TID=39640] OpenFileMapping(global) => handle=00000000 err=2
[2026-03-20 21:50:28][PID=4296][TID=39640] CreateFileMapping(local) => handle=00000B94 err=0
[2026-03-20 21:50:28][PID=4296][TID=39640] MapViewOfFile => ptr=12980000 err=183
[2026-03-20 21:50:28][PID=4296][TID=39640] get_shm success: shm_pid=43380
[2026-03-20 21:50:28][PID=43380][TID=41192] get_shm enter: targetPid=43380 create=0
[2026-03-20 21:50:28][PID=43380][TID=41192] names: local=Local\{385FC524-96E3-4839-9909-1F2135D4F928} | global=Global\{385FC524-96E3-4839-9909-1F2135D4F928}
[2026-03-20 21:50:28][PID=43380][TID=41192] OpenFileMapping(local) => handle=00000310 err=183
[2026-03-20 21:50:28][PID=43380][TID=41192] MapViewOfFile => ptr=001E0000 err=183
[2026-03-20 21:50:28][PID=43380][TID=41192] get_shm success: shm_pid=43380
[2026-03-20 21:50:33][PID=43380][TID=41192] free_shm enter: ptr=001E0000 handle=00000310 shm_pid=43380
[2026-03-20 21:50:33][PID=43380][TID=41192] UnmapViewOfFile done
[2026-03-20 21:50:33][PID=43380][TID=41192] CloseHandle done
[2026-03-20 21:50:33][PID=43380][TID=41192] free_shm leave
[2026-03-20 21:59:55][PID=8168][TID=19956] get_shm enter: targetPid=14280 create=1
[2026-03-20 21:59:55][PID=8168][TID=19956] names: local=Local\{385FC524-96E3-4839-9909-1F2135D4F928} | global=Global\{385FC524-96E3-4839-9909-1F2135D4F928}
[2026-03-20 21:59:55][PID=8168][TID=19956] OpenFileMapping(local) => handle=00000000 err=2
[2026-03-20 21:59:55][PID=8168][TID=19956] OpenFileMapping(global) => handle=00000000 err=2
[2026-03-20 21:59:55][PID=8168][TID=19956] CreateFileMapping(local) => handle=00000B64 err=0
[2026-03-20 21:59:55][PID=8168][TID=19956] MapViewOfFile => ptr=11780000 err=183
[2026-03-20 21:59:55][PID=8168][TID=19956] get_shm success: shm_pid=14280
[2026-03-20 21:59:55][PID=14280][TID=15968] get_shm enter: targetPid=14280 create=0
[2026-03-20 21:59:55][PID=14280][TID=15968] names: local=Local\{385FC524-96E3-4839-9909-1F2135D4F928} | global=Global\{385FC524-96E3-4839-9909-1F2135D4F928}
[2026-03-20 21:59:55][PID=14280][TID=15968] OpenFileMapping(local) => handle=0000030C err=183
[2026-03-20 21:59:55][PID=14280][TID=15968] MapViewOfFile => ptr=001E0000 err=183
[2026-03-20 21:59:55][PID=14280][TID=15968] get_shm success: shm_pid=14280
[2026-03-20 22:00:00][PID=14280][TID=15968] free_shm enter: ptr=001E0000 handle=0000030C shm_pid=14280
[2026-03-20 22:00:00][PID=14280][TID=15968] UnmapViewOfFile done
[2026-03-20 22:00:00][PID=14280][TID=15968] CloseHandle done
[2026-03-20 22:00:00][PID=14280][TID=15968] free_shm leave
[2026-03-20 22:01:19][PID=29328][TID=18928] get_shm enter: targetPid=31180 create=1
[2026-03-20 22:01:19][PID=29328][TID=18928] names: local=Local\{385FC524-96E3-4839-9909-1F2135D4F928} | global=Global\{385FC524-96E3-4839-9909-1F2135D4F928}
[2026-03-20 22:01:19][PID=29328][TID=18928] OpenFileMapping(local) => handle=00000000 err=2
[2026-03-20 22:01:19][PID=29328][TID=18928] OpenFileMapping(global) => handle=00000000 err=2
[2026-03-20 22:01:19][PID=29328][TID=18928] CreateFileMapping(local) => handle=00000B64 err=0
[2026-03-20 22:01:19][PID=29328][TID=18928] MapViewOfFile => ptr=10ED0000 err=183
[2026-03-20 22:01:19][PID=29328][TID=18928] get_shm success: shm_pid=31180
[2026-03-20 22:01:19][PID=31180][TID=47736] get_shm enter: targetPid=31180 create=0
[2026-03-20 22:01:19][PID=31180][TID=47736] names: local=Local\{385FC524-96E3-4839-9909-1F2135D4F928} | global=Global\{385FC524-96E3-4839-9909-1F2135D4F928}
[2026-03-20 22:01:19][PID=31180][TID=47736] OpenFileMapping(local) => handle=000000F0 err=183
[2026-03-20 22:01:19][PID=31180][TID=47736] MapViewOfFile => ptr=001E0000 err=183
[2026-03-20 22:01:19][PID=31180][TID=47736] get_shm success: shm_pid=31180
[2026-03-20 22:01:25][PID=31180][TID=47736] free_shm enter: ptr=001E0000 handle=000000F0 shm_pid=31180
[2026-03-20 22:01:25][PID=31180][TID=47736] UnmapViewOfFile done
[2026-03-20 22:01:25][PID=31180][TID=47736] CloseHandle done
[2026-03-20 22:01:25][PID=31180][TID=47736] free_shm leave
[2026-03-20 22:01:43][PID=52324][TID=49296] get_shm enter: targetPid=18524 create=1
[2026-03-20 22:01:43][PID=52324][TID=49296] names: local=Local\{385FC524-96E3-4839-9909-1F2135D4F928} | global=Global\{385FC524-96E3-4839-9909-1F2135D4F928}
[2026-03-20 22:01:43][PID=52324][TID=49296] OpenFileMapping(local) => handle=00000000 err=2
[2026-03-20 22:01:43][PID=52324][TID=49296] OpenFileMapping(global) => handle=00000000 err=2
[2026-03-20 22:01:43][PID=52324][TID=49296] CreateFileMapping(local) => handle=00000B58 err=0
[2026-03-20 22:01:43][PID=52324][TID=49296] MapViewOfFile => ptr=12380000 err=183
[2026-03-20 22:01:43][PID=52324][TID=49296] get_shm success: shm_pid=18524
[2026-03-20 22:01:44][PID=18524][TID=52204] get_shm enter: targetPid=18524 create=0
[2026-03-20 22:01:44][PID=18524][TID=52204] names: local=Local\{385FC524-96E3-4839-9909-1F2135D4F928} | global=Global\{385FC524-96E3-4839-9909-1F2135D4F928}
[2026-03-20 22:01:44][PID=18524][TID=52204] OpenFileMapping(local) => handle=00000310 err=183
[2026-03-20 22:01:44][PID=18524][TID=52204] MapViewOfFile => ptr=001E0000 err=183
[2026-03-20 22:01:44][PID=18524][TID=52204] get_shm success: shm_pid=18524
[2026-03-20 22:01:49][PID=18524][TID=52204] free_shm enter: ptr=001E0000 handle=00000310 shm_pid=18524
[2026-03-20 22:01:49][PID=18524][TID=52204] UnmapViewOfFile done
[2026-03-20 22:01:49][PID=18524][TID=52204] CloseHandle done
[2026-03-20 22:01:49][PID=18524][TID=52204] free_shm leave
[2026-03-20 22:05:35][PID=15968][TID=53004] get_shm enter: targetPid=32092 create=1
[2026-03-20 22:05:35][PID=15968][TID=53004] names: local=Local\{385FC524-96E3-4839-9909-1F2135D4F928} | global=Global\{385FC524-96E3-4839-9909-1F2135D4F928}
[2026-03-20 22:05:35][PID=15968][TID=53004] OpenFileMapping(local) => handle=00000000 err=2
[2026-03-20 22:05:35][PID=15968][TID=53004] OpenFileMapping(global) => handle=00000000 err=2
[2026-03-20 22:05:35][PID=15968][TID=53004] CreateFileMapping(local) => handle=00000B70 err=0
[2026-03-20 22:05:35][PID=15968][TID=53004] MapViewOfFile => ptr=10CE0000 err=183
[2026-03-20 22:05:35][PID=15968][TID=53004] get_shm success: shm_pid=32092
[2026-03-20 22:05:35][PID=32092][TID=18612] get_shm enter: targetPid=32092 create=0
[2026-03-20 22:05:35][PID=32092][TID=18612] names: local=Local\{385FC524-96E3-4839-9909-1F2135D4F928} | global=Global\{385FC524-96E3-4839-9909-1F2135D4F928}
[2026-03-20 22:05:35][PID=32092][TID=18612] OpenFileMapping(local) => handle=00000304 err=183
[2026-03-20 22:05:35][PID=32092][TID=18612] MapViewOfFile => ptr=001E0000 err=183
[2026-03-20 22:05:35][PID=32092][TID=18612] get_shm success: shm_pid=32092
[2026-03-20 22:05:41][PID=32092][TID=18612] free_shm enter: ptr=001E0000 handle=00000304 shm_pid=32092
[2026-03-20 22:05:41][PID=32092][TID=18612] UnmapViewOfFile done
[2026-03-20 22:05:41][PID=32092][TID=18612] CloseHandle done
[2026-03-20 22:05:41][PID=32092][TID=18612] free_shm leave
[2026-03-20 22:09:55][PID=25536][TID=23872] get_shm enter: targetPid=52104 create=1
[2026-03-20 22:09:55][PID=25536][TID=23872] names: local=Local\{385FC524-96E3-4839-9909-1F2135D4F928} | global=Global\{385FC524-96E3-4839-9909-1F2135D4F928}
[2026-03-20 22:09:55][PID=25536][TID=23872] OpenFileMapping(local) => handle=00000000 err=2
[2026-03-20 22:09:55][PID=25536][TID=23872] OpenFileMapping(global) => handle=00000000 err=2
[2026-03-20 22:09:55][PID=25536][TID=23872] CreateFileMapping(local) => handle=00000B88 err=0
[2026-03-20 22:09:55][PID=25536][TID=23872] MapViewOfFile => ptr=11730000 err=183
[2026-03-20 22:09:55][PID=25536][TID=23872] get_shm success: shm_pid=52104
[2026-03-20 22:09:55][PID=52104][TID=52772] get_shm enter: targetPid=52104 create=0
[2026-03-20 22:09:55][PID=52104][TID=52772] names: local=Local\{385FC524-96E3-4839-9909-1F2135D4F928} | global=Global\{385FC524-96E3-4839-9909-1F2135D4F928}
[2026-03-20 22:09:55][PID=52104][TID=52772] OpenFileMapping(local) => handle=00000308 err=183
[2026-03-20 22:09:55][PID=52104][TID=52772] MapViewOfFile => ptr=001E0000 err=183
[2026-03-20 22:09:55][PID=52104][TID=52772] get_shm success: shm_pid=52104
[2026-03-20 22:10:01][PID=52104][TID=52772] free_shm enter: ptr=001E0000 handle=00000308 shm_pid=52104
[2026-03-20 22:10:01][PID=52104][TID=52772] UnmapViewOfFile done
[2026-03-20 22:10:01][PID=52104][TID=52772] CloseHandle done
[2026-03-20 22:10:01][PID=52104][TID=52772] free_shm leave
[2026-03-20 22:10:27][PID=11136][TID=49228] get_shm enter: targetPid=52172 create=1
[2026-03-20 22:10:27][PID=11136][TID=49228] names: local=Local\{385FC524-96E3-4839-9909-1F2135D4F928} | global=Global\{385FC524-96E3-4839-9909-1F2135D4F928}
[2026-03-20 22:10:27][PID=11136][TID=49228] OpenFileMapping(local) => handle=00000000 err=2
[2026-03-20 22:10:27][PID=11136][TID=49228] OpenFileMapping(global) => handle=00000000 err=2
[2026-03-20 22:10:27][PID=11136][TID=49228] CreateFileMapping(local) => handle=00000B7C err=0
[2026-03-20 22:10:27][PID=11136][TID=49228] MapViewOfFile => ptr=127A0000 err=183
[2026-03-20 22:10:27][PID=11136][TID=49228] get_shm success: shm_pid=52172
[2026-03-20 22:10:27][PID=52172][TID=9284] get_shm enter: targetPid=52172 create=0
[2026-03-20 22:10:27][PID=52172][TID=9284] names: local=Local\{385FC524-96E3-4839-9909-1F2135D4F928} | global=Global\{385FC524-96E3-4839-9909-1F2135D4F928}
[2026-03-20 22:10:27][PID=52172][TID=9284] OpenFileMapping(local) => handle=0000030C err=183
[2026-03-20 22:10:27][PID=52172][TID=9284] MapViewOfFile => ptr=001E0000 err=183
[2026-03-20 22:10:27][PID=52172][TID=9284] get_shm success: shm_pid=52172
[2026-03-20 22:10:33][PID=52172][TID=9284] free_shm enter: ptr=001E0000 handle=0000030C shm_pid=52172
[2026-03-20 22:10:33][PID=52172][TID=9284] UnmapViewOfFile done
[2026-03-20 22:10:33][PID=52172][TID=9284] CloseHandle done
[2026-03-20 22:10:33][PID=52172][TID=9284] free_shm leave
[2026-03-20 22:13:58][PID=39368][TID=8520] get_shm enter: targetPid=52020 create=1
[2026-03-20 22:13:58][PID=39368][TID=8520] names: local=Local\{385FC524-96E3-4839-9909-1F2135D4F928} | global=Global\{385FC524-96E3-4839-9909-1F2135D4F928}
[2026-03-20 22:13:58][PID=39368][TID=8520] OpenFileMapping(local) => handle=00000000 err=2
[2026-03-20 22:13:58][PID=39368][TID=8520] OpenFileMapping(global) => handle=00000000 err=2
[2026-03-20 22:13:58][PID=39368][TID=8520] CreateFileMapping(local) => handle=00000B88 err=0
[2026-03-20 22:13:58][PID=39368][TID=8520] MapViewOfFile => ptr=111D0000 err=183
[2026-03-20 22:13:58][PID=39368][TID=8520] get_shm success: shm_pid=52020
[2026-03-20 22:13:58][PID=52020][TID=10776] get_shm enter: targetPid=52020 create=0
[2026-03-20 22:13:58][PID=52020][TID=10776] names: local=Local\{385FC524-96E3-4839-9909-1F2135D4F928} | global=Global\{385FC524-96E3-4839-9909-1F2135D4F928}
[2026-03-20 22:13:58][PID=52020][TID=10776] OpenFileMapping(local) => handle=000002F4 err=183
[2026-03-20 22:13:58][PID=52020][TID=10776] MapViewOfFile => ptr=001E0000 err=183
[2026-03-20 22:13:58][PID=52020][TID=10776] get_shm success: shm_pid=52020
[2026-03-20 22:14:03][PID=52020][TID=10776] free_shm enter: ptr=001E0000 handle=000002F4 shm_pid=52020
[2026-03-20 22:14:03][PID=52020][TID=10776] UnmapViewOfFile done
[2026-03-20 22:14:03][PID=52020][TID=10776] CloseHandle done
[2026-03-20 22:14:03][PID=52020][TID=10776] free_shm leave
[2026-03-20 22:20:02][PID=43584][TID=9832] get_shm enter: targetPid=14304 create=1
[2026-03-20 22:20:02][PID=43584][TID=9832] names: local=Local\{385FC524-96E3-4839-9909-1F2135D4F928} | global=Global\{385FC524-96E3-4839-9909-1F2135D4F928}
[2026-03-20 22:20:02][PID=43584][TID=9832] OpenFileMapping(local) => handle=00000000 err=2
[2026-03-20 22:20:02][PID=43584][TID=9832] OpenFileMapping(global) => handle=00000000 err=2
[2026-03-20 22:20:02][PID=43584][TID=9832] CreateFileMapping(local) => handle=00000B78 err=0
[2026-03-20 22:20:02][PID=43584][TID=9832] MapViewOfFile => ptr=116A0000 err=183
[2026-03-20 22:20:02][PID=43584][TID=9832] get_shm success: shm_pid=14304
[2026-03-20 22:20:02][PID=14304][TID=50496] get_shm enter: targetPid=14304 create=0
[2026-03-20 22:20:02][PID=14304][TID=50496] names: local=Local\{385FC524-96E3-4839-9909-1F2135D4F928} | global=Global\{385FC524-96E3-4839-9909-1F2135D4F928}
[2026-03-20 22:20:02][PID=14304][TID=50496] OpenFileMapping(local) => handle=00000308 err=183
[2026-03-20 22:20:02][PID=14304][TID=50496] MapViewOfFile => ptr=001E0000 err=183
[2026-03-20 22:20:02][PID=14304][TID=50496] get_shm success: shm_pid=14304
[2026-03-20 22:20:07][PID=14304][TID=50496] free_shm enter: ptr=001E0000 handle=00000308 shm_pid=14304
[2026-03-20 22:20:07][PID=14304][TID=50496] UnmapViewOfFile done
[2026-03-20 22:20:07][PID=14304][TID=50496] CloseHandle done
[2026-03-20 22:20:07][PID=14304][TID=50496] free_shm leave
[2026-03-20 23:14:49][PID=14960][TID=53244] get_shm enter: targetPid=38160 create=1
[2026-03-20 23:14:49][PID=14960][TID=53244] names: local=Local\{385FC524-96E3-4839-9909-1F2135D4F928} | global=Global\{385FC524-96E3-4839-9909-1F2135D4F928}
[2026-03-20 23:14:49][PID=14960][TID=53244] OpenFileMapping(local) => handle=00000000 err=2
[2026-03-20 23:14:49][PID=14960][TID=53244] OpenFileMapping(global) => handle=00000000 err=2
[2026-03-20 23:14:49][PID=14960][TID=53244] CreateFileMapping(local) => handle=00000B3C err=0
[2026-03-20 23:14:49][PID=14960][TID=53244] MapViewOfFile => ptr=12540000 err=183
[2026-03-20 23:14:49][PID=14960][TID=53244] get_shm success: shm_pid=38160
[2026-03-20 23:14:49][PID=38160][TID=46376] get_shm enter: targetPid=38160 create=0
[2026-03-20 23:14:49][PID=38160][TID=46376] names: local=Local\{385FC524-96E3-4839-9909-1F2135D4F928} | global=Global\{385FC524-96E3-4839-9909-1F2135D4F928}
[2026-03-20 23:14:49][PID=38160][TID=46376] OpenFileMapping(local) => handle=00000310 err=183
[2026-03-20 23:14:49][PID=38160][TID=46376] MapViewOfFile => ptr=001E0000 err=183
[2026-03-20 23:14:49][PID=38160][TID=46376] get_shm success: shm_pid=38160
[2026-03-20 23:14:54][PID=38160][TID=46376] free_shm enter: ptr=001E0000 handle=00000310 shm_pid=38160
[2026-03-20 23:14:54][PID=38160][TID=46376] UnmapViewOfFile done
[2026-03-20 23:14:54][PID=38160][TID=46376] CloseHandle done
[2026-03-20 23:14:54][PID=38160][TID=46376] free_shm leave
[2026-03-20 23:34:30][PID=25012][TID=20784] get_shm enter: targetPid=47004 create=1
[2026-03-20 23:34:30][PID=25012][TID=20784] names: local=Local\{385FC524-96E3-4839-9909-1F2135D4F928} | global=Global\{385FC524-96E3-4839-9909-1F2135D4F928}
[2026-03-20 23:34:30][PID=25012][TID=20784] OpenFileMapping(local) => handle=00000000 err=2
[2026-03-20 23:34:30][PID=25012][TID=20784] OpenFileMapping(global) => handle=00000000 err=2
[2026-03-20 23:34:30][PID=25012][TID=20784] CreateFileMapping(local) => handle=00000B74 err=0
[2026-03-20 23:34:30][PID=25012][TID=20784] MapViewOfFile => ptr=058B0000 err=183
[2026-03-20 23:34:30][PID=25012][TID=20784] get_shm success: shm_pid=47004
[2026-03-20 23:34:30][PID=47004][TID=48252] get_shm enter: targetPid=47004 create=0
[2026-03-20 23:34:30][PID=47004][TID=48252] names: local=Local\{385FC524-96E3-4839-9909-1F2135D4F928} | global=Global\{385FC524-96E3-4839-9909-1F2135D4F928}
[2026-03-20 23:34:30][PID=47004][TID=48252] OpenFileMapping(local) => handle=00000118 err=183
[2026-03-20 23:34:30][PID=47004][TID=48252] MapViewOfFile => ptr=001E0000 err=183
[2026-03-20 23:34:30][PID=47004][TID=48252] get_shm success: shm_pid=47004
[2026-03-20 23:34:35][PID=47004][TID=48252] free_shm enter: ptr=001E0000 handle=00000118 shm_pid=47004
[2026-03-20 23:34:35][PID=47004][TID=48252] UnmapViewOfFile done
[2026-03-20 23:34:35][PID=47004][TID=48252] CloseHandle done
[2026-03-20 23:34:35][PID=47004][TID=48252] free_shm leave
[2026-03-20 23:41:41][PID=52228][TID=45848] get_shm enter: targetPid=24304 create=1
[2026-03-20 23:41:41][PID=52228][TID=45848] names: local=Local\{385FC524-96E3-4839-9909-1F2135D4F928} | global=Global\{385FC524-96E3-4839-9909-1F2135D4F928}
[2026-03-20 23:41:41][PID=52228][TID=45848] OpenFileMapping(local) => handle=00000000 err=2
[2026-03-20 23:41:41][PID=52228][TID=45848] OpenFileMapping(global) => handle=00000000 err=2
[2026-03-20 23:41:41][PID=52228][TID=45848] CreateFileMapping(local) => handle=00000B80 err=0
[2026-03-20 23:41:41][PID=52228][TID=45848] MapViewOfFile => ptr=12DE0000 err=183
[2026-03-20 23:41:41][PID=52228][TID=45848] get_shm success: shm_pid=24304
[2026-03-20 23:41:41][PID=24304][TID=21988] get_shm enter: targetPid=24304 create=0
[2026-03-20 23:41:41][PID=24304][TID=21988] names: local=Local\{385FC524-96E3-4839-9909-1F2135D4F928} | global=Global\{385FC524-96E3-4839-9909-1F2135D4F928}
[2026-03-20 23:41:41][PID=24304][TID=21988] OpenFileMapping(local) => handle=00000308 err=183
[2026-03-20 23:41:41][PID=24304][TID=21988] MapViewOfFile => ptr=001E0000 err=183
[2026-03-20 23:41:41][PID=24304][TID=21988] get_shm success: shm_pid=24304
[2026-03-20 23:41:46][PID=24304][TID=21988] free_shm enter: ptr=001E0000 handle=00000308 shm_pid=24304
[2026-03-20 23:41:46][PID=24304][TID=21988] UnmapViewOfFile done
[2026-03-20 23:41:46][PID=24304][TID=21988] CloseHandle done
[2026-03-20 23:41:46][PID=24304][TID=21988] free_shm leave
[2026-03-20 23:42:09][PID=12508][TID=50332] get_shm enter: targetPid=3108 create=1
[2026-03-20 23:42:09][PID=12508][TID=50332] names: local=Local\{385FC524-96E3-4839-9909-1F2135D4F928} | global=Global\{385FC524-96E3-4839-9909-1F2135D4F928}
[2026-03-20 23:42:09][PID=12508][TID=50332] OpenFileMapping(local) => handle=00000000 err=2
[2026-03-20 23:42:09][PID=12508][TID=50332] OpenFileMapping(global) => handle=00000000 err=2
[2026-03-20 23:42:09][PID=12508][TID=50332] CreateFileMapping(local) => handle=00000B70 err=0
[2026-03-20 23:42:09][PID=12508][TID=50332] MapViewOfFile => ptr=12B50000 err=183
[2026-03-20 23:42:09][PID=12508][TID=50332] get_shm success: shm_pid=3108
[2026-03-20 23:42:09][PID=3108][TID=12620] get_shm enter: targetPid=3108 create=0
[2026-03-20 23:42:09][PID=3108][TID=12620] names: local=Local\{385FC524-96E3-4839-9909-1F2135D4F928} | global=Global\{385FC524-96E3-4839-9909-1F2135D4F928}
[2026-03-20 23:42:09][PID=3108][TID=12620] OpenFileMapping(local) => handle=00000304 err=183
[2026-03-20 23:42:09][PID=3108][TID=12620] MapViewOfFile => ptr=001E0000 err=183
[2026-03-20 23:42:09][PID=3108][TID=12620] get_shm success: shm_pid=3108
[2026-03-20 23:42:14][PID=3108][TID=12620] free_shm enter: ptr=001E0000 handle=00000304 shm_pid=3108
[2026-03-20 23:42:14][PID=3108][TID=12620] UnmapViewOfFile done
[2026-03-20 23:42:14][PID=3108][TID=12620] CloseHandle done
[2026-03-20 23:42:14][PID=3108][TID=12620] free_shm leave
[2026-03-21 00:27:05][PID=48736][TID=12400] get_shm enter: targetPid=53080 create=1
[2026-03-21 00:27:05][PID=48736][TID=12400] names: local=Local\{385FC524-96E3-4839-9909-1F2135D4F928} | global=Global\{385FC524-96E3-4839-9909-1F2135D4F928}
[2026-03-21 00:27:05][PID=48736][TID=12400] OpenFileMapping(local) => handle=00000000 err=2
[2026-03-21 00:27:05][PID=48736][TID=12400] OpenFileMapping(global) => handle=00000000 err=2
[2026-03-21 00:27:05][PID=48736][TID=12400] CreateFileMapping(local) => handle=00000B64 err=0
[2026-03-21 00:27:05][PID=48736][TID=12400] MapViewOfFile => ptr=05660000 err=183
[2026-03-21 00:27:05][PID=48736][TID=12400] get_shm success: shm_pid=53080
[2026-03-21 00:27:05][PID=53080][TID=47824] get_shm enter: targetPid=53080 create=0
[2026-03-21 00:27:05][PID=53080][TID=47824] names: local=Local\{385FC524-96E3-4839-9909-1F2135D4F928} | global=Global\{385FC524-96E3-4839-9909-1F2135D4F928}
[2026-03-21 00:27:05][PID=53080][TID=47824] OpenFileMapping(local) => handle=00000310 err=183
[2026-03-21 00:27:05][PID=53080][TID=47824] MapViewOfFile => ptr=001E0000 err=183
[2026-03-21 00:27:05][PID=53080][TID=47824] get_shm success: shm_pid=53080
[2026-03-21 00:27:10][PID=53080][TID=47824] free_shm enter: ptr=001E0000 handle=00000310 shm_pid=53080
[2026-03-21 00:27:10][PID=53080][TID=47824] UnmapViewOfFile done
[2026-03-21 00:27:10][PID=53080][TID=47824] CloseHandle done
[2026-03-21 00:27:10][PID=53080][TID=47824] free_shm leave
[2026-03-21 00:27:54][PID=24184][TID=36664] get_shm enter: targetPid=50020 create=1
[2026-03-21 00:27:54][PID=24184][TID=36664] names: local=Local\{385FC524-96E3-4839-9909-1F2135D4F928} | global=Global\{385FC524-96E3-4839-9909-1F2135D4F928}
[2026-03-21 00:27:54][PID=24184][TID=36664] OpenFileMapping(local) => handle=00000000 err=2
[2026-03-21 00:27:54][PID=24184][TID=36664] OpenFileMapping(global) => handle=00000000 err=2
[2026-03-21 00:27:54][PID=24184][TID=36664] CreateFileMapping(local) => handle=00000B7C err=0
[2026-03-21 00:27:54][PID=24184][TID=36664] MapViewOfFile => ptr=0ADD0000 err=183
[2026-03-21 00:27:54][PID=24184][TID=36664] get_shm success: shm_pid=50020
[2026-03-21 00:27:54][PID=50020][TID=27800] get_shm enter: targetPid=50020 create=0
[2026-03-21 00:27:54][PID=50020][TID=27800] names: local=Local\{385FC524-96E3-4839-9909-1F2135D4F928} | global=Global\{385FC524-96E3-4839-9909-1F2135D4F928}
[2026-03-21 00:27:54][PID=50020][TID=27800] OpenFileMapping(local) => handle=00000304 err=183
[2026-03-21 00:27:54][PID=50020][TID=27800] MapViewOfFile => ptr=001E0000 err=183
[2026-03-21 00:27:54][PID=50020][TID=27800] get_shm success: shm_pid=50020
[2026-03-21 00:27:59][PID=50020][TID=27800] free_shm enter: ptr=001E0000 handle=00000304 shm_pid=50020
[2026-03-21 00:27:59][PID=50020][TID=27800] UnmapViewOfFile done
[2026-03-21 00:27:59][PID=50020][TID=27800] CloseHandle done
[2026-03-21 00:27:59][PID=50020][TID=27800] free_shm leave
[2026-03-21 00:28:58][PID=5676][TID=3272] get_shm enter: targetPid=53092 create=1
[2026-03-21 00:28:58][PID=5676][TID=3272] names: local=Local\{385FC524-96E3-4839-9909-1F2135D4F928} | global=Global\{385FC524-96E3-4839-9909-1F2135D4F928}
[2026-03-21 00:28:58][PID=5676][TID=3272] OpenFileMapping(local) => handle=00000000 err=2
[2026-03-21 00:28:58][PID=5676][TID=3272] OpenFileMapping(global) => handle=00000000 err=2
[2026-03-21 00:28:58][PID=5676][TID=3272] CreateFileMapping(local) => handle=00000B88 err=0
[2026-03-21 00:28:58][PID=5676][TID=3272] MapViewOfFile => ptr=0F470000 err=183
[2026-03-21 00:28:58][PID=5676][TID=3272] get_shm success: shm_pid=53092
[2026-03-21 00:28:58][PID=53092][TID=40044] get_shm enter: targetPid=53092 create=0
[2026-03-21 00:28:58][PID=53092][TID=40044] names: local=Local\{385FC524-96E3-4839-9909-1F2135D4F928} | global=Global\{385FC524-96E3-4839-9909-1F2135D4F928}
[2026-03-21 00:28:58][PID=53092][TID=40044] OpenFileMapping(local) => handle=00000304 err=183
[2026-03-21 00:28:58][PID=53092][TID=40044] MapViewOfFile => ptr=001E0000 err=183
[2026-03-21 00:28:58][PID=53092][TID=40044] get_shm success: shm_pid=53092
[2026-03-21 00:29:04][PID=53092][TID=40044] free_shm enter: ptr=001E0000 handle=00000304 shm_pid=53092
[2026-03-21 00:29:04][PID=53092][TID=40044] UnmapViewOfFile done
[2026-03-21 00:29:04][PID=53092][TID=40044] CloseHandle done
[2026-03-21 00:29:04][PID=53092][TID=40044] free_shm leave
[2026-03-21 00:33:40][PID=15716][TID=34340] get_shm enter: targetPid=39724 create=1
[2026-03-21 00:33:40][PID=15716][TID=34340] names: local=Local\{385FC524-96E3-4839-9909-1F2135D4F928} | global=Global\{385FC524-96E3-4839-9909-1F2135D4F928}
[2026-03-21 00:33:40][PID=15716][TID=34340] OpenFileMapping(local) => handle=00000000 err=2
[2026-03-21 00:33:40][PID=15716][TID=34340] OpenFileMapping(global) => handle=00000000 err=2
[2026-03-21 00:33:40][PID=15716][TID=34340] CreateFileMapping(local) => handle=00000B98 err=0
[2026-03-21 00:33:40][PID=15716][TID=34340] MapViewOfFile => ptr=0FF70000 err=183
[2026-03-21 00:33:40][PID=15716][TID=34340] get_shm success: shm_pid=39724
[2026-03-21 00:33:40][PID=39724][TID=25296] get_shm enter: targetPid=39724 create=0
[2026-03-21 00:33:40][PID=39724][TID=25296] names: local=Local\{385FC524-96E3-4839-9909-1F2135D4F928} | global=Global\{385FC524-96E3-4839-9909-1F2135D4F928}
[2026-03-21 00:33:40][PID=39724][TID=25296] OpenFileMapping(local) => handle=000002DC err=183
[2026-03-21 00:33:40][PID=39724][TID=25296] MapViewOfFile => ptr=001E0000 err=183
[2026-03-21 00:33:40][PID=39724][TID=25296] get_shm success: shm_pid=39724
[2026-03-21 00:33:45][PID=39724][TID=25296] free_shm enter: ptr=001E0000 handle=000002DC shm_pid=39724
[2026-03-21 00:33:45][PID=39724][TID=25296] UnmapViewOfFile done
[2026-03-21 00:33:45][PID=39724][TID=25296] CloseHandle done
[2026-03-21 00:33:45][PID=39724][TID=25296] free_shm leave
[2026-03-21 12:46:49][PID=51228][TID=30184] get_shm enter: targetPid=19504 create=1
[2026-03-21 12:46:49][PID=51228][TID=30184] names: local=Local\{385FC524-96E3-4839-9909-1F2135D4F928} | global=Global\{385FC524-96E3-4839-9909-1F2135D4F928}
[2026-03-21 12:46:49][PID=51228][TID=30184] OpenFileMapping(local) => handle=00000000 err=2
[2026-03-21 12:46:49][PID=51228][TID=30184] OpenFileMapping(global) => handle=00000000 err=2
[2026-03-21 12:46:49][PID=51228][TID=30184] CreateFileMapping(local) => handle=00000C24 err=0
[2026-03-21 12:46:49][PID=51228][TID=30184] MapViewOfFile => ptr=115A0000 err=183
[2026-03-21 12:46:49][PID=51228][TID=30184] get_shm success: shm_pid=19504
[2026-03-21 12:46:49][PID=19504][TID=46964] get_shm enter: targetPid=19504 create=0
[2026-03-21 12:46:49][PID=19504][TID=46964] names: local=Local\{385FC524-96E3-4839-9909-1F2135D4F928} | global=Global\{385FC524-96E3-4839-9909-1F2135D4F928}
[2026-03-21 12:46:49][PID=19504][TID=46964] OpenFileMapping(local) => handle=000002FC err=183
[2026-03-21 12:46:49][PID=19504][TID=46964] MapViewOfFile => ptr=001E0000 err=183
[2026-03-21 12:46:49][PID=19504][TID=46964] get_shm success: shm_pid=19504
[2026-03-21 12:46:54][PID=19504][TID=46964] free_shm enter: ptr=001E0000 handle=000002FC shm_pid=19504
[2026-03-21 12:46:54][PID=19504][TID=46964] UnmapViewOfFile done
[2026-03-21 12:46:54][PID=19504][TID=46964] CloseHandle done
[2026-03-21 12:46:54][PID=19504][TID=46964] free_shm leave
[2026-03-21 12:54:03][PID=48364][TID=47276] get_shm enter: targetPid=51308 create=1
[2026-03-21 12:54:03][PID=48364][TID=47276] names: local=Local\{385FC524-96E3-4839-9909-1F2135D4F928} | global=Global\{385FC524-96E3-4839-9909-1F2135D4F928}
[2026-03-21 12:54:03][PID=48364][TID=47276] OpenFileMapping(local) => handle=00000000 err=2
[2026-03-21 12:54:03][PID=48364][TID=47276] OpenFileMapping(global) => handle=00000000 err=2
[2026-03-21 12:54:03][PID=48364][TID=47276] CreateFileMapping(local) => handle=00000B78 err=0
[2026-03-21 12:54:03][PID=48364][TID=47276] MapViewOfFile => ptr=11C70000 err=183
[2026-03-21 12:54:03][PID=48364][TID=47276] get_shm success: shm_pid=51308
[2026-03-21 12:54:03][PID=51308][TID=43424] get_shm enter: targetPid=51308 create=0
[2026-03-21 12:54:03][PID=51308][TID=43424] names: local=Local\{385FC524-96E3-4839-9909-1F2135D4F928} | global=Global\{385FC524-96E3-4839-9909-1F2135D4F928}
[2026-03-21 12:54:03][PID=51308][TID=43424] OpenFileMapping(local) => handle=00000310 err=183
[2026-03-21 12:54:03][PID=51308][TID=43424] MapViewOfFile => ptr=001E0000 err=183
[2026-03-21 12:54:03][PID=51308][TID=43424] get_shm success: shm_pid=51308
[2026-03-21 12:54:09][PID=51308][TID=43424] free_shm enter: ptr=001E0000 handle=00000310 shm_pid=51308
[2026-03-21 12:54:09][PID=51308][TID=43424] UnmapViewOfFile done
[2026-03-21 12:54:09][PID=51308][TID=43424] CloseHandle done
[2026-03-21 12:54:09][PID=51308][TID=43424] free_shm leave
[2026-03-21 13:05:59][PID=53080][TID=14812] get_shm enter: targetPid=53168 create=1
[2026-03-21 13:05:59][PID=53080][TID=14812] names: local=Local\{385FC524-96E3-4839-9909-1F2135D4F928} | global=Global\{385FC524-96E3-4839-9909-1F2135D4F928}
[2026-03-21 13:05:59][PID=53080][TID=14812] OpenFileMapping(local) => handle=00000000 err=2
[2026-03-21 13:05:59][PID=53080][TID=14812] OpenFileMapping(global) => handle=00000000 err=2
[2026-03-21 13:05:59][PID=53080][TID=14812] CreateFileMapping(local) => handle=00000B84 err=0
[2026-03-21 13:05:59][PID=53080][TID=14812] MapViewOfFile => ptr=129C0000 err=183
[2026-03-21 13:05:59][PID=53080][TID=14812] get_shm success: shm_pid=53168
[2026-03-21 13:05:59][PID=53168][TID=7828] get_shm enter: targetPid=53168 create=0
[2026-03-21 13:05:59][PID=53168][TID=7828] names: local=Local\{385FC524-96E3-4839-9909-1F2135D4F928} | global=Global\{385FC524-96E3-4839-9909-1F2135D4F928}
[2026-03-21 13:05:59][PID=53168][TID=7828] OpenFileMapping(local) => handle=000000E0 err=183
[2026-03-21 13:05:59][PID=53168][TID=7828] MapViewOfFile => ptr=001E0000 err=183
[2026-03-21 13:05:59][PID=53168][TID=7828] get_shm success: shm_pid=53168
[2026-03-21 13:06:04][PID=53168][TID=7828] free_shm enter: ptr=001E0000 handle=000000E0 shm_pid=53168
[2026-03-21 13:06:04][PID=53168][TID=7828] UnmapViewOfFile done
[2026-03-21 13:06:04][PID=53168][TID=7828] CloseHandle done
[2026-03-21 13:06:04][PID=53168][TID=7828] free_shm leave
[2026-03-21 13:13:29][PID=54380][TID=34644] get_shm enter: targetPid=54256 create=1
[2026-03-21 13:13:29][PID=54380][TID=34644] names: local=Local\{385FC524-96E3-4839-9909-1F2135D4F928} | global=Global\{385FC524-96E3-4839-9909-1F2135D4F928}
[2026-03-21 13:13:29][PID=54380][TID=34644] OpenFileMapping(local) => handle=00000000 err=2
[2026-03-21 13:13:29][PID=54380][TID=34644] OpenFileMapping(global) => handle=00000000 err=2
[2026-03-21 13:13:29][PID=54380][TID=34644] CreateFileMapping(local) => handle=00000B2C err=0
[2026-03-21 13:13:29][PID=54380][TID=34644] MapViewOfFile => ptr=12AC0000 err=183
[2026-03-21 13:13:29][PID=54380][TID=34644] get_shm success: shm_pid=54256
[2026-03-21 13:13:29][PID=54256][TID=52660] get_shm enter: targetPid=54256 create=0
[2026-03-21 13:13:29][PID=54256][TID=52660] names: local=Local\{385FC524-96E3-4839-9909-1F2135D4F928} | global=Global\{385FC524-96E3-4839-9909-1F2135D4F928}
[2026-03-21 13:13:29][PID=54256][TID=52660] OpenFileMapping(local) => handle=000002F4 err=183
[2026-03-21 13:13:29][PID=54256][TID=52660] MapViewOfFile => ptr=001E0000 err=183
[2026-03-21 13:13:29][PID=54256][TID=52660] get_shm success: shm_pid=54256
[2026-03-21 13:13:35][PID=54256][TID=52660] free_shm enter: ptr=001E0000 handle=000002F4 shm_pid=54256
[2026-03-21 13:13:35][PID=54256][TID=52660] UnmapViewOfFile done
[2026-03-21 13:13:35][PID=54256][TID=52660] CloseHandle done
[2026-03-21 13:13:35][PID=54256][TID=52660] free_shm leave
[2026-03-21 17:43:55][PID=53948][TID=47636] get_shm enter: targetPid=31320 create=1
[2026-03-21 17:43:55][PID=53948][TID=47636] names: local=Local\{385FC524-96E3-4839-9909-1F2135D4F928} | global=Global\{385FC524-96E3-4839-9909-1F2135D4F928}
[2026-03-21 17:43:55][PID=53948][TID=47636] OpenFileMapping(local) => handle=00000000 err=2
[2026-03-21 17:43:55][PID=53948][TID=47636] OpenFileMapping(global) => handle=00000000 err=2
[2026-03-21 17:43:55][PID=53948][TID=47636] CreateFileMapping(local) => handle=00000B14 err=0
[2026-03-21 17:43:55][PID=53948][TID=47636] MapViewOfFile => ptr=0F190000 err=183
[2026-03-21 17:43:55][PID=53948][TID=47636] get_shm success: shm_pid=31320
[2026-03-21 17:43:55][PID=31320][TID=18796] get_shm enter: targetPid=31320 create=0
[2026-03-21 17:43:55][PID=31320][TID=18796] names: local=Local\{385FC524-96E3-4839-9909-1F2135D4F928} | global=Global\{385FC524-96E3-4839-9909-1F2135D4F928}
[2026-03-21 17:43:55][PID=31320][TID=18796] OpenFileMapping(local) => handle=00000300 err=183
[2026-03-21 17:43:55][PID=31320][TID=18796] MapViewOfFile => ptr=001E0000 err=183
[2026-03-21 17:43:55][PID=31320][TID=18796] get_shm success: shm_pid=31320
[2026-03-21 17:44:00][PID=31320][TID=18796] free_shm enter: ptr=001E0000 handle=00000300 shm_pid=31320
[2026-03-21 17:44:00][PID=31320][TID=18796] UnmapViewOfFile done
[2026-03-21 17:44:00][PID=31320][TID=18796] CloseHandle done
[2026-03-21 17:44:00][PID=31320][TID=18796] free_shm leave
[2026-03-21 18:35:22][PID=51184][TID=42696] get_shm enter: targetPid=56068 create=1
[2026-03-21 18:35:22][PID=51184][TID=42696] names: local=Local\{385FC524-96E3-4839-9909-1F2135D4F928} | global=Global\{385FC524-96E3-4839-9909-1F2135D4F928}
[2026-03-21 18:35:22][PID=51184][TID=42696] OpenFileMapping(local) => handle=00000000 err=2
[2026-03-21 18:35:22][PID=51184][TID=42696] OpenFileMapping(global) => handle=00000000 err=2
[2026-03-21 18:35:22][PID=51184][TID=42696] CreateFileMapping(local) => handle=00000A04 err=0
[2026-03-21 18:35:22][PID=51184][TID=42696] MapViewOfFile => ptr=06680000 err=183
[2026-03-21 18:35:22][PID=51184][TID=42696] get_shm success: shm_pid=56068
[2026-03-21 18:35:22][PID=56068][TID=43280] get_shm enter: targetPid=56068 create=0
[2026-03-21 18:35:22][PID=56068][TID=43280] names: local=Local\{385FC524-96E3-4839-9909-1F2135D4F928} | global=Global\{385FC524-96E3-4839-9909-1F2135D4F928}
[2026-03-21 18:35:22][PID=56068][TID=43280] OpenFileMapping(local) => handle=0000030C err=183
[2026-03-21 18:35:22][PID=56068][TID=43280] MapViewOfFile => ptr=001E0000 err=183
[2026-03-21 18:35:22][PID=56068][TID=43280] get_shm success: shm_pid=56068
[2026-03-21 18:35:28][PID=56068][TID=43280] free_shm enter: ptr=001E0000 handle=0000030C shm_pid=56068
[2026-03-21 18:35:28][PID=56068][TID=43280] UnmapViewOfFile done
[2026-03-21 18:35:28][PID=56068][TID=43280] CloseHandle done
[2026-03-21 18:35:28][PID=56068][TID=43280] free_shm leave
[2026-03-21 18:41:46][PID=3020][TID=57340] get_shm enter: targetPid=52032 create=1
[2026-03-21 18:41:46][PID=3020][TID=57340] names: local=Local\{385FC524-96E3-4839-9909-1F2135D4F928} | global=Global\{385FC524-96E3-4839-9909-1F2135D4F928}
[2026-03-21 18:41:46][PID=3020][TID=57340] OpenFileMapping(local) => handle=00000000 err=2
[2026-03-21 18:41:46][PID=3020][TID=57340] OpenFileMapping(global) => handle=00000000 err=2
[2026-03-21 18:41:46][PID=3020][TID=57340] CreateFileMapping(local) => handle=00000B94 err=0
[2026-03-21 18:41:46][PID=3020][TID=57340] MapViewOfFile => ptr=12B90000 err=183
[2026-03-21 18:41:46][PID=3020][TID=57340] get_shm success: shm_pid=52032
[2026-03-21 18:41:46][PID=52032][TID=56312] get_shm enter: targetPid=52032 create=0
[2026-03-21 18:41:46][PID=52032][TID=56312] names: local=Local\{385FC524-96E3-4839-9909-1F2135D4F928} | global=Global\{385FC524-96E3-4839-9909-1F2135D4F928}
[2026-03-21 18:41:46][PID=52032][TID=56312] OpenFileMapping(local) => handle=00000304 err=183
[2026-03-21 18:41:46][PID=52032][TID=56312] MapViewOfFile => ptr=001E0000 err=183
[2026-03-21 18:41:46][PID=52032][TID=56312] get_shm success: shm_pid=52032
[2026-03-21 18:41:51][PID=52032][TID=56312] free_shm enter: ptr=001E0000 handle=00000304 shm_pid=52032
[2026-03-21 18:41:51][PID=52032][TID=56312] UnmapViewOfFile done
[2026-03-21 18:41:51][PID=52032][TID=56312] CloseHandle done
[2026-03-21 18:41:51][PID=52032][TID=56312] free_shm leave
[2026-03-21 18:42:21][PID=39692][TID=54260] get_shm enter: targetPid=26256 create=1
[2026-03-21 18:42:21][PID=39692][TID=54260] names: local=Local\{385FC524-96E3-4839-9909-1F2135D4F928} | global=Global\{385FC524-96E3-4839-9909-1F2135D4F928}
[2026-03-21 18:42:21][PID=39692][TID=54260] OpenFileMapping(local) => handle=00000000 err=2
[2026-03-21 18:42:21][PID=39692][TID=54260] OpenFileMapping(global) => handle=00000000 err=2
[2026-03-21 18:42:21][PID=39692][TID=54260] CreateFileMapping(local) => handle=00000B20 err=0
[2026-03-21 18:42:21][PID=39692][TID=54260] MapViewOfFile => ptr=11820000 err=183
[2026-03-21 18:42:21][PID=39692][TID=54260] get_shm success: shm_pid=26256
[2026-03-21 18:42:21][PID=26256][TID=56672] get_shm enter: targetPid=26256 create=0
[2026-03-21 18:42:21][PID=26256][TID=56672] names: local=Local\{385FC524-96E3-4839-9909-1F2135D4F928} | global=Global\{385FC524-96E3-4839-9909-1F2135D4F928}
[2026-03-21 18:42:21][PID=26256][TID=56672] OpenFileMapping(local) => handle=00000300 err=183
[2026-03-21 18:42:21][PID=26256][TID=56672] MapViewOfFile => ptr=001E0000 err=183
[2026-03-21 18:42:21][PID=26256][TID=56672] get_shm success: shm_pid=26256
[2026-03-21 18:42:27][PID=26256][TID=56672] free_shm enter: ptr=001E0000 handle=00000300 shm_pid=26256
[2026-03-21 18:42:27][PID=26256][TID=56672] UnmapViewOfFile done
[2026-03-21 18:42:27][PID=26256][TID=56672] CloseHandle done
[2026-03-21 18:42:27][PID=26256][TID=56672] free_shm leave
[2026-03-21 18:46:38][PID=50352][TID=36496] get_shm enter: targetPid=56816 create=1
[2026-03-21 18:46:38][PID=50352][TID=36496] names: local=Local\{385FC524-96E3-4839-9909-1F2135D4F928} | global=Global\{385FC524-96E3-4839-9909-1F2135D4F928}
[2026-03-21 18:46:38][PID=50352][TID=36496] OpenFileMapping(local) => handle=00000000 err=2
[2026-03-21 18:46:38][PID=50352][TID=36496] OpenFileMapping(global) => handle=00000000 err=2
[2026-03-21 18:46:38][PID=50352][TID=36496] CreateFileMapping(local) => handle=00000B60 err=0
[2026-03-21 18:46:38][PID=50352][TID=36496] MapViewOfFile => ptr=06D70000 err=183
[2026-03-21 18:46:38][PID=50352][TID=36496] get_shm success: shm_pid=56816
[2026-03-21 18:46:38][PID=56816][TID=54872] get_shm enter: targetPid=56816 create=0
[2026-03-21 18:46:38][PID=56816][TID=54872] names: local=Local\{385FC524-96E3-4839-9909-1F2135D4F928} | global=Global\{385FC524-96E3-4839-9909-1F2135D4F928}
[2026-03-21 18:46:38][PID=56816][TID=54872] OpenFileMapping(local) => handle=00000100 err=183
[2026-03-21 18:46:38][PID=56816][TID=54872] MapViewOfFile => ptr=001E0000 err=183
[2026-03-21 18:46:38][PID=56816][TID=54872] get_shm success: shm_pid=56816
[2026-03-21 18:46:44][PID=56816][TID=54872] free_shm enter: ptr=001E0000 handle=00000100 shm_pid=56816
[2026-03-21 18:46:44][PID=56816][TID=54872] UnmapViewOfFile done
[2026-03-21 18:46:44][PID=56816][TID=54872] CloseHandle done
[2026-03-21 18:46:44][PID=56816][TID=54872] free_shm leave
[2026-03-21 19:14:23][PID=47748][TID=21276] get_shm enter: targetPid=47364 create=1
[2026-03-21 19:14:23][PID=47748][TID=21276] names: local=Local\{385FC524-96E3-4839-9909-1F2135D4F928} | global=Global\{385FC524-96E3-4839-9909-1F2135D4F928}
[2026-03-21 19:14:23][PID=47748][TID=21276] OpenFileMapping(local) => handle=00000000 err=2
[2026-03-21 19:14:23][PID=47748][TID=21276] OpenFileMapping(global) => handle=00000000 err=2
[2026-03-21 19:14:23][PID=47748][TID=21276] CreateFileMapping(local) => handle=00000B94 err=0
[2026-03-21 19:14:23][PID=47748][TID=21276] MapViewOfFile => ptr=06CD0000 err=183
[2026-03-21 19:14:23][PID=47748][TID=21276] get_shm success: shm_pid=47364
[2026-03-21 19:14:23][PID=47364][TID=31848] get_shm enter: targetPid=47364 create=0
[2026-03-21 19:14:23][PID=47364][TID=31848] names: local=Local\{385FC524-96E3-4839-9909-1F2135D4F928} | global=Global\{385FC524-96E3-4839-9909-1F2135D4F928}
[2026-03-21 19:14:23][PID=47364][TID=31848] OpenFileMapping(local) => handle=0000030C err=183
[2026-03-21 19:14:23][PID=47364][TID=31848] MapViewOfFile => ptr=001E0000 err=183
[2026-03-21 19:14:23][PID=47364][TID=31848] get_shm success: shm_pid=47364
[2026-03-21 19:14:29][PID=47364][TID=31848] free_shm enter: ptr=001E0000 handle=0000030C shm_pid=47364
[2026-03-21 19:14:29][PID=47364][TID=31848] UnmapViewOfFile done
[2026-03-21 19:14:29][PID=47364][TID=31848] CloseHandle done
[2026-03-21 19:14:29][PID=47364][TID=31848] free_shm leave
[2026-03-21 19:43:03][PID=45900][TID=57956] get_shm enter: targetPid=30116 create=1
[2026-03-21 19:43:03][PID=45900][TID=57956] names: local=Local\{385FC524-96E3-4839-9909-1F2135D4F928} | global=Global\{385FC524-96E3-4839-9909-1F2135D4F928}
[2026-03-21 19:43:03][PID=45900][TID=57956] OpenFileMapping(local) => handle=00000000 err=2
[2026-03-21 19:43:03][PID=45900][TID=57956] OpenFileMapping(global) => handle=00000000 err=2
[2026-03-21 19:43:03][PID=45900][TID=57956] CreateFileMapping(local) => handle=00000794 err=0
[2026-03-21 19:43:03][PID=45900][TID=57956] MapViewOfFile => ptr=06560000 err=183
[2026-03-21 19:43:03][PID=45900][TID=57956] get_shm success: shm_pid=30116
[2026-03-21 19:43:03][PID=30116][TID=56620] get_shm enter: targetPid=30116 create=0
[2026-03-21 19:43:03][PID=30116][TID=56620] names: local=Local\{385FC524-96E3-4839-9909-1F2135D4F928} | global=Global\{385FC524-96E3-4839-9909-1F2135D4F928}
[2026-03-21 19:43:03][PID=30116][TID=56620] OpenFileMapping(local) => handle=0000030C err=183
[2026-03-21 19:43:03][PID=30116][TID=56620] MapViewOfFile => ptr=001E0000 err=183
[2026-03-21 19:43:03][PID=30116][TID=56620] get_shm success: shm_pid=30116
[2026-03-21 19:43:09][PID=30116][TID=56620] free_shm enter: ptr=001E0000 handle=0000030C shm_pid=30116
[2026-03-21 19:43:09][PID=30116][TID=56620] UnmapViewOfFile done
[2026-03-21 19:43:09][PID=30116][TID=56620] CloseHandle done
[2026-03-21 19:43:09][PID=30116][TID=56620] free_shm leave
[2026-03-21 20:02:02][PID=56360][TID=5228] get_shm enter: targetPid=57532 create=1
[2026-03-21 20:02:02][PID=56360][TID=5228] names: local=Local\{385FC524-96E3-4839-9909-1F2135D4F928} | global=Global\{385FC524-96E3-4839-9909-1F2135D4F928}
[2026-03-21 20:02:02][PID=56360][TID=5228] OpenFileMapping(local) => handle=00000000 err=2
[2026-03-21 20:02:02][PID=56360][TID=5228] OpenFileMapping(global) => handle=00000000 err=2
[2026-03-21 20:02:02][PID=56360][TID=5228] CreateFileMapping(local) => handle=00000B6C err=0
[2026-03-21 20:02:02][PID=56360][TID=5228] MapViewOfFile => ptr=06280000 err=183
[2026-03-21 20:02:02][PID=56360][TID=5228] get_shm success: shm_pid=57532
[2026-03-21 20:02:02][PID=57532][TID=41980] get_shm enter: targetPid=57532 create=0
[2026-03-21 20:02:02][PID=57532][TID=41980] names: local=Local\{385FC524-96E3-4839-9909-1F2135D4F928} | global=Global\{385FC524-96E3-4839-9909-1F2135D4F928}
[2026-03-21 20:02:02][PID=57532][TID=41980] OpenFileMapping(local) => handle=00000314 err=183
[2026-03-21 20:02:02][PID=57532][TID=41980] MapViewOfFile => ptr=001E0000 err=183
[2026-03-21 20:02:02][PID=57532][TID=41980] get_shm success: shm_pid=57532
[2026-03-21 20:02:08][PID=57532][TID=41980] free_shm enter: ptr=001E0000 handle=00000314 shm_pid=57532
[2026-03-21 20:02:08][PID=57532][TID=41980] UnmapViewOfFile done
[2026-03-21 20:02:08][PID=57532][TID=41980] CloseHandle done
[2026-03-21 20:02:08][PID=57532][TID=41980] free_shm leave
[2026-03-21 20:08:18][PID=51984][TID=37316] get_shm enter: targetPid=8872 create=1
[2026-03-21 20:08:18][PID=51984][TID=37316] names: local=Local\{385FC524-96E3-4839-9909-1F2135D4F928} | global=Global\{385FC524-96E3-4839-9909-1F2135D4F928}
[2026-03-21 20:08:18][PID=51984][TID=37316] OpenFileMapping(local) => handle=00000000 err=2
[2026-03-21 20:08:18][PID=51984][TID=37316] OpenFileMapping(global) => handle=00000000 err=2
[2026-03-21 20:08:18][PID=51984][TID=37316] CreateFileMapping(local) => handle=00000B98 err=0
[2026-03-21 20:08:18][PID=51984][TID=37316] MapViewOfFile => ptr=05DA0000 err=183
[2026-03-21 20:08:18][PID=51984][TID=37316] get_shm success: shm_pid=8872
[2026-03-21 20:08:18][PID=8872][TID=57152] get_shm enter: targetPid=8872 create=0
[2026-03-21 20:08:18][PID=8872][TID=57152] names: local=Local\{385FC524-96E3-4839-9909-1F2135D4F928} | global=Global\{385FC524-96E3-4839-9909-1F2135D4F928}
[2026-03-21 20:08:18][PID=8872][TID=57152] OpenFileMapping(local) => handle=0000030C err=183
[2026-03-21 20:08:18][PID=8872][TID=57152] MapViewOfFile => ptr=001E0000 err=183
[2026-03-21 20:08:18][PID=8872][TID=57152] get_shm success: shm_pid=8872
[2026-03-21 20:08:23][PID=8872][TID=57152] free_shm enter: ptr=001E0000 handle=0000030C shm_pid=8872
[2026-03-21 20:08:23][PID=8872][TID=57152] UnmapViewOfFile done
[2026-03-21 20:08:23][PID=8872][TID=57152] CloseHandle done
[2026-03-21 20:08:23][PID=8872][TID=57152] free_shm leave
[2026-03-21 20:12:07][PID=54344][TID=57796] get_shm enter: targetPid=56844 create=1
[2026-03-21 20:12:07][PID=54344][TID=57796] names: local=Local\{385FC524-96E3-4839-9909-1F2135D4F928} | global=Global\{385FC524-96E3-4839-9909-1F2135D4F928}
[2026-03-21 20:12:07][PID=54344][TID=57796] OpenFileMapping(local) => handle=00000000 err=2
[2026-03-21 20:12:07][PID=54344][TID=57796] OpenFileMapping(global) => handle=00000000 err=2
[2026-03-21 20:12:07][PID=54344][TID=57796] CreateFileMapping(local) => handle=00000B14 err=0
[2026-03-21 20:12:07][PID=54344][TID=57796] MapViewOfFile => ptr=12170000 err=183
[2026-03-21 20:12:07][PID=54344][TID=57796] get_shm success: shm_pid=56844
[2026-03-21 20:12:07][PID=56844][TID=47744] get_shm enter: targetPid=56844 create=0
[2026-03-21 20:12:07][PID=56844][TID=47744] names: local=Local\{385FC524-96E3-4839-9909-1F2135D4F928} | global=Global\{385FC524-96E3-4839-9909-1F2135D4F928}
[2026-03-21 20:12:07][PID=56844][TID=47744] OpenFileMapping(local) => handle=0000030C err=183
[2026-03-21 20:12:07][PID=56844][TID=47744] MapViewOfFile => ptr=001E0000 err=183
[2026-03-21 20:12:07][PID=56844][TID=47744] get_shm success: shm_pid=56844
[2026-03-21 20:12:12][PID=56844][TID=47744] free_shm enter: ptr=001E0000 handle=0000030C shm_pid=56844
[2026-03-21 20:12:12][PID=56844][TID=47744] UnmapViewOfFile done
[2026-03-21 20:12:12][PID=56844][TID=47744] CloseHandle done
[2026-03-21 20:12:12][PID=56844][TID=47744] free_shm leave
[2026-03-21 20:15:20][PID=53636][TID=57456] get_shm enter: targetPid=43716 create=1
[2026-03-21 20:15:20][PID=53636][TID=57456] names: local=Local\{385FC524-96E3-4839-9909-1F2135D4F928} | global=Global\{385FC524-96E3-4839-9909-1F2135D4F928}
[2026-03-21 20:15:20][PID=53636][TID=57456] OpenFileMapping(local) => handle=00000000 err=2
[2026-03-21 20:15:20][PID=53636][TID=57456] OpenFileMapping(global) => handle=00000000 err=2
[2026-03-21 20:15:20][PID=53636][TID=57456] CreateFileMapping(local) => handle=00000B70 err=0
[2026-03-21 20:15:20][PID=53636][TID=57456] MapViewOfFile => ptr=06DB0000 err=183
[2026-03-21 20:15:20][PID=53636][TID=57456] get_shm success: shm_pid=43716
[2026-03-21 20:15:20][PID=43716][TID=57848] get_shm enter: targetPid=43716 create=0
[2026-03-21 20:15:20][PID=43716][TID=57848] names: local=Local\{385FC524-96E3-4839-9909-1F2135D4F928} | global=Global\{385FC524-96E3-4839-9909-1F2135D4F928}
[2026-03-21 20:15:20][PID=43716][TID=57848] OpenFileMapping(local) => handle=00000314 err=183
[2026-03-21 20:15:20][PID=43716][TID=57848] MapViewOfFile => ptr=001E0000 err=183
[2026-03-21 20:15:20][PID=43716][TID=57848] get_shm success: shm_pid=43716
[2026-03-21 20:15:25][PID=43716][TID=57848] free_shm enter: ptr=001E0000 handle=00000314 shm_pid=43716
[2026-03-21 20:15:25][PID=43716][TID=57848] UnmapViewOfFile done
[2026-03-21 20:15:25][PID=43716][TID=57848] CloseHandle done
[2026-03-21 20:15:25][PID=43716][TID=57848] free_shm leave
[2026-03-21 21:17:27][PID=44212][TID=29224] get_shm enter: targetPid=40256 create=1
[2026-03-21 21:17:27][PID=44212][TID=29224] names: local=Local\{385FC524-96E3-4839-9909-1F2135D4F928} | global=Global\{385FC524-96E3-4839-9909-1F2135D4F928}
[2026-03-21 21:17:27][PID=44212][TID=29224] OpenFileMapping(local) => handle=00000000 err=2
[2026-03-21 21:17:27][PID=44212][TID=29224] OpenFileMapping(global) => handle=00000000 err=2
[2026-03-21 21:17:27][PID=44212][TID=29224] CreateFileMapping(local) => handle=00000B6C err=0
[2026-03-21 21:17:27][PID=44212][TID=29224] MapViewOfFile => ptr=05AA0000 err=183
[2026-03-21 21:17:27][PID=44212][TID=29224] get_shm success: shm_pid=40256
[2026-03-21 21:17:27][PID=40256][TID=56448] get_shm enter: targetPid=40256 create=0
[2026-03-21 21:17:27][PID=40256][TID=56448] names: local=Local\{385FC524-96E3-4839-9909-1F2135D4F928} | global=Global\{385FC524-96E3-4839-9909-1F2135D4F928}
[2026-03-21 21:17:27][PID=40256][TID=56448] OpenFileMapping(local) => handle=00000314 err=183
[2026-03-21 21:17:27][PID=40256][TID=56448] MapViewOfFile => ptr=001E0000 err=183
[2026-03-21 21:17:27][PID=40256][TID=56448] get_shm success: shm_pid=40256
[2026-03-21 21:17:32][PID=40256][TID=56448] free_shm enter: ptr=001E0000 handle=00000314 shm_pid=40256
[2026-03-21 21:17:32][PID=40256][TID=56448] UnmapViewOfFile done
[2026-03-21 21:17:32][PID=40256][TID=56448] CloseHandle done
[2026-03-21 21:17:32][PID=40256][TID=56448] free_shm leave
[2026-03-21 22:18:57][PID=57704][TID=5824] get_shm enter: targetPid=56476 create=1
[2026-03-21 22:18:57][PID=57704][TID=5824] names: local=Local\{385FC524-96E3-4839-9909-1F2135D4F928} | global=Global\{385FC524-96E3-4839-9909-1F2135D4F928}
[2026-03-21 22:18:57][PID=57704][TID=5824] OpenFileMapping(local) => handle=00000000 err=2
[2026-03-21 22:18:57][PID=57704][TID=5824] OpenFileMapping(global) => handle=00000000 err=2
[2026-03-21 22:18:57][PID=57704][TID=5824] CreateFileMapping(local) => handle=00000B6C err=0
[2026-03-21 22:18:57][PID=57704][TID=5824] MapViewOfFile => ptr=066D0000 err=183
[2026-03-21 22:18:57][PID=57704][TID=5824] get_shm success: shm_pid=56476
[2026-03-21 22:18:57][PID=56476][TID=39800] get_shm enter: targetPid=56476 create=0
[2026-03-21 22:18:57][PID=56476][TID=39800] names: local=Local\{385FC524-96E3-4839-9909-1F2135D4F928} | global=Global\{385FC524-96E3-4839-9909-1F2135D4F928}
[2026-03-21 22:18:57][PID=56476][TID=39800] OpenFileMapping(local) => handle=00000314 err=183
[2026-03-21 22:18:57][PID=56476][TID=39800] MapViewOfFile => ptr=001E0000 err=183
[2026-03-21 22:18:57][PID=56476][TID=39800] get_shm success: shm_pid=56476
[2026-03-21 22:19:03][PID=56476][TID=39800] free_shm enter: ptr=001E0000 handle=00000314 shm_pid=56476
[2026-03-21 22:19:03][PID=56476][TID=39800] UnmapViewOfFile done
[2026-03-21 22:19:03][PID=56476][TID=39800] CloseHandle done
[2026-03-21 22:19:03][PID=56476][TID=39800] free_shm leave
[2026-03-22 12:38:36][PID=55156][TID=54136] get_shm enter: targetPid=15888 create=1
[2026-03-22 12:38:36][PID=55156][TID=54136] names: local=Local\{385FC524-96E3-4839-9909-1F2135D4F928} | global=Global\{385FC524-96E3-4839-9909-1F2135D4F928}
[2026-03-22 12:38:36][PID=55156][TID=54136] OpenFileMapping(local) => handle=00000000 err=2
[2026-03-22 12:38:36][PID=55156][TID=54136] OpenFileMapping(global) => handle=00000000 err=2
[2026-03-22 12:38:36][PID=55156][TID=54136] CreateFileMapping(local) => handle=00000790 err=0
[2026-03-22 12:38:36][PID=55156][TID=54136] MapViewOfFile => ptr=128F0000 err=183
[2026-03-22 12:38:36][PID=55156][TID=54136] get_shm success: shm_pid=15888
[2026-03-22 12:38:36][PID=15888][TID=26116] get_shm enter: targetPid=15888 create=0
[2026-03-22 12:38:36][PID=15888][TID=26116] names: local=Local\{385FC524-96E3-4839-9909-1F2135D4F928} | global=Global\{385FC524-96E3-4839-9909-1F2135D4F928}
[2026-03-22 12:38:36][PID=15888][TID=26116] OpenFileMapping(local) => handle=00000318 err=183
[2026-03-22 12:38:36][PID=15888][TID=26116] MapViewOfFile => ptr=001E0000 err=183
[2026-03-22 12:38:36][PID=15888][TID=26116] get_shm success: shm_pid=15888
[2026-03-22 12:38:42][PID=15888][TID=26116] free_shm enter: ptr=001E0000 handle=00000318 shm_pid=15888
[2026-03-22 12:38:42][PID=15888][TID=26116] UnmapViewOfFile done
[2026-03-22 12:38:42][PID=15888][TID=26116] CloseHandle done
[2026-03-22 12:38:42][PID=15888][TID=26116] free_shm leave
[2026-03-22 12:53:22][PID=49756][TID=24228] get_shm enter: targetPid=52068 create=1
[2026-03-22 12:53:22][PID=49756][TID=24228] names: local=Local\{385FC524-96E3-4839-9909-1F2135D4F928} | global=Global\{385FC524-96E3-4839-9909-1F2135D4F928}
[2026-03-22 12:53:22][PID=49756][TID=24228] OpenFileMapping(local) => handle=00000000 err=2
[2026-03-22 12:53:22][PID=49756][TID=24228] OpenFileMapping(global) => handle=00000000 err=2
[2026-03-22 12:53:22][PID=49756][TID=24228] CreateFileMapping(local) => handle=00000B74 err=0
[2026-03-22 12:53:22][PID=49756][TID=24228] MapViewOfFile => ptr=06E80000 err=183
[2026-03-22 12:53:22][PID=49756][TID=24228] get_shm success: shm_pid=52068
[2026-03-22 12:53:22][PID=52068][TID=8508] get_shm enter: targetPid=52068 create=0
[2026-03-22 12:53:22][PID=52068][TID=8508] names: local=Local\{385FC524-96E3-4839-9909-1F2135D4F928} | global=Global\{385FC524-96E3-4839-9909-1F2135D4F928}
[2026-03-22 12:53:22][PID=52068][TID=8508] OpenFileMapping(local) => handle=0000030C err=183
[2026-03-22 12:53:22][PID=52068][TID=8508] MapViewOfFile => ptr=001E0000 err=183
[2026-03-22 12:53:22][PID=52068][TID=8508] get_shm success: shm_pid=52068
[2026-03-22 12:53:27][PID=52068][TID=8508] free_shm enter: ptr=001E0000 handle=0000030C shm_pid=52068
[2026-03-22 12:53:27][PID=52068][TID=8508] UnmapViewOfFile done
[2026-03-22 12:53:27][PID=52068][TID=8508] CloseHandle done
[2026-03-22 12:53:27][PID=52068][TID=8508] free_shm leave
[2026-03-22 13:22:48][PID=14960][TID=12444] get_shm enter: targetPid=42664 create=1
[2026-03-22 13:22:48][PID=14960][TID=12444] names: local=Local\{385FC524-96E3-4839-9909-1F2135D4F928} | global=Global\{385FC524-96E3-4839-9909-1F2135D4F928}
[2026-03-22 13:22:48][PID=14960][TID=12444] OpenFileMapping(local) => handle=00000000 err=2
[2026-03-22 13:22:48][PID=14960][TID=12444] OpenFileMapping(global) => handle=00000000 err=2
[2026-03-22 13:22:48][PID=14960][TID=12444] CreateFileMapping(local) => handle=00000B84 err=0
[2026-03-22 13:22:48][PID=14960][TID=12444] MapViewOfFile => ptr=06000000 err=183
[2026-03-22 13:22:48][PID=14960][TID=12444] get_shm success: shm_pid=42664
[2026-03-22 13:22:48][PID=42664][TID=49104] get_shm enter: targetPid=42664 create=0
[2026-03-22 13:22:48][PID=42664][TID=49104] names: local=Local\{385FC524-96E3-4839-9909-1F2135D4F928} | global=Global\{385FC524-96E3-4839-9909-1F2135D4F928}
[2026-03-22 13:22:48][PID=42664][TID=49104] OpenFileMapping(local) => handle=00000320 err=183
[2026-03-22 13:22:48][PID=42664][TID=49104] MapViewOfFile => ptr=001E0000 err=183
[2026-03-22 13:22:48][PID=42664][TID=49104] get_shm success: shm_pid=42664
[2026-03-22 13:22:53][PID=42664][TID=49104] free_shm enter: ptr=001E0000 handle=00000320 shm_pid=42664
[2026-03-22 13:22:53][PID=42664][TID=49104] UnmapViewOfFile done
[2026-03-22 13:22:53][PID=42664][TID=49104] CloseHandle done
[2026-03-22 13:22:53][PID=42664][TID=49104] free_shm leave
[2026-03-22 13:27:28][PID=54280][TID=36968] get_shm enter: targetPid=52896 create=1
[2026-03-22 13:27:28][PID=54280][TID=36968] names: local=Local\{385FC524-96E3-4839-9909-1F2135D4F928} | global=Global\{385FC524-96E3-4839-9909-1F2135D4F928}
[2026-03-22 13:27:28][PID=54280][TID=36968] OpenFileMapping(local) => handle=00000000 err=2
[2026-03-22 13:27:28][PID=54280][TID=36968] OpenFileMapping(global) => handle=00000000 err=2
[2026-03-22 13:27:28][PID=54280][TID=36968] CreateFileMapping(local) => handle=000008DC err=0
[2026-03-22 13:27:28][PID=54280][TID=36968] MapViewOfFile => ptr=0F5D0000 err=183
[2026-03-22 13:27:28][PID=54280][TID=36968] get_shm success: shm_pid=52896
[2026-03-22 13:27:28][PID=52896][TID=54772] get_shm enter: targetPid=52896 create=0
[2026-03-22 13:27:28][PID=52896][TID=54772] names: local=Local\{385FC524-96E3-4839-9909-1F2135D4F928} | global=Global\{385FC524-96E3-4839-9909-1F2135D4F928}
[2026-03-22 13:27:28][PID=52896][TID=54772] OpenFileMapping(local) => handle=00000314 err=183
[2026-03-22 13:27:28][PID=52896][TID=54772] MapViewOfFile => ptr=001E0000 err=183
[2026-03-22 13:27:28][PID=52896][TID=54772] get_shm success: shm_pid=52896
[2026-03-22 13:27:34][PID=52896][TID=54772] free_shm enter: ptr=001E0000 handle=00000314 shm_pid=52896
[2026-03-22 13:27:34][PID=52896][TID=54772] UnmapViewOfFile done
[2026-03-22 13:27:34][PID=52896][TID=54772] CloseHandle done
[2026-03-22 13:27:34][PID=52896][TID=54772] free_shm leave
[2026-03-22 13:35:41][PID=55288][TID=58076] get_shm enter: targetPid=40888 create=1
[2026-03-22 13:35:41][PID=55288][TID=58076] names: local=Local\{385FC524-96E3-4839-9909-1F2135D4F928} | global=Global\{385FC524-96E3-4839-9909-1F2135D4F928}
[2026-03-22 13:35:41][PID=55288][TID=58076] OpenFileMapping(local) => handle=00000000 err=2
[2026-03-22 13:35:41][PID=55288][TID=58076] OpenFileMapping(global) => handle=00000000 err=2
[2026-03-22 13:35:41][PID=55288][TID=58076] CreateFileMapping(local) => handle=00000BB0 err=0
[2026-03-22 13:35:41][PID=55288][TID=58076] MapViewOfFile => ptr=064D0000 err=183
[2026-03-22 13:35:41][PID=55288][TID=58076] get_shm success: shm_pid=40888
[2026-03-22 13:35:41][PID=40888][TID=58004] get_shm enter: targetPid=40888 create=0
[2026-03-22 13:35:41][PID=40888][TID=58004] names: local=Local\{385FC524-96E3-4839-9909-1F2135D4F928} | global=Global\{385FC524-96E3-4839-9909-1F2135D4F928}
[2026-03-22 13:35:41][PID=40888][TID=58004] OpenFileMapping(local) => handle=00000118 err=183
[2026-03-22 13:35:41][PID=40888][TID=58004] MapViewOfFile => ptr=001E0000 err=183
[2026-03-22 13:35:41][PID=40888][TID=58004] get_shm success: shm_pid=40888
[2026-03-22 13:35:46][PID=40888][TID=58004] free_shm enter: ptr=001E0000 handle=00000118 shm_pid=40888
[2026-03-22 13:35:46][PID=40888][TID=58004] UnmapViewOfFile done
[2026-03-22 13:35:46][PID=40888][TID=58004] CloseHandle done
[2026-03-22 13:35:46][PID=40888][TID=58004] free_shm leave
[2026-03-25 19:49:53][PID=24668][TID=2068] get_shm enter: targetPid=24668 create=1
[2026-03-25 19:49:53][PID=24668][TID=2068] names: local=Local\{385FC524-96E3-4839-9909-1F2135D4F928} | global=Global\{385FC524-96E3-4839-9909-1F2135D4F928}
[2026-03-25 19:49:53][PID=24668][TID=2068] OpenFileMapping(local) => handle=00000000 err=2
[2026-03-25 19:49:53][PID=24668][TID=2068] OpenFileMapping(global) => handle=00000000 err=2
[2026-03-25 19:49:53][PID=24668][TID=2068] CreateFileMapping(local) => handle=00000808 err=0
[2026-03-25 19:49:53][PID=24668][TID=2068] MapViewOfFile => ptr=050D0000 err=183
[2026-03-25 19:49:53][PID=24668][TID=2068] get_shm success: shm_pid=24668
[2026-03-25 19:49:53][PID=19620][TID=21132] get_shm enter: targetPid=19620 create=0
[2026-03-25 19:49:53][PID=19620][TID=21132] names: local=Local\{385FC524-96E3-4839-9909-1F2135D4F928} | global=Global\{385FC524-96E3-4839-9909-1F2135D4F928}
[2026-03-25 19:49:53][PID=19620][TID=21132] OpenFileMapping(local) => handle=000002A0 err=183
[2026-03-25 19:49:53][PID=19620][TID=21132] MapViewOfFile => ptr=001E0000 err=183
[2026-03-25 19:49:53][PID=19620][TID=21132] get_shm success: shm_pid=19620
[2026-03-25 19:49:53][PID=19620][TID=21132] free_shm enter: ptr=001E0000 handle=000002A0 shm_pid=19620
[2026-03-25 19:49:53][PID=19620][TID=21132] UnmapViewOfFile done
[2026-03-25 19:49:53][PID=19620][TID=21132] CloseHandle done
[2026-03-25 19:49:53][PID=19620][TID=21132] free_shm leave
[2026-03-25 19:50:06][PID=24668][TID=2068] get_shm enter: targetPid=24668 create=1
[2026-03-25 19:50:06][PID=24668][TID=2068] reuse existing mapping: shm_pid=24668
[2026-03-25 19:50:06][PID=27912][TID=32304] get_shm enter: targetPid=27912 create=0
[2026-03-25 19:50:06][PID=27912][TID=32304] names: local=Local\{385FC524-96E3-4839-9909-1F2135D4F928} | global=Global\{385FC524-96E3-4839-9909-1F2135D4F928}
[2026-03-25 19:50:06][PID=27912][TID=32304] OpenFileMapping(local) => handle=000002A8 err=183
[2026-03-25 19:50:06][PID=27912][TID=32304] MapViewOfFile => ptr=001E0000 err=183
[2026-03-25 19:50:06][PID=27912][TID=32304] get_shm success: shm_pid=27912
[2026-03-25 19:50:06][PID=27912][TID=32304] free_shm enter: ptr=001E0000 handle=000002A8 shm_pid=27912
[2026-03-25 19:50:06][PID=27912][TID=32304] UnmapViewOfFile done
[2026-03-25 19:50:06][PID=27912][TID=32304] CloseHandle done
[2026-03-25 19:50:06][PID=27912][TID=32304] free_shm leave
[2026-03-25 19:58:28][PID=32304][TID=22764] get_shm enter: targetPid=32304 create=1
[2026-03-25 19:58:28][PID=32304][TID=22764] names: local=Local\{385FC524-96E3-4839-9909-1F2135D4F928} | global=Global\{385FC524-96E3-4839-9909-1F2135D4F928}
[2026-03-25 19:58:28][PID=32304][TID=22764] OpenFileMapping(local) => handle=00000000 err=2
[2026-03-25 19:58:28][PID=32304][TID=22764] OpenFileMapping(global) => handle=00000000 err=2
[2026-03-25 19:58:28][PID=32304][TID=22764] CreateFileMapping(local) => handle=000007B0 err=0
[2026-03-25 19:58:28][PID=32304][TID=22764] MapViewOfFile => ptr=051A0000 err=183
[2026-03-25 19:58:28][PID=32304][TID=22764] get_shm success: shm_pid=32304
[2026-03-25 19:58:28][PID=37636][TID=37680] get_shm enter: targetPid=37636 create=0
[2026-03-25 19:58:28][PID=37636][TID=37680] names: local=Local\{385FC524-96E3-4839-9909-1F2135D4F928} | global=Global\{385FC524-96E3-4839-9909-1F2135D4F928}
[2026-03-25 19:58:28][PID=37636][TID=37680] OpenFileMapping(local) => handle=00000298 err=183
[2026-03-25 19:58:28][PID=37636][TID=37680] MapViewOfFile => ptr=001E0000 err=183
[2026-03-25 19:58:28][PID=37636][TID=37680] get_shm success: shm_pid=37636
[2026-03-25 19:58:28][PID=37636][TID=37680] free_shm enter: ptr=001E0000 handle=00000298 shm_pid=37636
[2026-03-25 19:58:28][PID=37636][TID=37680] UnmapViewOfFile done
[2026-03-25 19:58:28][PID=37636][TID=37680] CloseHandle done
[2026-03-25 19:58:28][PID=37636][TID=37680] free_shm leave
[2026-03-25 19:59:01][PID=8668][TID=4040] get_shm enter: targetPid=8668 create=1
[2026-03-25 19:59:01][PID=8668][TID=4040] names: local=Local\{385FC524-96E3-4839-9909-1F2135D4F928} | global=Global\{385FC524-96E3-4839-9909-1F2135D4F928}
[2026-03-25 19:59:01][PID=8668][TID=4040] OpenFileMapping(local) => handle=00000000 err=2
[2026-03-25 19:59:01][PID=8668][TID=4040] OpenFileMapping(global) => handle=00000000 err=2
[2026-03-25 19:59:01][PID=8668][TID=4040] CreateFileMapping(local) => handle=000007A4 err=0
[2026-03-25 19:59:01][PID=8668][TID=4040] MapViewOfFile => ptr=05260000 err=183
[2026-03-25 19:59:01][PID=8668][TID=4040] get_shm success: shm_pid=8668
[2026-03-25 19:59:01][PID=36908][TID=35124] get_shm enter: targetPid=36908 create=0
[2026-03-25 19:59:01][PID=36908][TID=35124] names: local=Local\{385FC524-96E3-4839-9909-1F2135D4F928} | global=Global\{385FC524-96E3-4839-9909-1F2135D4F928}
[2026-03-25 19:59:01][PID=36908][TID=35124] OpenFileMapping(local) => handle=00000148 err=183
[2026-03-25 19:59:01][PID=36908][TID=35124] MapViewOfFile => ptr=001E0000 err=183
[2026-03-25 19:59:01][PID=36908][TID=35124] get_shm success: shm_pid=36908
[2026-03-25 19:59:01][PID=36908][TID=35124] free_shm enter: ptr=001E0000 handle=00000148 shm_pid=36908
[2026-03-25 19:59:01][PID=36908][TID=35124] UnmapViewOfFile done
[2026-03-25 19:59:01][PID=36908][TID=35124] CloseHandle done
[2026-03-25 19:59:01][PID=36908][TID=35124] free_shm leave
[2026-03-25 21:37:00][PID=31448][TID=35104] get_shm enter: targetPid=14648 create=1
[2026-03-25 21:37:00][PID=31448][TID=35104] names: local=Local\{385FC524-96E3-4839-9909-1F2135D4F928} | global=Global\{385FC524-96E3-4839-9909-1F2135D4F928}
[2026-03-25 21:37:00][PID=31448][TID=35104] OpenFileMapping(local) => handle=00000000 err=2
[2026-03-25 21:37:00][PID=31448][TID=35104] OpenFileMapping(global) => handle=00000000 err=2
[2026-03-25 21:37:00][PID=31448][TID=35104] CreateFileMapping(local) => handle=000007EC err=0
[2026-03-25 21:37:00][PID=31448][TID=35104] MapViewOfFile => ptr=07360000 err=183
[2026-03-25 21:37:00][PID=31448][TID=35104] get_shm success: shm_pid=14648
[2026-03-25 21:37:01][PID=14648][TID=30972] get_shm enter: targetPid=14648 create=0
[2026-03-25 21:37:01][PID=14648][TID=30972] names: local=Local\{385FC524-96E3-4839-9909-1F2135D4F928} | global=Global\{385FC524-96E3-4839-9909-1F2135D4F928}
[2026-03-25 21:37:01][PID=14648][TID=30972] OpenFileMapping(local) => handle=000000F4 err=183
[2026-03-25 21:37:01][PID=14648][TID=30972] MapViewOfFile => ptr=01550000 err=183
[2026-03-25 21:37:01][PID=14648][TID=30972] get_shm success: shm_pid=14648
[2026-03-25 21:37:01][PID=14648][TID=30972] free_shm enter: ptr=01550000 handle=000000F4 shm_pid=14648
[2026-03-25 21:37:01][PID=14648][TID=30972] UnmapViewOfFile done
[2026-03-25 21:37:01][PID=14648][TID=30972] CloseHandle done
[2026-03-25 21:37:01][PID=14648][TID=30972] free_shm leave
[2026-03-25 21:37:01][PID=31448][TID=35104] free_shm enter: ptr=07360000 handle=000007EC shm_pid=14648
[2026-03-25 21:37:01][PID=31448][TID=35104] UnmapViewOfFile done
[2026-03-25 21:37:01][PID=31448][TID=35104] CloseHandle done
[2026-03-25 21:37:01][PID=31448][TID=35104] free_shm leave
[2026-03-25 23:01:52][PID=35148][TID=17632] get_shm enter: targetPid=35148 create=1
[2026-03-25 23:01:52][PID=35148][TID=17632] names: local=Local\{385FC524-96E3-4839-9909-1F2135D4F928} | global=Global\{385FC524-96E3-4839-9909-1F2135D4F928}
[2026-03-25 23:01:52][PID=35148][TID=17632] OpenFileMapping(local) => handle=00000000 err=2
[2026-03-25 23:01:52][PID=35148][TID=17632] OpenFileMapping(global) => handle=00000000 err=2
[2026-03-25 23:01:52][PID=35148][TID=17632] CreateFileMapping(local) => handle=00000824 err=0
[2026-03-25 23:01:52][PID=35148][TID=17632] MapViewOfFile => ptr=054E0000 err=183
[2026-03-25 23:01:52][PID=35148][TID=17632] get_shm success: shm_pid=35148
[2026-03-25 23:01:52][PID=34788][TID=37740] get_shm enter: targetPid=34788 create=0
[2026-03-25 23:01:52][PID=34788][TID=37740] names: local=Local\{385FC524-96E3-4839-9909-1F2135D4F928} | global=Global\{385FC524-96E3-4839-9909-1F2135D4F928}
[2026-03-25 23:01:52][PID=34788][TID=37740] OpenFileMapping(local) => handle=00000310 err=183
[2026-03-25 23:01:52][PID=34788][TID=37740] MapViewOfFile => ptr=01280000 err=183
[2026-03-25 23:01:52][PID=34788][TID=37740] get_shm success: shm_pid=34788
[2026-03-25 23:01:52][PID=34788][TID=37740] free_shm enter: ptr=01280000 handle=00000310 shm_pid=34788
[2026-03-25 23:01:52][PID=34788][TID=37740] UnmapViewOfFile done
[2026-03-25 23:01:52][PID=34788][TID=37740] CloseHandle done
[2026-03-25 23:01:52][PID=34788][TID=37740] free_shm leave
[2026-03-25 23:02:00][PID=35148][TID=17632] free_shm enter: ptr=054E0000 handle=00000824 shm_pid=35148
[2026-03-25 23:02:00][PID=35148][TID=17632] UnmapViewOfFile done
[2026-03-25 23:02:00][PID=35148][TID=17632] CloseHandle done
[2026-03-25 23:02:00][PID=35148][TID=17632] free_shm leave
[2026-03-25 23:02:12][PID=35148][TID=17632] get_shm enter: targetPid=35148 create=1
[2026-03-25 23:02:12][PID=35148][TID=17632] names: local=Local\{385FC524-96E3-4839-9909-1F2135D4F928} | global=Global\{385FC524-96E3-4839-9909-1F2135D4F928}
[2026-03-25 23:02:12][PID=35148][TID=17632] OpenFileMapping(local) => handle=00000000 err=2
[2026-03-25 23:02:12][PID=35148][TID=17632] OpenFileMapping(global) => handle=00000000 err=2
[2026-03-25 23:02:12][PID=35148][TID=17632] CreateFileMapping(local) => handle=0000086C err=0
[2026-03-25 23:02:12][PID=35148][TID=17632] MapViewOfFile => ptr=054E0000 err=183
[2026-03-25 23:02:12][PID=35148][TID=17632] get_shm success: shm_pid=35148
[2026-03-25 23:02:12][PID=24696][TID=8596] get_shm enter: targetPid=24696 create=0
[2026-03-25 23:02:12][PID=24696][TID=8596] names: local=Local\{385FC524-96E3-4839-9909-1F2135D4F928} | global=Global\{385FC524-96E3-4839-9909-1F2135D4F928}
[2026-03-25 23:02:12][PID=24696][TID=8596] OpenFileMapping(local) => handle=000002DC err=183
[2026-03-25 23:02:12][PID=24696][TID=8596] MapViewOfFile => ptr=01520000 err=183
[2026-03-25 23:02:12][PID=24696][TID=8596] get_shm success: shm_pid=24696
[2026-03-25 23:02:12][PID=24696][TID=8596] free_shm enter: ptr=01520000 handle=000002DC shm_pid=24696
[2026-03-25 23:02:12][PID=24696][TID=8596] UnmapViewOfFile done
[2026-03-25 23:02:12][PID=24696][TID=8596] CloseHandle done
[2026-03-25 23:02:12][PID=24696][TID=8596] free_shm leave
[2026-03-25 23:02:20][PID=35148][TID=17632] free_shm enter: ptr=054E0000 handle=0000086C shm_pid=35148
[2026-03-25 23:02:20][PID=35148][TID=17632] UnmapViewOfFile done
[2026-03-25 23:02:20][PID=35148][TID=17632] CloseHandle done
[2026-03-25 23:02:20][PID=35148][TID=17632] free_shm leave
[2026-03-25 23:07:11][PID=35148][TID=17632] get_shm enter: targetPid=35148 create=1
[2026-03-25 23:07:11][PID=35148][TID=17632] names: local=Local\{385FC524-96E3-4839-9909-1F2135D4F928} | global=Global\{385FC524-96E3-4839-9909-1F2135D4F928}
[2026-03-25 23:07:11][PID=35148][TID=17632] OpenFileMapping(local) => handle=00000000 err=2
[2026-03-25 23:07:11][PID=35148][TID=17632] OpenFileMapping(global) => handle=00000000 err=2
[2026-03-25 23:07:11][PID=35148][TID=17632] CreateFileMapping(local) => handle=000008B4 err=0
[2026-03-25 23:07:11][PID=35148][TID=17632] MapViewOfFile => ptr=02FB0000 err=183
[2026-03-25 23:07:11][PID=35148][TID=17632] get_shm success: shm_pid=35148
[2026-03-25 23:07:11][PID=32812][TID=20192] get_shm enter: targetPid=32812 create=0
[2026-03-25 23:07:11][PID=32812][TID=20192] names: local=Local\{385FC524-96E3-4839-9909-1F2135D4F928} | global=Global\{385FC524-96E3-4839-9909-1F2135D4F928}
[2026-03-25 23:07:11][PID=32812][TID=20192] OpenFileMapping(local) => handle=000000F0 err=183
[2026-03-25 23:07:11][PID=32812][TID=20192] MapViewOfFile => ptr=01510000 err=183
[2026-03-25 23:07:11][PID=32812][TID=20192] get_shm success: shm_pid=32812
[2026-03-25 23:07:11][PID=32812][TID=20192] free_shm enter: ptr=01510000 handle=000000F0 shm_pid=32812
[2026-03-25 23:07:11][PID=32812][TID=20192] UnmapViewOfFile done
[2026-03-25 23:07:11][PID=32812][TID=20192] CloseHandle done
[2026-03-25 23:07:11][PID=32812][TID=20192] free_shm leave
[2026-03-25 23:07:19][PID=35148][TID=17632] free_shm enter: ptr=02FB0000 handle=000008B4 shm_pid=35148
[2026-03-25 23:07:19][PID=35148][TID=17632] UnmapViewOfFile done
[2026-03-25 23:07:19][PID=35148][TID=17632] CloseHandle done
[2026-03-25 23:07:19][PID=35148][TID=17632] free_shm leave
[2026-03-25 23:10:32][PID=35148][TID=17632] get_shm enter: targetPid=35148 create=1
[2026-03-25 23:10:32][PID=35148][TID=17632] names: local=Local\{385FC524-96E3-4839-9909-1F2135D4F928} | global=Global\{385FC524-96E3-4839-9909-1F2135D4F928}
[2026-03-25 23:10:32][PID=35148][TID=17632] OpenFileMapping(local) => handle=00000000 err=2
[2026-03-25 23:10:32][PID=35148][TID=17632] OpenFileMapping(global) => handle=00000000 err=2
[2026-03-25 23:10:32][PID=35148][TID=17632] CreateFileMapping(local) => handle=000008F0 err=0
[2026-03-25 23:10:32][PID=35148][TID=17632] MapViewOfFile => ptr=02B60000 err=183
[2026-03-25 23:10:32][PID=35148][TID=17632] get_shm success: shm_pid=35148
[2026-03-25 23:10:32][PID=35328][TID=34208] get_shm enter: targetPid=35328 create=0
[2026-03-25 23:10:32][PID=35328][TID=34208] names: local=Local\{385FC524-96E3-4839-9909-1F2135D4F928} | global=Global\{385FC524-96E3-4839-9909-1F2135D4F928}
[2026-03-25 23:10:32][PID=35328][TID=34208] OpenFileMapping(local) => handle=000002FC err=183
[2026-03-25 23:10:32][PID=35328][TID=34208] MapViewOfFile => ptr=01550000 err=183
[2026-03-25 23:10:32][PID=35328][TID=34208] get_shm success: shm_pid=35328
[2026-03-25 23:10:32][PID=35328][TID=34208] free_shm enter: ptr=01550000 handle=000002FC shm_pid=35328
[2026-03-25 23:10:32][PID=35328][TID=34208] UnmapViewOfFile done
[2026-03-25 23:10:32][PID=35328][TID=34208] CloseHandle done
[2026-03-25 23:10:32][PID=35328][TID=34208] free_shm leave
[2026-03-25 23:10:40][PID=35148][TID=17632] free_shm enter: ptr=02B60000 handle=000008F0 shm_pid=35148
[2026-03-25 23:10:40][PID=35148][TID=17632] UnmapViewOfFile done
[2026-03-25 23:10:40][PID=35148][TID=17632] CloseHandle done
[2026-03-25 23:10:40][PID=35148][TID=17632] free_shm leave
[2026-03-25 23:25:29][PID=36728][TID=18172] get_shm enter: targetPid=36728 create=1
[2026-03-25 23:25:29][PID=36728][TID=18172] names: local=Local\{385FC524-96E3-4839-9909-1F2135D4F928} | global=Global\{385FC524-96E3-4839-9909-1F2135D4F928}
[2026-03-25 23:25:29][PID=36728][TID=18172] OpenFileMapping(local) => handle=00000000 err=2
[2026-03-25 23:25:29][PID=36728][TID=18172] OpenFileMapping(global) => handle=00000000 err=2
[2026-03-25 23:25:29][PID=36728][TID=18172] CreateFileMapping(local) => handle=00000880 err=0
[2026-03-25 23:25:29][PID=36728][TID=18172] MapViewOfFile => ptr=05A40000 err=183
[2026-03-25 23:25:29][PID=36728][TID=18172] get_shm success: shm_pid=36728
[2026-03-25 23:25:30][PID=22848][TID=22700] get_shm enter: targetPid=22848 create=0
[2026-03-25 23:25:30][PID=22848][TID=22700] names: local=Local\{385FC524-96E3-4839-9909-1F2135D4F928} | global=Global\{385FC524-96E3-4839-9909-1F2135D4F928}
[2026-03-25 23:25:30][PID=22848][TID=22700] OpenFileMapping(local) => handle=000002F8 err=183
[2026-03-25 23:25:30][PID=22848][TID=22700] MapViewOfFile => ptr=01860000 err=183
[2026-03-25 23:25:30][PID=22848][TID=22700] get_shm success: shm_pid=22848
[2026-03-25 23:25:30][PID=22848][TID=22700] free_shm enter: ptr=01860000 handle=000002F8 shm_pid=22848
[2026-03-25 23:25:30][PID=22848][TID=22700] UnmapViewOfFile done
[2026-03-25 23:25:30][PID=22848][TID=22700] CloseHandle done
[2026-03-25 23:25:30][PID=22848][TID=22700] free_shm leave
[2026-03-25 23:25:38][PID=36728][TID=18172] free_shm enter: ptr=05A40000 handle=00000880 shm_pid=36728
[2026-03-25 23:25:38][PID=36728][TID=18172] UnmapViewOfFile done
[2026-03-25 23:25:38][PID=36728][TID=18172] CloseHandle done
[2026-03-25 23:25:38][PID=36728][TID=18172] free_shm leave
